datetime,symbol,open,high,low,close,volume,bullish_fvg,bearish_fvg,buy_side_sweep,sell_side_sweep,bullish_mss,bearish_mss
2026-05-04 06:00:00,OANDA:XAUUSD,4625.35,4625.705,4625.34,4625.705,27.0,False,False,False,False,False,False
2026-05-04 06:05:00,OANDA:XAUUSD,4625.71,4627.06,4621.1,4621.9,1417.0,False,True,False,False,False,True
2026-05-04 06:10:00,OANDA:XAUUSD,4621.94,4624.065,4619.255,4623.36,1655.0,False,False,False,False,False,False
2026-05-04 06:15:00,OANDA:XAUUSD,4623.295,4623.295,4617.54,4622.035,1319.0,False,False,False,False,False,False
2026-05-04 06:20:00,OANDA:XAUUSD,4621.67,4621.685,4612.66,4617.36,1527.0,False,False,False,False,False,True
2026-05-04 06:25:00,OANDA:XAUUSD,4617.35,4622.995,4616.995,4620.925,1427.0,False,False,False,False,False,False
2026-05-04 06:30:00,OANDA:XAUUSD,4620.91,4624.03,4620.13,4623.65,1224.0,False,False,False,False,True,False
2026-05-04 06:35:00,OANDA:XAUUSD,4623.6,4627.23,4622.875,4625.615,871.0,True,False,True,False,True,False
2026-05-04 06:40:00,OANDA:XAUUSD,4625.675,4629.465,4625.675,4628.225,867.0,False,False,True,False,True,False
2026-05-04 06:45:00,OANDA:XAUUSD,4628.21,4629.245,4625.88,4626.345,972.0,False,False,False,False,False,False
2026-05-04 06:50:00,OANDA:XAUUSD,4626.42,4627.5,4619.77,4619.88,1480.0,False,True,False,False,False,True
2026-05-04 06:55:00,OANDA:XAUUSD,4619.91,4621.63,4618.4,4619.0,1212.0,False,False,False,True,False,True
2026-05-04 07:00:00,OANDA:XAUUSD,4618.985,4621.0,4615.32,4619.36,1633.0,False,False,False,True,False,False
2026-05-04 07:05:00,OANDA:XAUUSD,4619.42,4620.025,4613.295,4615.535,1169.0,False,False,False,True,False,False
2026-05-04 07:10:00,OANDA:XAUUSD,4615.43,4616.02,4611.405,4615.18,1319.0,False,False,False,True,False,False
2026-05-04 07:15:00,OANDA:XAUUSD,4615.185,4617.255,4613.3,4616.585,1247.0,False,False,False,False,True,False
2026-05-04 07:20:00,OANDA:XAUUSD,4616.47,4616.47,4614.24,4616.085,1252.0,False,False,False,False,False,False
2026-05-04 07:25:00,OANDA:XAUUSD,4616.095,4617.63,4615.07,4617.205,1080.0,False,False,False,False,True,False
2026-05-04 07:30:00,OANDA:XAUUSD,4617.185,4618.51,4615.415,4617.605,1152.0,False,False,False,False,False,False
2026-05-04 07:35:00,OANDA:XAUUSD,4617.61,4618.55,4614.775,4614.865,1345.0,False,True,True,False,False,True
2026-05-04 07:40:00,OANDA:XAUUSD,4614.875,4615.135,4613.065,4613.915,1618.0,False,False,False,True,False,True
2026-05-04 07:45:00,OANDA:XAUUSD,4613.885,4616.56,4611.805,4614.61,2269.0,False,False,False,True,False,False
2026-05-04 07:50:00,OANDA:XAUUSD,4614.605,4616.82,4613.45,4616.26,1454.0,False,False,False,False,False,False
2026-05-04 07:55:00,OANDA:XAUUSD,4616.265,4617.075,4612.245,4613.965,1381.0,False,False,False,False,False,False
2026-05-04 08:00:00,OANDA:XAUUSD,4613.96,4613.97,4604.705,4608.76,4367.0,False,False,False,True,False,True
2026-05-04 08:05:00,OANDA:XAUUSD,4608.775,4616.685,4607.19,4615.595,3905.0,False,False,False,False,True,False
2026-05-04 08:10:00,OANDA:XAUUSD,4615.705,4616.195,4610.135,4612.2,3006.0,False,False,False,False,False,False
2026-05-04 08:15:00,OANDA:XAUUSD,4612.21,4614.77,4605.03,4607.82,3744.0,False,True,False,False,False,True
2026-05-04 08:20:00,OANDA:XAUUSD,4608.075,4609.81,4602.24,4604.645,3673.0,False,False,False,True,False,True
2026-05-04 08:25:00,OANDA:XAUUSD,4604.635,4606.81,4601.825,4606.11,3027.0,False,False,False,True,False,False
2026-05-04 08:30:00,OANDA:XAUUSD,4606.13,4610.145,4605.13,4608.45,2593.0,False,False,False,False,True,False
2026-05-04 08:35:00,OANDA:XAUUSD,4608.49,4610.11,4605.39,4606.68,2083.0,False,False,False,False,False,False
2026-05-04 08:40:00,OANDA:XAUUSD,4606.655,4609.01,4605.865,4605.87,1340.0,False,False,False,False,False,False
2026-05-04 08:45:00,OANDA:XAUUSD,4606.045,4610.455,4604.935,4609.58,1693.0,False,False,True,False,True,False
2026-05-04 08:50:00,OANDA:XAUUSD,4609.635,4610.0,4606.99,4609.635,1608.0,False,False,False,False,False,False
2026-05-04 08:55:00,OANDA:XAUUSD,4609.77,4613.585,4609.4,4613.17,1678.0,False,False,True,False,True,False
2026-05-04 09:00:00,OANDA:XAUUSD,4613.125,4614.165,4600.62,4601.315,3390.0,False,True,True,True,False,True
2026-05-04 09:05:00,OANDA:XAUUSD,4601.34,4603.62,4597.995,4599.08,3689.0,False,False,False,True,False,True
2026-05-04 09:10:00,OANDA:XAUUSD,4599.055,4601.875,4596.18,4600.685,2641.0,False,False,False,True,False,False
2026-05-04 09:15:00,OANDA:XAUUSD,4600.73,4604.635,4598.72,4599.235,3287.0,False,False,False,False,False,False
2026-05-04 09:20:00,OANDA:XAUUSD,4599.33,4600.315,4597.33,4598.13,2308.0,False,True,False,False,False,True
2026-05-04 09:25:00,OANDA:XAUUSD,4598.12,4598.54,4594.27,4594.91,1683.0,False,False,False,True,False,True
2026-05-04 09:30:00,OANDA:XAUUSD,4594.905,4599.68,4592.965,4599.335,2489.0,False,False,False,True,True,False
2026-05-04 09:35:00,OANDA:XAUUSD,4599.315,4600.55,4598.3,4600.35,1382.0,False,False,False,False,True,False
2026-05-04 09:40:00,OANDA:XAUUSD,4600.41,4601.785,4599.2,4601.62,1377.0,True,False,False,False,True,False
2026-05-04 09:45:00,OANDA:XAUUSD,4601.595,4603.64,4601.065,4601.37,1546.0,False,False,True,False,False,False
2026-05-04 09:50:00,OANDA:XAUUSD,4601.43,4606.82,4601.21,4606.29,1267.0,True,False,True,False,True,False
2026-05-04 09:55:00,OANDA:XAUUSD,4606.23,4613.965,4605.855,4613.255,1659.0,True,False,True,False,True,False
2026-05-04 10:00:00,OANDA:XAUUSD,4613.26,4618.825,4612.255,4613.28,3155.0,False,False,True,False,False,False
2026-05-04 10:05:00,OANDA:XAUUSD,4613.235,4613.535,4607.585,4608.82,2233.0,False,True,False,False,False,True
2026-05-04 10:10:00,OANDA:XAUUSD,4608.725,4610.27,4603.645,4608.425,2163.0,False,False,False,False,False,False
2026-05-04 10:15:00,OANDA:XAUUSD,4608.365,4608.365,4602.65,4605.155,2725.0,False,False,False,False,False,False
2026-05-04 10:20:00,OANDA:XAUUSD,4605.205,4605.38,4597.54,4598.54,1889.0,False,True,False,True,False,True
2026-05-04 10:25:00,OANDA:XAUUSD,4598.54,4599.25,4591.6,4593.19,2036.0,False,True,False,True,False,True
2026-05-04 10:30:00,OANDA:XAUUSD,4593.115,4596.095,4591.11,4595.51,2479.0,False,False,False,True,False,False
2026-05-04 10:35:00,OANDA:XAUUSD,4595.515,4601.86,4595.215,4600.905,2178.0,True,False,False,False,True,False
2026-05-04 10:40:00,OANDA:XAUUSD,4600.915,4604.26,4599.67,4604.045,1886.0,False,False,False,False,True,False
2026-05-04 10:45:00,OANDA:XAUUSD,4604.13,4605.455,4601.37,4604.825,2304.0,False,False,True,False,True,False
2026-05-04 10:50:00,OANDA:XAUUSD,4604.83,4610.55,4602.88,4609.745,2264.0,True,False,True,False,True,False
2026-05-04 10:55:00,OANDA:XAUUSD,4609.7,4611.325,4605.785,4606.065,2441.0,False,False,True,False,False,False
2026-05-04 11:00:00,OANDA:XAUUSD,4606.04,4607.51,4604.57,4605.515,1917.0,False,False,False,False,False,True
2026-05-04 11:05:00,OANDA:XAUUSD,4605.52,4609.15,4605.22,4608.51,2013.0,False,False,False,False,True,False
2026-05-04 11:10:00,OANDA:XAUUSD,4608.505,4611.975,4606.34,4610.215,2511.0,False,False,True,False,True,False
2026-05-04 11:15:00,OANDA:XAUUSD,4610.26,4610.885,4608.375,4609.23,1882.0,False,False,False,False,False,False
2026-05-04 11:20:00,OANDA:XAUUSD,4609.245,4610.455,4608.535,4610.165,1411.0,False,False,False,False,False,False
2026-05-04 11:25:00,OANDA:XAUUSD,4610.135,4611.055,4608.265,4609.69,935.0,False,False,False,False,False,False
2026-05-04 11:30:00,OANDA:XAUUSD,4609.53,4611.36,4607.695,4608.11,1813.0,False,True,False,False,False,True
2026-05-04 11:35:00,OANDA:XAUUSD,4608.115,4608.12,4601.345,4601.43,1947.0,False,True,False,True,False,True
2026-05-04 11:40:00,OANDA:XAUUSD,4601.425,4605.425,4598.63,4605.215,2157.0,False,False,False,True,False,False
2026-05-04 11:45:00,OANDA:XAUUSD,4605.23,4613.125,4605.23,4610.27,5734.0,True,False,True,False,True,False
2026-05-04 11:50:00,OANDA:XAUUSD,4610.265,4614.425,4609.425,4613.625,3649.0,False,False,True,False,True,False
2026-05-04 11:55:00,OANDA:XAUUSD,4613.63,4617.34,4612.39,4615.315,2473.0,False,False,True,False,True,False
2026-05-04 12:00:00,OANDA:XAUUSD,4615.28,4615.7,4607.92,4610.385,2673.0,False,False,False,False,False,True
2026-05-04 12:05:00,OANDA:XAUUSD,4610.365,4612.41,4609.525,4610.995,2086.0,False,False,False,False,False,False
2026-05-04 12:10:00,OANDA:XAUUSD,4610.98,4612.34,4610.215,4611.485,1344.0,False,False,False,False,False,False
2026-05-04 12:15:00,OANDA:XAUUSD,4611.48,4613.405,4610.46,4611.375,1179.0,False,False,False,False,False,False
2026-05-04 12:20:00,OANDA:XAUUSD,4611.36,4611.98,4608.315,4609.58,1864.0,False,False,False,False,False,True
2026-05-04 12:25:00,OANDA:XAUUSD,4609.555,4610.895,4607.26,4608.145,1555.0,False,False,False,True,False,True
2026-05-04 12:30:00,OANDA:XAUUSD,4608.175,4612.585,4607.465,4611.225,2059.0,False,False,False,False,True,False
2026-05-04 12:35:00,OANDA:XAUUSD,4611.23,4613.06,4610.3,4610.385,1539.0,False,False,False,False,False,False
2026-05-04 12:40:00,OANDA:XAUUSD,4610.39,4611.155,4607.295,4609.355,1169.0,False,True,False,False,False,True
2026-05-04 12:45:00,OANDA:XAUUSD,4609.34,4609.89,4607.365,4607.76,767.0,False,False,False,False,False,False
2026-05-04 12:50:00,OANDA:XAUUSD,4607.745,4610.725,4607.31,4607.61,1323.0,False,False,False,False,False,False
2026-05-04 12:55:00,OANDA:XAUUSD,4607.595,4607.82,4605.36,4606.205,1729.0,False,True,False,True,False,True
2026-05-04 13:00:00,OANDA:XAUUSD,4606.19,4606.62,4603.465,4604.62,2126.0,False,False,False,True,False,True
2026-05-04 13:05:00,OANDA:XAUUSD,4604.645,4606.94,4603.735,4606.265,1177.0,False,False,False,False,False,False
2026-05-04 13:10:00,OANDA:XAUUSD,4606.275,4606.96,4602.075,4604.08,1250.0,False,False,False,True,False,False
2026-05-04 13:15:00,OANDA:XAUUSD,4604.075,4613.16,4601.27,4611.07,3581.0,False,False,True,True,True,False
2026-05-04 13:20:00,OANDA:XAUUSD,4611.13,4612.795,4604.395,4604.52,3412.0,False,False,False,False,False,False
2026-05-04 13:25:00,OANDA:XAUUSD,4604.51,4605.5,4595.925,4596.67,3736.0,False,True,False,True,False,True
2026-05-04 13:30:00,OANDA:XAUUSD,4596.705,4599.04,4592.365,4595.755,3125.0,False,False,False,True,False,True
2026-05-04 13:35:00,OANDA:XAUUSD,4595.745,4596.895,4593.38,4596.26,2992.0,False,False,False,False,False,False
2026-05-04 13:40:00,OANDA:XAUUSD,4596.25,4599.12,4593.14,4599.02,3216.0,True,False,False,False,True,False
2026-05-04 13:45:00,OANDA:XAUUSD,4599.065,4602.095,4597.075,4597.63,2113.0,False,False,False,False,False,False
2026-05-04 13:50:00,OANDA:XAUUSD,4597.25,4599.05,4594.375,4598.475,2446.0,False,False,False,False,False,False
2026-05-04 13:55:00,OANDA:XAUUSD,4598.32,4601.905,4597.095,4598.92,2829.0,False,False,False,False,False,False
2026-05-04 14:00:00,OANDA:XAUUSD,4598.915,4600.76,4591.69,4594.26,4771.0,False,False,False,True,False,True
2026-05-04 14:05:00,OANDA:XAUUSD,4594.275,4598.625,4587.78,4597.165,3989.0,False,False,False,True,False,False
2026-05-04 14:10:00,OANDA:XAUUSD,4597.175,4598.655,4593.66,4597.59,2753.0,False,False,False,False,False,False
2026-05-04 14:15:00,OANDA:XAUUSD,4597.545,4597.915,4591.47,4596.685,2711.0,False,False,False,False,False,False
2026-05-04 14:20:00,OANDA:XAUUSD,4596.675,4596.7,4589.96,4592.665,2959.0,False,False,False,False,False,False
2026-05-04 14:25:00,OANDA:XAUUSD,4592.66,4594.455,4589.095,4594.08,1948.0,False,False,False,False,False,False
2026-05-04 14:30:00,OANDA:XAUUSD,4594.26,4595.71,4587.6,4590.155,3667.0,False,False,False,True,False,False
2026-05-04 14:35:00,OANDA:XAUUSD,4589.985,4591.985,4584.435,4586.99,3556.0,False,False,False,True,False,True
2026-05-04 14:40:00,OANDA:XAUUSD,4586.85,4588.525,4584.655,4585.7,3083.0,False,False,False,False,False,False
2026-05-04 14:45:00,OANDA:XAUUSD,4585.705,4590.235,4583.95,4590.11,2813.0,True,False,False,True,True,False
2026-05-04 14:50:00,OANDA:XAUUSD,4590.115,4592.64,4588.79,4589.07,2812.0,False,False,False,False,False,False
2026-05-04 14:55:00,OANDA:XAUUSD,4589.065,4591.165,4587.385,4588.97,2736.0,False,False,False,False,False,False
2026-05-04 15:00:00,OANDA:XAUUSD,4588.95,4591.72,4585.83,4588.235,4693.0,False,False,False,False,False,False
2026-05-04 15:05:00,OANDA:XAUUSD,4588.245,4591.96,4587.64,4591.18,2977.0,False,False,False,False,False,False
2026-05-04 15:10:00,OANDA:XAUUSD,4591.17,4593.565,4588.375,4592.095,2301.0,False,False,True,False,True,False
2026-05-04 15:15:00,OANDA:XAUUSD,4592.02,4592.88,4587.025,4588.39,1933.0,False,False,False,False,False,False
2026-05-04 15:20:00,OANDA:XAUUSD,4588.405,4591.275,4587.51,4588.065,1751.0,False,False,False,False,False,False
2026-05-04 15:25:00,OANDA:XAUUSD,4588.03,4589.385,4583.57,4585.96,2300.0,False,True,False,True,False,True
2026-05-04 15:30:00,OANDA:XAUUSD,4586.005,4587.155,4583.02,4586.105,1880.0,False,False,False,True,False,False
2026-05-04 15:35:00,OANDA:XAUUSD,4586.095,4588.245,4582.925,4585.255,2619.0,False,False,False,True,False,False
2026-05-04 15:40:00,OANDA:XAUUSD,4585.24,4588.35,4582.92,4588.285,3122.0,False,False,False,True,True,False
2026-05-04 15:45:00,OANDA:XAUUSD,4588.295,4591.055,4586.945,4587.775,2551.0,False,False,False,False,False,False
2026-05-04 15:50:00,OANDA:XAUUSD,4587.825,4587.85,4581.075,4582.24,2601.0,False,True,False,True,False,True
2026-05-04 15:55:00,OANDA:XAUUSD,4582.22,4583.255,4578.215,4579.255,3152.0,False,True,False,True,False,True
2026-05-04 16:00:00,OANDA:XAUUSD,4579.245,4581.055,4575.435,4575.625,4575.0,False,False,False,True,False,True
2026-05-04 16:05:00,OANDA:XAUUSD,4575.61,4578.785,4574.325,4578.785,3060.0,False,False,False,True,False,False
2026-05-04 16:10:00,OANDA:XAUUSD,4578.75,4580.555,4577.145,4580.385,2839.0,False,False,False,False,True,False
2026-05-04 16:15:00,OANDA:XAUUSD,4580.39,4581.365,4574.435,4575.975,2899.0,False,False,False,False,False,True
2026-05-04 16:20:00,OANDA:XAUUSD,4575.92,4578.79,4575.8,4577.02,2267.0,False,False,False,False,False,False
2026-05-04 16:25:00,OANDA:XAUUSD,4577.005,4579.065,4574.05,4575.025,3471.0,False,False,False,True,False,True
2026-05-04 16:30:00,OANDA:XAUUSD,4574.955,4578.72,4573.85,4577.88,1635.0,False,False,False,True,False,False
2026-05-04 16:35:00,OANDA:XAUUSD,4577.84,4579.435,4575.825,4579.135,2037.0,False,False,False,False,True,False
2026-05-04 16:40:00,OANDA:XAUUSD,4579.225,4581.625,4578.135,4578.215,1628.0,False,False,True,False,False,False
2026-05-04 16:45:00,OANDA:XAUUSD,4578.285,4579.17,4576.685,4577.555,1569.0,False,False,False,False,False,True
2026-05-04 16:50:00,OANDA:XAUUSD,4577.525,4579.6,4576.645,4577.735,1385.0,False,False,False,False,False,False
2026-05-04 16:55:00,OANDA:XAUUSD,4577.745,4580.015,4575.88,4577.27,2142.0,False,False,False,False,False,False
2026-05-04 17:00:00,OANDA:XAUUSD,4577.245,4580.925,4576.33,4580.765,3331.0,False,False,False,False,True,False
2026-05-04 17:05:00,OANDA:XAUUSD,4580.76,4581.585,4579.655,4580.235,1703.0,False,False,False,False,False,False
2026-05-04 17:10:00,OANDA:XAUUSD,4580.245,4584.515,4579.22,4584.29,1450.0,False,False,True,False,True,False
2026-05-04 17:15:00,OANDA:XAUUSD,4584.31,4584.825,4581.4,4582.905,2475.0,False,False,True,False,False,False
2026-05-04 17:20:00,OANDA:XAUUSD,4582.9,4583.62,4580.94,4580.955,1665.0,False,False,False,False,False,True
2026-05-04 17:25:00,OANDA:XAUUSD,4580.925,4582.405,4580.525,4581.365,1404.0,False,False,False,False,False,False
2026-05-04 17:30:00,OANDA:XAUUSD,4581.39,4582.765,4580.51,4582.47,1464.0,True,False,False,False,True,False
2026-05-04 17:35:00,OANDA:XAUUSD,4582.565,4584.705,4582.565,4584.035,1269.0,False,False,False,False,True,False
2026-05-04 17:40:00,OANDA:XAUUSD,4584.04,4584.4,4581.16,4581.36,1651.0,False,True,False,False,False,True
2026-05-04 17:45:00,OANDA:XAUUSD,4581.4,4582.485,4579.335,4582.1,984.0,False,False,False,True,False,False
2026-05-04 17:50:00,OANDA:XAUUSD,4582.05,4582.28,4577.84,4579.32,747.0,False,False,False,True,False,True
2026-05-04 17:55:00,OANDA:XAUUSD,4579.27,4579.73,4572.095,4575.64,2406.0,False,True,False,True,False,True
2026-05-04 18:00:00,OANDA:XAUUSD,4575.645,4576.03,4551.275,4560.355,8220.0,False,True,False,True,False,True
2026-05-04 18:05:00,OANDA:XAUUSD,4560.315,4560.315,4543.045,4547.41,10559.0,False,True,False,True,False,True
2026-05-04 18:10:00,OANDA:XAUUSD,4547.4,4548.845,4537.52,4541.855,8726.0,False,False,False,True,False,True
2026-05-04 18:15:00,OANDA:XAUUSD,4541.815,4543.98,4534.515,4538.205,8517.0,False,False,False,True,False,False
2026-05-04 18:20:00,OANDA:XAUUSD,4538.195,4539.535,4526.09,4536.3,7166.0,False,False,False,True,False,False
2026-05-04 18:25:00,OANDA:XAUUSD,4536.29,4545.23,4536.255,4545.03,5180.0,True,False,False,False,True,False
2026-05-04 18:30:00,OANDA:XAUUSD,4545.045,4558.565,4543.16,4557.71,7986.0,True,False,False,False,True,False
2026-05-04 18:35:00,OANDA:XAUUSD,4557.72,4563.255,4556.075,4561.33,6220.0,False,False,True,False,True,False
2026-05-04 18:40:00,OANDA:XAUUSD,4561.325,4564.31,4558.065,4558.605,4598.0,False,False,True,False,False,False
2026-05-04 18:45:00,OANDA:XAUUSD,4558.5,4567.07,4558.25,4566.595,2965.0,False,False,True,False,True,False
2026-05-04 18:50:00,OANDA:XAUUSD,4566.59,4566.69,4561.57,4561.74,3788.0,False,False,False,False,False,False
2026-05-04 18:55:00,OANDA:XAUUSD,4561.73,4565.17,4560.445,4562.575,3746.0,False,False,False,False,False,False
2026-05-04 19:00:00,OANDA:XAUUSD,4562.545,4570.91,4562.325,4562.645,5471.0,False,False,True,False,False,False
2026-05-04 19:05:00,OANDA:XAUUSD,4562.695,4567.925,4561.12,4566.785,3940.0,False,False,False,False,False,False
2026-05-04 19:10:00,OANDA:XAUUSD,4566.845,4567.905,4563.555,4565.26,4018.0,False,False,False,False,False,False
2026-05-04 19:15:00,OANDA:XAUUSD,4565.35,4570.24,4565.155,4568.695,3468.0,False,False,False,False,True,False
2026-05-04 19:20:00,OANDA:XAUUSD,4568.715,4569.17,4563.735,4564.265,2648.0,False,False,False,False,False,True
2026-05-04 19:25:00,OANDA:XAUUSD,4564.365,4565.55,4561.77,4562.255,2497.0,False,True,False,False,False,True
2026-05-04 19:30:00,OANDA:XAUUSD,4562.205,4562.985,4556.815,4556.815,3098.0,False,True,False,True,False,True
2026-05-04 19:35:00,OANDA:XAUUSD,4556.865,4560.605,4551.515,4554.125,5422.0,False,False,False,True,False,True
2026-05-04 19:40:00,OANDA:XAUUSD,4554.145,4557.675,4552.835,4553.715,3712.0,False,False,False,False,False,False
2026-05-04 19:45:00,OANDA:XAUUSD,4553.72,4558.155,4552.985,4556.01,3719.0,False,False,False,False,False,False
2026-05-04 19:50:00,OANDA:XAUUSD,4556.1,4560.145,4555.585,4559.0,2966.0,False,False,False,False,True,False
2026-05-04 19:55:00,OANDA:XAUUSD,4559.05,4563.555,4557.65,4560.515,3227.0,False,False,True,False,True,False
2026-05-04 20:00:00,OANDA:XAUUSD,4560.395,4563.975,4559.295,4563.2,3427.0,False,False,True,False,False,False
2026-05-04 20:05:00,OANDA:XAUUSD,4563.195,4563.3,4559.475,4560.79,2367.0,False,False,False,False,False,False
2026-05-04 20:10:00,OANDA:XAUUSD,4560.84,4565.98,4559.97,4563.795,2868.0,True,False,True,False,True,False
2026-05-04 20:15:00,OANDA:XAUUSD,4563.845,4574.92,4563.4,4573.545,5891.0,True,False,True,False,True,False
2026-05-04 20:20:00,OANDA:XAUUSD,4573.495,4579.44,4571.92,4572.375,5119.0,False,False,True,False,False,False
2026-05-04 20:25:00,OANDA:XAUUSD,4572.395,4573.1,4565.355,4568.81,4255.0,False,True,False,False,False,True
2026-05-04 20:30:00,OANDA:XAUUSD,4568.805,4570.68,4564.69,4566.285,3986.0,False,False,False,False,False,False
2026-05-04 20:35:00,OANDA:XAUUSD,4566.26,4570.15,4561.32,4568.625,3746.0,False,False,False,False,False,False
2026-05-04 20:40:00,OANDA:XAUUSD,4568.635,4572.02,4567.775,4570.3,3699.0,False,False,False,False,True,False
2026-05-04 20:45:00,OANDA:XAUUSD,4570.33,4573.44,4566.71,4570.695,3467.0,False,False,False,False,False,False
2026-05-04 20:50:00,OANDA:XAUUSD,4570.7,4576.46,4570.085,4572.175,3494.0,False,False,True,False,False,False
2026-05-04 20:55:00,OANDA:XAUUSD,4572.18,4573.85,4568.0,4568.49,3345.0,False,True,False,False,False,True
2026-05-04 21:00:00,OANDA:XAUUSD,4568.525,4569.06,4557.475,4565.905,9429.0,False,False,False,True,False,True
2026-05-04 21:05:00,OANDA:XAUUSD,4565.915,4573.655,4563.655,4572.96,4570.0,False,False,False,False,True,False
2026-05-04 21:10:00,OANDA:XAUUSD,4573.205,4575.945,4563.465,4566.1,5851.0,False,False,False,False,False,False
2026-05-04 21:15:00,OANDA:XAUUSD,4566.095,4567.77,4563.46,4564.86,4256.0,False,False,False,False,False,False
2026-05-04 21:20:00,OANDA:XAUUSD,4564.87,4567.445,4561.635,4562.86,4302.0,False,False,False,False,False,True
2026-05-04 21:25:00,OANDA:XAUUSD,4562.87,4565.655,4561.125,4561.225,3049.0,False,False,False,False,False,True
2026-05-04 21:30:00,OANDA:XAUUSD,4561.285,4571.08,4555.205,4570.05,8927.0,False,False,False,True,True,False
2026-05-04 21:35:00,OANDA:XAUUSD,4569.96,4571.07,4564.005,4566.85,7683.0,False,False,False,False,False,False
2026-05-04 21:40:00,OANDA:XAUUSD,4566.845,4570.86,4562.625,4565.565,6214.0,False,False,False,False,False,False
2026-05-04 21:45:00,OANDA:XAUUSD,4565.49,4567.21,4561.205,4561.545,6009.0,False,False,False,False,False,True
2026-05-04 21:50:00,OANDA:XAUUSD,4561.645,4566.05,4557.455,4563.13,7778.0,False,False,False,False,False,False
2026-05-04 21:55:00,OANDA:XAUUSD,4563.125,4566.315,4560.035,4564.14,6361.0,False,False,False,False,False,False
2026-05-04 22:00:00,OANDA:XAUUSD,4564.16,4565.97,4559.04,4560.145,6338.0,False,False,False,False,False,False
2026-05-04 22:05:00,OANDA:XAUUSD,4560.14,4561.355,4553.44,4555.215,9479.0,False,False,False,True,False,True
2026-05-04 22:10:00,OANDA:XAUUSD,4555.2,4563.465,4553.64,4560.315,7229.0,False,False,False,False,False,False
2026-05-04 22:15:00,OANDA:XAUUSD,4560.37,4574.205,4559.305,4572.89,6978.0,True,False,True,False,True,False
2026-05-04 22:20:00,OANDA:XAUUSD,4572.885,4582.59,4572.325,4576.85,6946.0,False,False,True,False,True,False
2026-05-04 22:25:00,OANDA:XAUUSD,4576.9,4577.76,4570.57,4571.345,6521.0,False,False,False,False,False,True
2026-05-04 22:30:00,OANDA:XAUUSD,4571.365,4579.925,4570.05,4575.83,6530.0,False,False,False,False,False,False
2026-05-04 22:35:00,OANDA:XAUUSD,4575.805,4581.765,4575.355,4579.59,6055.0,False,False,False,False,False,False
2026-05-04 22:40:00,OANDA:XAUUSD,4579.595,4583.38,4574.07,4574.485,5315.0,False,False,True,False,False,True
2026-05-04 22:45:00,OANDA:XAUUSD,4574.48,4576.935,4569.17,4570.93,6224.0,False,True,False,True,False,True
2026-05-04 22:50:00,OANDA:XAUUSD,4570.955,4571.725,4567.005,4570.47,5719.0,False,False,False,True,False,False
2026-05-04 22:55:00,OANDA:XAUUSD,4570.495,4572.645,4559.815,4561.625,7905.0,False,True,False,True,False,True
2026-05-04 23:00:00,OANDA:XAUUSD,4561.74,4566.2,4554.485,4561.32,7900.0,False,False,False,True,False,False
2026-05-04 23:05:00,OANDA:XAUUSD,4561.305,4562.09,4555.5,4557.86,6388.0,False,False,False,False,False,False
2026-05-04 23:10:00,OANDA:XAUUSD,4557.865,4560.13,4548.215,4548.675,6963.0,False,False,False,True,False,True
2026-05-04 23:15:00,OANDA:XAUUSD,4548.635,4555.895,4537.995,4540.185,11448.0,False,True,False,True,False,True
2026-05-04 23:20:00,OANDA:XAUUSD,4539.99,4541.4,4514.78,4521.79,15383.0,False,False,False,True,False,True
2026-05-04 23:25:00,OANDA:XAUUSD,4521.705,4540.16,4515.59,4538.25,11882.0,False,False,False,False,False,False
2026-05-04 23:30:00,OANDA:XAUUSD,4538.29,4539.32,4527.475,4535.115,10834.0,False,False,False,False,False,False
2026-05-04 23:35:00,OANDA:XAUUSD,4535.13,4543.065,4530.195,4534.885,9235.0,False,False,False,False,False,False
2026-05-04 23:40:00,OANDA:XAUUSD,4534.805,4537.87,4531.025,4535.13,8996.0,False,False,False,False,False,False
2026-05-04 23:45:00,OANDA:XAUUSD,4535.125,4535.235,4523.06,4523.22,7751.0,False,True,False,False,False,True
2026-05-04 23:50:00,OANDA:XAUUSD,4523.225,4530.42,4513.635,4528.125,11685.0,False,False,False,True,False,False
2026-05-04 23:55:00,OANDA:XAUUSD,4528.13,4530.455,4521.09,4521.83,8521.0,False,False,False,False,False,False
2026-05-05 00:00:00,OANDA:XAUUSD,4521.775,4525.76,4516.94,4522.375,7948.0,False,False,False,False,False,False
2026-05-05 00:05:00,OANDA:XAUUSD,4522.365,4523.88,4504.79,4511.125,11752.0,False,True,False,True,False,True
2026-05-05 00:10:00,OANDA:XAUUSD,4511.09,4516.225,4501.035,4509.705,9109.0,False,False,False,True,False,False
2026-05-05 00:15:00,OANDA:XAUUSD,4509.7,4526.695,4508.73,4522.99,9753.0,True,False,False,False,True,False
2026-05-05 00:20:00,OANDA:XAUUSD,4523.17,4527.045,4520.51,4521.46,7844.0,False,False,False,False,False,False
2026-05-05 00:25:00,OANDA:XAUUSD,4521.455,4523.91,4513.225,4514.92,7004.0,False,True,False,False,False,True
2026-05-05 00:30:00,OANDA:XAUUSD,4514.915,4518.95,4513.4,4518.025,6441.0,False,False,False,False,False,False
2026-05-05 00:35:00,OANDA:XAUUSD,4518.01,4518.7,4511.875,4513.585,5798.0,False,False,False,False,False,False
2026-05-05 00:40:00,OANDA:XAUUSD,4513.565,4516.63,4511.55,4512.62,4376.0,False,False,False,False,False,False
2026-05-05 00:45:00,OANDA:XAUUSD,4512.6,4516.095,4508.335,4509.81,4710.0,False,False,False,True,False,True
2026-05-05 00:50:00,OANDA:XAUUSD,4509.71,4512.5,4507.5,4509.255,6456.0,False,False,False,True,False,False
2026-05-05 00:55:00,OANDA:XAUUSD,4509.22,4511.805,4507.55,4510.695,5463.0,False,False,False,False,False,False
2026-05-05 01:00:00,OANDA:XAUUSD,4510.74,4521.35,4510.74,4520.975,6929.0,True,False,True,False,True,False
2026-05-05 01:05:00,OANDA:XAUUSD,4521.035,4526.125,4520.51,4523.93,5260.0,True,False,True,False,True,False
2026-05-05 01:10:00,OANDA:XAUUSD,4523.99,4526.32,4521.89,4522.575,4164.0,False,False,True,False,False,False
2026-05-05 01:15:00,OANDA:XAUUSD,4522.57,4531.715,4521.9,4529.11,5693.0,False,False,True,False,True,False
2026-05-05 01:20:00,OANDA:XAUUSD,4529.16,4530.915,4525.46,4525.67,5114.0,False,False,False,False,False,False
2026-05-05 01:25:00,OANDA:XAUUSD,4525.71,4527.055,4521.765,4524.45,5033.0,False,False,False,False,False,True
2026-05-05 01:30:00,OANDA:XAUUSD,4524.35,4527.63,4523.775,4525.76,4078.0,False,False,False,False,False,False
2026-05-05 01:35:00,OANDA:XAUUSD,4525.75,4526.475,4521.665,4525.12,4730.0,False,False,False,True,False,False
2026-05-05 01:40:00,OANDA:XAUUSD,4525.115,4526.385,4523.065,4526.015,4459.0,False,False,False,False,False,False
2026-05-05 01:45:00,OANDA:XAUUSD,4526.035,4526.85,4522.47,4522.49,3918.0,False,False,False,False,False,True
2026-05-05 01:50:00,OANDA:XAUUSD,4522.475,4525.79,4522.105,4523.04,2815.0,False,False,False,False,False,False
2026-05-05 01:55:00,OANDA:XAUUSD,4523.015,4524.015,4521.765,4522.48,2048.0,False,False,False,False,False,False
2026-05-05 02:00:00,OANDA:XAUUSD,4522.525,4525.4,4521.295,4523.44,3093.0,False,False,False,True,False,False
2026-05-05 02:05:00,OANDA:XAUUSD,4523.425,4524.43,4518.685,4519.56,2716.0,False,False,False,True,False,True
2026-05-05 02:10:00,OANDA:XAUUSD,4519.54,4521.695,4519.155,4519.905,2296.0,False,False,False,False,False,False
2026-05-05 02:15:00,OANDA:XAUUSD,4519.88,4520.2,4516.85,4518.055,2905.0,False,True,False,True,False,True
2026-05-05 02:20:00,OANDA:XAUUSD,4518.065,4518.065,4514.1,4514.155,3075.0,False,True,False,True,False,True
2026-05-05 02:25:00,OANDA:XAUUSD,4514.13,4515.185,4509.96,4512.035,3893.0,False,False,False,True,False,True
2026-05-05 02:30:00,OANDA:XAUUSD,4512.01,4514.885,4510.795,4514.855,3545.0,False,False,False,False,False,False
2026-05-05 02:35:00,OANDA:XAUUSD,4514.86,4515.195,4511.67,4515.14,3412.0,False,False,False,False,True,False
2026-05-05 02:40:00,OANDA:XAUUSD,4515.15,4515.18,4510.725,4512.04,2925.0,False,False,False,False,False,False
2026-05-05 02:45:00,OANDA:XAUUSD,4512.075,4515.515,4510.985,4515.115,2820.0,False,False,False,False,False,False
2026-05-05 02:50:00,OANDA:XAUUSD,4515.14,4516.05,4511.5,4513.82,3024.0,False,False,True,False,False,False
2026-05-05 02:55:00,OANDA:XAUUSD,4513.775,4516.5,4512.69,4516.4,2563.0,False,False,True,False,True,False
2026-05-05 03:00:00,OANDA:XAUUSD,4516.345,4516.96,4511.425,4511.655,2880.0,False,False,True,False,False,True
2026-05-05 03:05:00,OANDA:XAUUSD,4511.67,4523.445,4511.67,4518.02,4823.0,False,False,True,False,True,False
2026-05-05 03:10:00,OANDA:XAUUSD,4518.005,4520.17,4516.7,4519.005,3201.0,False,False,False,False,False,False
2026-05-05 03:15:00,OANDA:XAUUSD,4519.0,4521.95,4517.605,4520.625,2567.0,False,False,False,False,True,False
2026-05-05 03:20:00,OANDA:XAUUSD,4520.65,4524.865,4519.645,4524.825,2437.0,False,False,True,False,True,False
2026-05-05 03:25:00,OANDA:XAUUSD,4524.84,4526.145,4520.085,4522.445,2477.0,False,False,True,False,False,False
2026-05-05 03:30:00,OANDA:XAUUSD,4522.45,4523.845,4520.995,4522.76,1769.0,False,False,False,False,False,False
2026-05-05 03:35:00,OANDA:XAUUSD,4522.795,4527.265,4522.795,4524.25,1949.0,False,False,True,False,True,False
2026-05-05 03:40:00,OANDA:XAUUSD,4524.24,4525.915,4520.635,4521.11,2226.0,False,False,False,False,False,True
2026-05-05 03:45:00,OANDA:XAUUSD,4521.12,4523.46,4519.64,4521.325,2073.0,False,False,False,True,False,False
2026-05-05 03:50:00,OANDA:XAUUSD,4521.165,4521.165,4518.655,4519.31,1986.0,False,False,False,True,False,True
2026-05-05 03:55:00,OANDA:XAUUSD,4519.23,4520.4,4515.415,4517.89,2912.0,False,True,False,True,False,True
2026-05-05 04:00:00,OANDA:XAUUSD,4517.84,4518.375,4514.15,4515.475,1202.0,False,False,False,True,False,False
2026-05-05 04:05:00,OANDA:XAUUSD,4515.485,4516.28,4513.735,4514.175,740.0,False,False,False,True,False,False
2026-05-05 04:10:00,OANDA:XAUUSD,4514.18,4515.095,4512.06,4514.845,1330.0,False,False,False,True,False,False
2026-05-05 04:15:00,OANDA:XAUUSD,4514.77,4514.955,4512.435,4513.025,454.0,False,False,False,False,False,False
2026-05-05 04:20:00,OANDA:XAUUSD,4513.005,4514.105,4512.005,4513.27,751.0,False,False,False,True,False,False
2026-05-05 04:25:00,OANDA:XAUUSD,4513.225,4515.675,4513.18,4515.31,541.0,True,False,False,False,True,False
2026-05-05 04:30:00,OANDA:XAUUSD,4515.26,4517.61,4515.26,4517.41,459.0,True,False,True,False,True,False
2026-05-05 04:35:00,OANDA:XAUUSD,4517.32,4517.845,4516.235,4517.075,429.0,False,False,True,False,False,False
2026-05-05 04:40:00,OANDA:XAUUSD,4517.17,4519.11,4514.78,4518.94,939.0,True,False,True,False,True,False
2026-05-05 04:45:00,OANDA:XAUUSD,4518.89,4522.62,4518.88,4521.63,787.0,True,False,True,False,True,False
2026-05-05 04:50:00,OANDA:XAUUSD,4521.605,4521.735,4519.995,4521.495,431.0,False,False,False,False,False,False
2026-05-05 04:55:00,OANDA:XAUUSD,4521.525,4524.175,4521.465,4524.115,664.0,False,False,True,False,True,False
2026-05-05 06:00:00,OANDA:XAUUSD,4520.775,4520.775,4520.195,4520.205,9.0,False,False,False,False,False,True
2026-05-05 06:05:00,OANDA:XAUUSD,4520.185,4522.695,4517.55,4522.505,890.0,False,False,False,False,True,False
2026-05-05 06:10:00,OANDA:XAUUSD,4522.495,4522.92,4520.605,4521.215,674.0,False,False,False,False,False,False
2026-05-05 06:15:00,OANDA:XAUUSD,4521.21,4522.785,4519.85,4520.325,507.0,False,False,False,False,False,True
2026-05-05 06:20:00,OANDA:XAUUSD,4520.375,4522.43,4519.64,4519.71,707.0,False,False,False,False,False,True
2026-05-05 06:25:00,OANDA:XAUUSD,4519.8,4520.935,4519.295,4519.705,410.0,False,False,False,False,False,False
2026-05-05 06:30:00,OANDA:XAUUSD,4519.735,4522.1,4519.695,4521.165,510.0,False,False,False,False,True,False
2026-05-05 06:35:00,OANDA:XAUUSD,4521.16,4521.215,4519.39,4519.57,523.0,False,False,False,False,False,True
2026-05-05 06:40:00,OANDA:XAUUSD,4519.62,4520.61,4518.795,4519.065,656.0,False,True,False,True,False,True
2026-05-05 06:45:00,OANDA:XAUUSD,4519.08,4519.235,4516.865,4518.27,586.0,False,True,False,True,False,True
2026-05-05 06:50:00,OANDA:XAUUSD,4518.24,4518.265,4515.59,4516.47,575.0,False,False,False,True,False,True
2026-05-05 06:55:00,OANDA:XAUUSD,4516.475,4517.89,4515.685,4517.395,462.0,False,False,False,False,False,False
2026-05-05 07:00:00,OANDA:XAUUSD,4517.39,4518.595,4516.125,4518.11,662.0,True,False,False,False,True,False
2026-05-05 07:05:00,OANDA:XAUUSD,4518.16,4520.2,4517.9,4519.46,510.0,False,False,False,False,True,False
2026-05-05 07:10:00,OANDA:XAUUSD,4519.39,4520.99,4518.075,4520.39,534.0,False,False,True,False,True,False
2026-05-05 07:15:00,OANDA:XAUUSD,4520.34,4520.945,4519.105,4519.84,426.0,False,False,False,False,False,False
2026-05-05 07:20:00,OANDA:XAUUSD,4519.825,4521.59,4519.825,4521.395,448.0,False,False,True,False,True,False
2026-05-05 07:25:00,OANDA:XAUUSD,4521.45,4521.59,4520.49,4521.1,403.0,False,False,False,False,False,False
2026-05-05 07:30:00,OANDA:XAUUSD,4521.0,4521.46,4519.725,4521.17,386.0,False,False,False,False,False,False
2026-05-05 07:35:00,OANDA:XAUUSD,4521.2,4521.295,4519.91,4520.595,263.0,False,False,False,False,False,False
2026-05-05 07:40:00,OANDA:XAUUSD,4520.6,4521.335,4518.42,4518.565,422.0,False,False,False,True,False,True
2026-05-05 07:45:00,OANDA:XAUUSD,4518.57,4520.72,4517.955,4520.25,562.0,False,False,False,True,False,False
2026-05-05 07:50:00,OANDA:XAUUSD,4520.075,4520.145,4517.42,4519.15,610.0,False,False,False,True,False,False
2026-05-05 07:55:00,OANDA:XAUUSD,4519.09,4520.47,4518.57,4519.155,495.0,False,False,False,False,False,False
2026-05-05 08:00:00,OANDA:XAUUSD,4519.2,4524.18,4517.735,4522.96,1566.0,True,False,True,False,True,False
2026-05-05 08:05:00,OANDA:XAUUSD,4522.94,4526.745,4522.47,4526.6,1218.0,True,False,True,False,True,False
2026-05-05 08:10:00,OANDA:XAUUSD,4526.59,4528.61,4525.35,4527.975,1310.0,False,False,True,False,True,False
2026-05-05 08:15:00,OANDA:XAUUSD,4527.985,4527.985,4522.845,4523.47,1566.0,False,True,False,False,False,True
2026-05-05 08:20:00,OANDA:XAUUSD,4523.515,4523.84,4516.88,4519.495,1682.0,False,True,False,True,False,True
2026-05-05 08:25:00,OANDA:XAUUSD,4519.5,4519.94,4513.655,4517.14,1330.0,False,False,False,True,False,False
2026-05-05 08:30:00,OANDA:XAUUSD,4517.055,4518.64,4516.09,4518.15,668.0,False,False,False,False,False,False
2026-05-05 08:35:00,OANDA:XAUUSD,4518.115,4521.52,4517.74,4520.98,979.0,True,False,False,False,True,False
2026-05-05 08:40:00,OANDA:XAUUSD,4520.995,4524.25,4519.965,4523.89,904.0,True,False,False,False,True,False
2026-05-05 08:45:00,OANDA:XAUUSD,4523.94,4527.95,4523.94,4526.82,881.0,True,False,True,False,True,False
2026-05-05 08:50:00,OANDA:XAUUSD,4526.815,4529.65,4525.87,4528.68,871.0,False,False,True,False,True,False
2026-05-05 08:55:00,OANDA:XAUUSD,4528.78,4530.475,4527.23,4529.755,928.0,False,False,True,False,True,False
2026-05-05 09:00:00,OANDA:XAUUSD,4529.63,4534.92,4525.47,4534.92,1755.0,True,False,True,False,True,False
2026-05-05 09:05:00,OANDA:XAUUSD,4534.915,4536.05,4533.49,4534.91,1366.0,False,False,True,False,False,False
2026-05-05 09:10:00,OANDA:XAUUSD,4534.975,4539.74,4534.14,4538.92,1226.0,True,False,True,False,True,False
2026-05-05 09:15:00,OANDA:XAUUSD,4538.83,4540.115,4536.11,4537.01,726.0,False,False,True,False,False,False
2026-05-05 09:20:00,OANDA:XAUUSD,4536.95,4539.99,4536.87,4537.91,653.0,False,False,False,False,False,False
2026-05-05 09:25:00,OANDA:XAUUSD,4537.915,4538.6,4535.245,4537.83,710.0,False,False,False,False,False,False
2026-05-05 09:30:00,OANDA:XAUUSD,4537.815,4538.28,4534.165,4534.92,1247.0,False,False,False,False,False,True
2026-05-05 09:35:00,OANDA:XAUUSD,4534.73,4542.13,4534.46,4537.295,2183.0,False,False,True,False,False,False
2026-05-05 09:40:00,OANDA:XAUUSD,4537.23,4539.41,4536.045,4537.065,1362.0,False,False,False,False,False,False
2026-05-05 09:45:00,OANDA:XAUUSD,4537.09,4540.94,4536.32,4539.805,1017.0,False,False,False,False,True,False
2026-05-05 09:50:00,OANDA:XAUUSD,4539.82,4540.67,4538.1,4538.21,795.0,False,False,False,False,False,False
2026-05-05 09:55:00,OANDA:XAUUSD,4538.185,4541.39,4537.365,4541.04,632.0,False,False,False,False,True,False
2026-05-05 10:00:00,OANDA:XAUUSD,4541.145,4542.64,4539.3,4539.31,774.0,False,False,True,False,False,False
2026-05-05 10:05:00,OANDA:XAUUSD,4539.475,4539.69,4537.535,4538.345,926.0,False,False,False,False,False,True
2026-05-05 10:10:00,OANDA:XAUUSD,4538.395,4540.11,4537.4,4538.66,628.0,False,False,False,False,False,False
2026-05-05 10:15:00,OANDA:XAUUSD,4538.75,4539.39,4535.665,4535.675,702.0,False,False,False,True,False,True
2026-05-05 10:20:00,OANDA:XAUUSD,4535.705,4538.39,4534.775,4538.34,832.0,False,False,False,True,False,False
2026-05-05 10:25:00,OANDA:XAUUSD,4538.42,4542.005,4537.67,4541.75,722.0,True,False,False,False,True,False
2026-05-05 10:30:00,OANDA:XAUUSD,4541.755,4543.695,4540.245,4541.61,726.0,False,False,True,False,False,False
2026-05-05 10:35:00,OANDA:XAUUSD,4541.585,4542.99,4540.565,4542.565,1156.0,False,False,False,False,False,False
2026-05-05 10:40:00,OANDA:XAUUSD,4542.575,4546.115,4542.13,4544.65,1402.0,True,False,True,False,True,False
2026-05-05 10:45:00,OANDA:XAUUSD,4544.665,4546.94,4543.025,4544.405,1958.0,False,False,True,False,False,False
2026-05-05 10:50:00,OANDA:XAUUSD,4544.41,4544.515,4541.53,4541.905,874.0,False,True,False,False,False,True
2026-05-05 10:55:00,OANDA:XAUUSD,4541.83,4541.945,4538.785,4538.955,1091.0,False,True,False,True,False,True
2026-05-05 11:00:00,OANDA:XAUUSD,4538.875,4541.145,4537.675,4541.105,1122.0,False,False,False,True,False,False
2026-05-05 11:05:00,OANDA:XAUUSD,4541.12,4542.31,4540.055,4541.07,722.0,False,False,False,False,False,False
2026-05-05 11:10:00,OANDA:XAUUSD,4541.03,4542.235,4539.885,4542.16,354.0,False,False,False,False,False,False
2026-05-05 11:15:00,OANDA:XAUUSD,4542.415,4542.82,4539.93,4540.7,291.0,False,False,False,False,False,False
2026-05-05 11:20:00,OANDA:XAUUSD,4540.58,4542.14,4537.605,4538.36,399.0,False,True,False,True,False,True
2026-05-05 11:25:00,OANDA:XAUUSD,4538.355,4539.675,4537.33,4538.085,529.0,False,False,False,True,False,False
2026-05-05 11:30:00,OANDA:XAUUSD,4538.07,4538.47,4536.89,4538.41,432.0,False,False,False,True,False,False
2026-05-05 11:35:00,OANDA:XAUUSD,4538.345,4539.355,4537.69,4538.8,562.0,False,False,False,False,True,False
2026-05-05 11:40:00,OANDA:XAUUSD,4538.795,4538.855,4535.72,4536.21,500.0,False,True,False,True,False,True
2026-05-05 11:45:00,OANDA:XAUUSD,4536.225,4537.19,4535.835,4536.535,493.0,False,False,False,False,False,False
2026-05-05 11:50:00,OANDA:XAUUSD,4536.53,4536.87,4535.28,4535.505,865.0,False,False,False,True,False,True
2026-05-05 11:55:00,OANDA:XAUUSD,4535.51,4536.235,4532.465,4534.64,1759.0,False,False,False,True,False,True
2026-05-05 12:00:00,OANDA:XAUUSD,4534.635,4535.925,4533.425,4535.215,1364.0,False,False,False,False,False,False
2026-05-05 12:05:00,OANDA:XAUUSD,4535.205,4535.885,4533.365,4533.945,1155.0,False,False,False,False,False,False
2026-05-05 12:10:00,OANDA:XAUUSD,4533.955,4534.405,4532.76,4533.17,922.0,False,False,False,False,False,True
2026-05-05 12:15:00,OANDA:XAUUSD,4533.185,4534.055,4530.85,4531.005,1152.0,False,False,False,True,False,True
2026-05-05 12:20:00,OANDA:XAUUSD,4531.015,4533.15,4529.87,4530.93,979.0,False,False,False,True,False,False
2026-05-05 12:25:00,OANDA:XAUUSD,4530.935,4531.29,4529.54,4529.59,616.0,False,False,False,True,False,True
2026-05-05 12:30:00,OANDA:XAUUSD,4529.585,4533.875,4528.03,4533.1,1459.0,True,False,False,True,True,False
2026-05-05 12:35:00,OANDA:XAUUSD,4533.095,4533.55,4531.38,4531.935,584.0,False,False,False,False,False,False
2026-05-05 12:40:00,OANDA:XAUUSD,4532.005,4532.275,4531.39,4531.76,281.0,False,False,False,False,False,False
2026-05-05 12:45:00,OANDA:XAUUSD,4531.69,4534.7,4531.435,4534.7,440.0,True,False,True,False,True,False
2026-05-05 12:50:00,OANDA:XAUUSD,4534.71,4536.71,4533.83,4534.96,392.0,False,False,True,False,True,False
2026-05-05 12:55:00,OANDA:XAUUSD,4534.91,4534.92,4531.49,4533.67,1371.0,False,False,False,False,False,True
2026-05-05 13:00:00,OANDA:XAUUSD,4533.625,4537.05,4531.47,4537.01,1638.0,True,False,True,False,True,False
2026-05-05 13:05:00,OANDA:XAUUSD,4536.855,4545.535,4536.345,4542.995,2232.0,True,False,True,False,True,False
2026-05-05 13:10:00,OANDA:XAUUSD,4543.165,4544.055,4539.715,4540.435,1959.0,False,False,False,False,False,False
2026-05-05 13:15:00,OANDA:XAUUSD,4540.41,4540.52,4535.76,4536.765,1414.0,False,False,False,False,False,True
2026-05-05 13:20:00,OANDA:XAUUSD,4536.78,4539.785,4536.76,4539.705,858.0,False,False,False,False,False,False
2026-05-05 13:25:00,OANDA:XAUUSD,4539.675,4540.35,4538.04,4540.08,981.0,False,False,False,False,True,False
2026-05-05 13:30:00,OANDA:XAUUSD,4540.09,4547.57,4539.71,4547.395,1586.0,True,False,True,False,True,False
2026-05-05 13:35:00,OANDA:XAUUSD,4547.41,4551.31,4546.915,4548.24,2931.0,False,False,True,False,True,False
2026-05-05 13:40:00,OANDA:XAUUSD,4548.22,4552.0,4545.84,4545.925,2692.0,False,False,True,False,False,True
2026-05-05 13:45:00,OANDA:XAUUSD,4545.935,4548.02,4545.26,4547.33,2018.0,False,False,False,False,False,False
2026-05-05 13:50:00,OANDA:XAUUSD,4547.4,4548.8,4544.75,4545.705,1186.0,False,False,False,False,False,False
2026-05-05 13:55:00,OANDA:XAUUSD,4545.71,4547.23,4543.64,4545.945,769.0,False,False,False,False,False,False
2026-05-05 14:00:00,OANDA:XAUUSD,4545.95,4552.02,4544.0,4544.0,2988.0,False,False,True,False,False,False
2026-05-05 14:05:00,OANDA:XAUUSD,4544.07,4545.925,4541.73,4544.125,1513.0,False,False,False,True,False,False
2026-05-05 14:10:00,OANDA:XAUUSD,4544.115,4546.02,4542.425,4543.7,1454.0,False,False,False,False,False,False
2026-05-05 14:15:00,OANDA:XAUUSD,4543.725,4544.88,4538.93,4539.02,1029.0,False,True,False,True,False,True
2026-05-05 14:20:00,OANDA:XAUUSD,4539.085,4539.83,4533.9,4535.235,1534.0,False,True,False,True,False,True
2026-05-05 14:25:00,OANDA:XAUUSD,4535.24,4538.0,4534.22,4537.02,1797.0,False,False,False,False,False,False
2026-05-05 14:30:00,OANDA:XAUUSD,4536.95,4544.27,4536.365,4543.005,1793.0,True,False,False,False,True,False
2026-05-05 14:35:00,OANDA:XAUUSD,4542.98,4549.405,4542.63,4547.925,2130.0,True,False,True,False,True,False
2026-05-05 14:40:00,OANDA:XAUUSD,4547.875,4548.62,4544.885,4546.225,2102.0,False,False,False,False,False,False
2026-05-05 14:45:00,OANDA:XAUUSD,4546.195,4548.73,4545.615,4548.73,1187.0,False,False,False,False,True,False
2026-05-05 14:50:00,OANDA:XAUUSD,4548.87,4551.03,4547.935,4550.3,477.0,False,False,True,False,True,False
2026-05-05 14:55:00,OANDA:XAUUSD,4550.37,4550.96,4547.105,4548.34,1394.0,False,False,False,False,False,False
2026-05-05 15:00:00,OANDA:XAUUSD,4548.365,4554.425,4547.795,4553.03,2487.0,True,False,True,False,True,False
2026-05-05 15:05:00,OANDA:XAUUSD,4553.045,4554.93,4551.505,4552.35,1535.0,False,False,True,False,False,False
2026-05-05 15:10:00,OANDA:XAUUSD,4552.375,4555.39,4550.85,4554.195,1666.0,False,False,True,False,False,False
2026-05-05 15:15:00,OANDA:XAUUSD,4554.145,4555.8,4552.66,4555.075,1816.0,False,False,True,False,False,False
2026-05-05 15:20:00,OANDA:XAUUSD,4555.08,4555.71,4551.35,4551.38,1403.0,False,True,False,False,False,True
2026-05-05 15:25:00,OANDA:XAUUSD,4551.345,4551.665,4548.665,4549.085,1003.0,False,False,False,False,False,True
2026-05-05 15:30:00,OANDA:XAUUSD,4549.135,4552.715,4549.055,4552.655,1224.0,True,False,False,False,True,False
2026-05-05 15:35:00,OANDA:XAUUSD,4552.685,4558.465,4552.105,4554.545,3156.0,False,False,True,False,True,False
2026-05-05 15:40:00,OANDA:XAUUSD,4554.535,4556.22,4551.225,4551.34,1703.0,False,True,False,False,False,True
2026-05-05 15:45:00,OANDA:XAUUSD,4551.39,4551.97,4545.68,4545.68,1567.0,False,True,False,True,False,True
2026-05-05 15:50:00,OANDA:XAUUSD,4545.7,4548.275,4544.42,4545.915,1431.0,False,False,False,True,False,False
2026-05-05 15:55:00,OANDA:XAUUSD,4545.89,4546.19,4543.42,4545.825,1214.0,False,False,False,True,False,False
2026-05-05 16:00:00,OANDA:XAUUSD,4545.815,4550.355,4545.69,4550.265,1836.0,True,False,False,False,True,False
2026-05-05 16:05:00,OANDA:XAUUSD,4550.32,4551.86,4547.005,4547.885,1864.0,False,False,False,False,False,False
2026-05-05 16:10:00,OANDA:XAUUSD,4547.89,4553.52,4546.69,4551.15,1941.0,False,False,True,False,False,False
2026-05-05 16:15:00,OANDA:XAUUSD,4551.135,4553.025,4549.36,4551.01,1701.0,False,False,False,False,False,False
2026-05-05 16:20:00,OANDA:XAUUSD,4551.015,4554.08,4549.65,4552.17,1640.0,False,False,True,False,False,False
2026-05-05 16:25:00,OANDA:XAUUSD,4552.185,4554.965,4551.03,4551.03,2259.0,False,False,True,False,False,False
2026-05-05 16:30:00,OANDA:XAUUSD,4551.06,4553.18,4550.575,4551.43,1822.0,False,False,False,False,False,False
2026-05-05 16:35:00,OANDA:XAUUSD,4551.425,4553.34,4547.985,4550.215,1436.0,False,False,False,False,False,True
2026-05-05 16:40:00,OANDA:XAUUSD,4550.21,4551.725,4548.49,4549.965,1744.0,False,False,False,False,False,False
2026-05-05 16:45:00,OANDA:XAUUSD,4549.975,4552.21,4548.46,4551.865,2135.0,True,False,False,False,True,False
2026-05-05 16:50:00,OANDA:XAUUSD,4551.86,4557.82,4551.855,4557.32,2172.0,True,False,True,False,True,False
2026-05-05 16:55:00,OANDA:XAUUSD,4557.23,4559.57,4555.505,4558.375,2424.0,False,False,True,False,True,False
2026-05-05 17:00:00,OANDA:XAUUSD,4558.36,4558.86,4553.63,4555.23,2887.0,False,False,False,False,False,True
2026-05-05 17:05:00,OANDA:XAUUSD,4555.24,4560.445,4555.185,4559.105,2286.0,False,False,True,False,True,False
2026-05-05 17:10:00,OANDA:XAUUSD,4559.085,4560.195,4556.71,4557.645,1613.0,False,False,False,False,False,False
2026-05-05 17:15:00,OANDA:XAUUSD,4557.59,4557.79,4553.85,4554.31,1426.0,False,True,False,False,False,True
2026-05-05 17:20:00,OANDA:XAUUSD,4554.37,4556.685,4553.185,4554.845,1366.0,False,False,False,True,False,False
2026-05-05 17:25:00,OANDA:XAUUSD,4554.815,4555.785,4552.175,4552.205,1214.0,False,False,False,True,False,True
2026-05-05 17:30:00,OANDA:XAUUSD,4552.25,4558.365,4550.985,4553.64,2222.0,False,False,False,True,False,False
2026-05-05 17:35:00,OANDA:XAUUSD,4553.635,4556.82,4552.975,4554.98,1574.0,False,False,False,False,False,False
2026-05-05 17:40:00,OANDA:XAUUSD,4554.87,4556.47,4553.74,4555.4,673.0,False,False,False,False,False,False
2026-05-05 17:45:00,OANDA:XAUUSD,4555.37,4557.46,4553.085,4553.82,1123.0,False,False,False,False,False,False
2026-05-05 17:50:00,OANDA:XAUUSD,4553.85,4554.995,4552.89,4554.22,884.0,False,False,False,False,False,False
2026-05-05 17:55:00,OANDA:XAUUSD,4554.27,4556.78,4553.505,4556.515,873.0,False,False,False,False,True,False
2026-05-05 18:00:00,OANDA:XAUUSD,4556.53,4557.155,4554.85,4556.065,1655.0,False,False,False,False,False,False
2026-05-05 18:05:00,OANDA:XAUUSD,4556.02,4556.705,4552.085,4552.125,1073.0,False,True,False,True,False,True
2026-05-05 18:10:00,OANDA:XAUUSD,4552.12,4554.805,4550.73,4553.15,1365.0,False,False,False,True,False,False
2026-05-05 18:15:00,OANDA:XAUUSD,4553.145,4555.205,4551.275,4552.79,1513.0,False,False,False,False,False,False
2026-05-05 18:20:00,OANDA:XAUUSD,4552.495,4553.775,4552.34,4552.76,962.0,False,False,False,False,False,False
2026-05-05 18:25:00,OANDA:XAUUSD,4552.765,4552.765,4546.805,4547.815,1568.0,False,False,False,True,False,True
2026-05-05 18:30:00,OANDA:XAUUSD,4547.81,4554.385,4546.75,4553.55,2288.0,False,False,False,True,True,False
2026-05-05 18:35:00,OANDA:XAUUSD,4553.65,4554.095,4551.045,4551.05,1084.0,False,False,False,False,False,False
2026-05-05 18:40:00,OANDA:XAUUSD,4551.01,4551.01,4544.39,4545.305,1629.0,False,True,False,True,False,True
2026-05-05 18:45:00,OANDA:XAUUSD,4545.315,4545.895,4544.185,4544.425,1547.0,False,False,False,True,False,False
2026-05-05 18:50:00,OANDA:XAUUSD,4544.415,4544.86,4540.13,4541.09,1584.0,False,False,False,True,False,True
2026-05-05 18:55:00,OANDA:XAUUSD,4541.24,4544.97,4540.905,4543.77,1827.0,False,False,False,False,False,False
2026-05-05 19:00:00,OANDA:XAUUSD,4543.755,4544.77,4539.96,4543.49,1805.0,False,False,False,True,False,False
2026-05-05 19:05:00,OANDA:XAUUSD,4543.495,4550.045,4542.99,4550.035,993.0,True,False,False,False,True,False
2026-05-05 19:10:00,OANDA:XAUUSD,4550.015,4553.225,4549.515,4552.88,1319.0,False,False,True,False,True,False
2026-05-05 19:15:00,OANDA:XAUUSD,4552.795,4555.96,4549.85,4550.02,2240.0,False,False,True,False,False,False
2026-05-05 19:20:00,OANDA:XAUUSD,4550.03,4556.52,4549.845,4554.265,1945.0,False,False,True,False,False,False
2026-05-05 19:25:00,OANDA:XAUUSD,4554.43,4557.82,4553.67,4556.325,1740.0,False,False,True,False,False,False
2026-05-05 19:30:00,OANDA:XAUUSD,4556.32,4558.975,4555.21,4557.01,1500.0,False,False,True,False,False,False
2026-05-05 19:35:00,OANDA:XAUUSD,4557.005,4560.86,4556.41,4556.755,1478.0,False,False,True,False,False,False
2026-05-05 19:40:00,OANDA:XAUUSD,4556.76,4564.78,4556.13,4563.46,2167.0,False,False,True,False,True,False
2026-05-05 19:45:00,OANDA:XAUUSD,4563.485,4564.87,4560.385,4562.21,1767.0,False,False,True,False,False,False
2026-05-05 19:50:00,OANDA:XAUUSD,4562.225,4562.285,4559.6,4561.12,1003.0,False,False,False,False,False,False
2026-05-05 19:55:00,OANDA:XAUUSD,4561.17,4562.99,4559.26,4562.99,816.0,False,False,False,False,True,False
2026-05-05 20:00:00,OANDA:XAUUSD,4562.985,4563.38,4554.195,4556.97,2027.0,False,False,False,True,False,True
2026-05-05 20:05:00,OANDA:XAUUSD,4556.985,4563.935,4556.09,4558.41,4413.0,False,False,False,False,False,False
2026-05-05 20:10:00,OANDA:XAUUSD,4558.39,4567.32,4558.175,4565.08,4399.0,False,False,True,False,True,False
2026-05-05 20:15:00,OANDA:XAUUSD,4565.07,4566.66,4561.155,4561.905,1690.0,False,False,False,False,False,False
2026-05-05 20:20:00,OANDA:XAUUSD,4561.88,4572.26,4561.795,4572.1,3558.0,True,False,True,False,True,False
2026-05-05 20:25:00,OANDA:XAUUSD,4572.095,4574.315,4571.305,4573.755,2292.0,False,False,True,False,True,False
2026-05-05 20:30:00,OANDA:XAUUSD,4573.77,4574.595,4566.765,4569.18,2321.0,False,True,True,False,False,True
2026-05-05 20:35:00,OANDA:XAUUSD,4569.36,4570.965,4566.72,4570.02,1968.0,False,False,False,False,False,False
2026-05-05 20:40:00,OANDA:XAUUSD,4570.015,4570.275,4566.95,4567.145,1443.0,False,False,False,False,False,False
2026-05-05 20:45:00,OANDA:XAUUSD,4567.175,4568.59,4562.98,4563.705,1947.0,False,True,False,False,False,True
2026-05-05 20:50:00,OANDA:XAUUSD,4563.735,4564.69,4561.775,4563.045,1502.0,False,False,False,True,False,False
2026-05-05 20:55:00,OANDA:XAUUSD,4563.055,4565.96,4562.59,4564.41,1873.0,False,False,False,False,False,False
2026-05-05 21:00:00,OANDA:XAUUSD,4564.42,4575.34,4564.42,4574.085,2730.0,True,False,True,False,True,False
2026-05-05 21:05:00,OANDA:XAUUSD,4574.095,4580.705,4574.01,4576.115,2826.0,False,False,True,False,True,False
2026-05-05 21:10:00,OANDA:XAUUSD,4576.125,4580.955,4574.635,4578.765,2740.0,False,False,True,False,False,False
2026-05-05 21:15:00,OANDA:XAUUSD,4578.915,4585.205,4578.5,4580.93,2600.0,False,False,True,False,False,False
2026-05-05 21:20:00,OANDA:XAUUSD,4580.935,4581.94,4576.275,4576.67,2187.0,False,False,False,False,False,True
2026-05-05 21:25:00,OANDA:XAUUSD,4576.695,4581.45,4576.335,4576.9,3001.0,False,False,False,False,False,False
2026-05-05 21:30:00,OANDA:XAUUSD,4576.99,4582.065,4576.4,4580.595,5610.0,False,False,False,False,False,False
2026-05-05 21:35:00,OANDA:XAUUSD,4580.68,4581.485,4572.78,4574.72,4767.0,False,False,False,True,False,True
2026-05-05 21:40:00,OANDA:XAUUSD,4574.765,4577.42,4571.49,4574.105,2925.0,False,False,False,True,False,False
2026-05-05 21:45:00,OANDA:XAUUSD,4574.055,4577.2,4572.83,4575.91,3145.0,False,False,False,False,False,False
2026-05-05 21:50:00,OANDA:XAUUSD,4575.97,4583.215,4575.39,4580.76,3385.0,True,False,True,False,True,False
2026-05-05 21:55:00,OANDA:XAUUSD,4580.72,4581.21,4577.6,4579.47,1821.0,False,False,False,False,False,False
2026-05-05 22:00:00,OANDA:XAUUSD,4579.57,4584.335,4575.725,4578.68,3797.0,False,False,True,False,False,False
2026-05-05 22:05:00,OANDA:XAUUSD,4578.84,4584.65,4577.505,4583.86,2962.0,False,False,True,False,False,False
2026-05-05 22:10:00,OANDA:XAUUSD,4583.855,4584.02,4570.82,4573.685,4687.0,False,True,False,True,False,True
2026-05-05 22:15:00,OANDA:XAUUSD,4573.695,4573.785,4565.985,4570.47,6029.0,False,False,False,True,False,True
2026-05-05 22:20:00,OANDA:XAUUSD,4570.4,4579.655,4568.035,4579.005,3770.0,True,False,False,False,True,False
2026-05-05 22:25:00,OANDA:XAUUSD,4579.03,4586.605,4579.005,4584.065,2863.0,True,False,True,False,True,False
2026-05-05 22:30:00,OANDA:XAUUSD,4584.21,4585.67,4580.165,4581.88,2932.0,False,False,False,False,False,False
2026-05-05 22:35:00,OANDA:XAUUSD,4581.83,4582.68,4577.505,4581.33,2475.0,False,False,False,False,False,False
2026-05-05 22:40:00,OANDA:XAUUSD,4581.37,4585.42,4580.825,4582.885,2323.0,False,False,False,False,True,False
2026-05-05 22:45:00,OANDA:XAUUSD,4583.17,4583.17,4575.915,4577.83,2602.0,False,True,False,False,False,True
2026-05-05 22:50:00,OANDA:XAUUSD,4577.875,4579.43,4575.46,4578.58,2026.0,False,False,False,True,False,False
2026-05-05 22:55:00,OANDA:XAUUSD,4578.51,4582.54,4578.36,4582.39,2361.0,False,False,False,False,True,False
2026-05-05 23:00:00,OANDA:XAUUSD,4582.44,4583.85,4577.87,4583.63,2578.0,False,False,False,False,True,False
2026-05-05 23:05:00,OANDA:XAUUSD,4583.635,4583.635,4580.19,4580.31,1983.0,False,False,False,False,False,False
2026-05-05 23:10:00,OANDA:XAUUSD,4580.4,4581.84,4579.53,4580.885,1682.0,False,False,False,False,False,False
2026-05-05 23:15:00,OANDA:XAUUSD,4581.14,4581.655,4577.995,4578.385,1493.0,False,False,False,False,False,True
2026-05-05 23:20:00,OANDA:XAUUSD,4578.475,4580.165,4575.64,4576.725,1820.0,False,False,False,True,False,True
2026-05-05 23:25:00,OANDA:XAUUSD,4576.765,4579.535,4575.435,4579.31,3041.0,False,False,False,True,False,False
2026-05-05 23:30:00,OANDA:XAUUSD,4579.325,4581.005,4576.725,4577.77,2917.0,False,False,False,False,False,False
2026-05-05 23:35:00,OANDA:XAUUSD,4577.82,4579.405,4575.19,4576.035,1198.0,False,True,False,True,False,True
2026-05-05 23:40:00,OANDA:XAUUSD,4576.03,4576.21,4572.715,4572.98,1363.0,False,False,False,True,False,True
2026-05-05 23:45:00,OANDA:XAUUSD,4573.015,4575.48,4572.37,4574.245,2242.0,False,False,False,True,False,False
2026-05-05 23:50:00,OANDA:XAUUSD,4574.235,4575.945,4569.96,4570.89,1333.0,False,True,False,True,False,True
2026-05-05 23:55:00,OANDA:XAUUSD,4570.805,4571.27,4568.43,4568.685,2269.0,False,True,False,True,False,True
2026-05-06 00:00:00,OANDA:XAUUSD,4568.655,4569.125,4564.57,4567.15,1827.0,False,True,False,True,False,True
2026-05-06 00:05:00,OANDA:XAUUSD,4567.25,4568.07,4562.88,4564.425,2115.0,False,False,False,True,False,True
2026-05-06 00:10:00,OANDA:XAUUSD,4564.42,4566.565,4562.4,4566.275,1278.0,False,False,False,True,False,False
2026-05-06 00:15:00,OANDA:XAUUSD,4566.225,4566.3,4563.55,4564.645,1530.0,False,False,False,False,False,False
2026-05-06 00:20:00,OANDA:XAUUSD,4564.53,4565.725,4561.71,4561.77,1522.0,False,True,False,True,False,True
2026-05-06 00:25:00,OANDA:XAUUSD,4561.765,4561.955,4556.245,4559.775,3387.0,False,True,False,True,False,True
2026-05-06 00:30:00,OANDA:XAUUSD,4560.035,4560.15,4553.77,4558.115,2051.0,False,False,False,True,False,False
2026-05-06 00:35:00,OANDA:XAUUSD,4558.12,4559.49,4555.99,4556.08,2483.0,False,False,False,False,False,False
2026-05-06 00:40:00,OANDA:XAUUSD,4556.09,4559.035,4556.015,4556.775,1961.0,False,False,False,False,False,False
2026-05-06 00:45:00,OANDA:XAUUSD,4556.75,4558.215,4555.885,4557.595,1542.0,False,False,False,False,False,False
2026-05-06 00:50:00,OANDA:XAUUSD,4557.61,4560.485,4557.565,4560.12,2011.0,True,False,False,False,True,False
2026-05-06 00:55:00,OANDA:XAUUSD,4560.105,4562.955,4560.03,4561.295,1639.0,False,False,True,False,True,False
2026-05-06 01:00:00,OANDA:XAUUSD,4561.28,4562.72,4558.795,4559.29,1786.0,False,True,False,False,False,True
2026-05-06 01:05:00,OANDA:XAUUSD,4559.28,4559.895,4553.57,4554.855,2016.0,False,True,False,True,False,True
2026-05-06 01:10:00,OANDA:XAUUSD,4554.84,4556.35,4553.355,4556.305,2006.0,False,False,False,True,False,False
2026-05-06 01:15:00,OANDA:XAUUSD,4556.31,4561.175,4556.26,4561.145,1620.0,True,False,False,False,True,False
2026-05-06 01:20:00,OANDA:XAUUSD,4561.13,4561.77,4559.32,4559.375,2146.0,False,False,False,False,False,False
2026-05-06 01:25:00,OANDA:XAUUSD,4559.36,4560.325,4557.66,4558.815,2626.0,False,False,False,False,False,True
2026-05-06 01:30:00,OANDA:XAUUSD,4558.82,4561.93,4556.185,4561.52,2787.0,False,False,True,False,True,False
2026-05-06 01:35:00,OANDA:XAUUSD,4561.485,4562.79,4560.015,4561.065,2214.0,False,False,True,False,False,False
2026-05-06 01:40:00,OANDA:XAUUSD,4561.07,4562.555,4560.575,4560.65,1474.0,False,False,False,False,False,False
2026-05-06 01:45:00,OANDA:XAUUSD,4560.655,4562.275,4559.91,4562.14,1153.0,False,False,False,False,False,False
2026-05-06 01:50:00,OANDA:XAUUSD,4562.135,4562.135,4558.385,4558.83,1196.0,False,False,False,False,False,True
2026-05-06 01:55:00,OANDA:XAUUSD,4558.875,4560.26,4558.51,4559.94,961.0,False,False,False,False,False,False
2026-05-06 02:00:00,OANDA:XAUUSD,4559.975,4561.43,4558.805,4559.685,1234.0,False,False,False,False,False,False
2026-05-06 02:05:00,OANDA:XAUUSD,4559.7,4562.14,4559.69,4560.92,944.0,False,False,False,False,False,False
2026-05-06 02:10:00,OANDA:XAUUSD,4560.915,4565.02,4559.955,4564.345,1325.0,True,False,True,False,True,False
2026-05-06 02:15:00,OANDA:XAUUSD,4564.36,4565.605,4562.475,4562.545,1317.0,False,False,True,False,False,False
2026-05-06 02:20:00,OANDA:XAUUSD,4562.595,4563.565,4561.285,4561.99,1135.0,False,False,False,False,False,True
2026-05-06 02:25:00,OANDA:XAUUSD,4561.895,4563.275,4561.42,4562.045,1071.0,False,False,False,False,False,False
2026-05-06 02:30:00,OANDA:XAUUSD,4562.17,4562.51,4559.095,4559.11,1129.0,False,True,False,True,False,True
2026-05-06 02:35:00,OANDA:XAUUSD,4559.135,4560.065,4558.5,4559.69,1068.0,False,False,False,True,False,False
2026-05-06 02:40:00,OANDA:XAUUSD,4559.64,4562.525,4557.55,4561.635,1319.0,True,False,False,True,True,False
2026-05-06 02:45:00,OANDA:XAUUSD,4561.615,4565.83,4561.57,4562.775,2191.0,False,False,True,False,True,False
2026-05-06 02:50:00,OANDA:XAUUSD,4562.77,4563.425,4560.53,4560.67,2085.0,False,True,False,False,False,True
2026-05-06 02:55:00,OANDA:XAUUSD,4560.68,4561.46,4559.64,4560.965,1286.0,False,False,False,False,False,False
2026-05-06 03:00:00,OANDA:XAUUSD,4561.095,4561.47,4558.375,4558.785,1743.0,False,False,False,False,False,True
2026-05-06 03:05:00,OANDA:XAUUSD,4558.995,4560.305,4557.715,4557.97,1185.0,False,False,False,False,False,True
2026-05-06 03:10:00,OANDA:XAUUSD,4557.96,4558.845,4556.915,4557.185,981.0,False,False,False,True,False,True
2026-05-06 03:15:00,OANDA:XAUUSD,4557.195,4558.485,4555.155,4558.33,1313.0,False,False,False,True,False,False
2026-05-06 03:20:00,OANDA:XAUUSD,4558.38,4558.99,4556.86,4557.225,934.0,False,False,False,False,False,False
2026-05-06 03:25:00,OANDA:XAUUSD,4557.22,4557.415,4555.655,4556.475,1270.0,False,False,False,False,False,True
2026-05-06 03:30:00,OANDA:XAUUSD,4556.465,4557.55,4556.235,4556.535,1029.0,False,False,False,False,False,False
2026-05-06 03:35:00,OANDA:XAUUSD,4556.58,4558.255,4555.82,4556.955,817.0,False,False,False,False,False,False
2026-05-06 03:40:00,OANDA:XAUUSD,4556.905,4557.13,4555.665,4555.75,721.0,False,False,False,False,False,True
2026-05-06 03:45:00,OANDA:XAUUSD,4555.76,4558.905,4555.105,4558.905,1108.0,False,False,False,True,True,False
2026-05-06 03:50:00,OANDA:XAUUSD,4558.885,4558.885,4554.285,4554.98,1701.0,False,False,False,True,False,True
2026-05-06 03:55:00,OANDA:XAUUSD,4555.005,4555.84,4551.625,4555.26,3360.0,False,False,False,True,False,False
2026-05-06 04:00:00,OANDA:XAUUSD,4555.14,4555.885,4554.23,4554.635,1352.0,False,False,False,False,False,False
2026-05-06 04:05:00,OANDA:XAUUSD,4554.64,4556.545,4554.495,4556.1,882.0,False,False,False,False,True,False
2026-05-06 04:10:00,OANDA:XAUUSD,4556.09,4557.365,4555.785,4557.185,751.0,False,False,False,False,True,False
2026-05-06 04:15:00,OANDA:XAUUSD,4557.185,4558.02,4556.045,4556.7,1163.0,False,False,False,False,False,False
2026-05-06 04:20:00,OANDA:XAUUSD,4556.705,4556.965,4555.63,4556.57,843.0,False,False,False,False,False,False
2026-05-06 04:25:00,OANDA:XAUUSD,4556.55,4560.005,4556.525,4559.445,1492.0,True,False,True,False,True,False
2026-05-06 04:30:00,OANDA:XAUUSD,4559.455,4560.18,4557.66,4557.905,890.0,False,False,True,False,False,False
2026-05-06 04:35:00,OANDA:XAUUSD,4557.9,4557.9,4555.845,4556.015,557.0,False,True,False,False,False,True
2026-05-06 04:40:00,OANDA:XAUUSD,4555.965,4556.75,4555.01,4555.85,672.0,False,False,False,True,False,False
2026-05-06 04:45:00,OANDA:XAUUSD,4555.705,4556.615,4555.04,4556.225,596.0,False,False,False,False,False,False
2026-05-06 04:50:00,OANDA:XAUUSD,4556.19,4556.8,4554.67,4555.315,376.0,False,False,False,True,False,False
2026-05-06 04:55:00,OANDA:XAUUSD,4555.12,4557.725,4555.08,4557.535,818.0,False,True,False,False,True,False
2026-05-06 06:00:00,OANDA:XAUUSD,4552.07,4553.685,4552.07,4552.56,25.0,False,True,False,True,False,True
2026-05-06 06:05:00,OANDA:XAUUSD,4552.765,4552.765,4549.285,4551.72,864.0,False,False,False,True,False,True
2026-05-06 06:10:00,OANDA:XAUUSD,4551.705,4552.455,4550.0,4550.855,955.0,False,False,False,False,False,False
2026-05-06 06:15:00,OANDA:XAUUSD,4550.775,4551.15,4548.76,4549.15,975.0,False,False,False,True,False,True
2026-05-06 06:20:00,OANDA:XAUUSD,4549.16,4550.32,4547.795,4549.87,998.0,False,False,False,True,False,False
2026-05-06 06:25:00,OANDA:XAUUSD,4549.855,4550.0,4546.565,4546.92,1051.0,False,False,False,True,False,True
2026-05-06 06:30:00,OANDA:XAUUSD,4546.925,4549.48,4546.36,4549.23,674.0,False,False,False,True,False,False
2026-05-06 06:35:00,OANDA:XAUUSD,4549.2,4551.055,4549.09,4550.085,636.0,False,False,False,False,True,False
2026-05-06 06:40:00,OANDA:XAUUSD,4550.145,4550.97,4548.77,4548.89,590.0,False,True,False,False,False,True
2026-05-06 06:45:00,OANDA:XAUUSD,4548.74,4548.8,4547.16,4547.785,627.0,False,False,False,False,False,True
2026-05-06 06:50:00,OANDA:XAUUSD,4547.795,4559.065,4547.475,4558.95,3397.0,True,False,True,False,True,False
2026-05-06 06:55:00,OANDA:XAUUSD,4558.995,4577.46,4558.995,4573.51,4246.0,True,False,True,False,True,False
2026-05-06 07:00:00,OANDA:XAUUSD,4573.42,4575.74,4569.565,4575.175,1905.0,False,False,False,False,False,False
2026-05-06 07:05:00,OANDA:XAUUSD,4575.055,4580.63,4572.98,4579.53,1890.0,True,False,True,False,True,False
2026-05-06 07:10:00,OANDA:XAUUSD,4579.43,4590.57,4577.68,4588.71,4202.0,True,False,True,False,True,False
2026-05-06 07:15:00,OANDA:XAUUSD,4588.675,4589.49,4583.515,4585.735,2937.0,False,False,False,False,False,False
2026-05-06 07:20:00,OANDA:XAUUSD,4585.895,4589.08,4583.295,4584.485,2792.0,False,False,False,False,False,False
2026-05-06 07:25:00,OANDA:XAUUSD,4584.375,4585.115,4582.18,4582.22,1210.0,False,False,False,False,False,True
2026-05-06 07:30:00,OANDA:XAUUSD,4582.29,4585.78,4579.665,4584.4,1538.0,False,False,False,False,False,False
2026-05-06 07:35:00,OANDA:XAUUSD,4584.405,4587.5,4583.755,4586.83,961.0,False,False,False,False,True,False
2026-05-06 07:40:00,OANDA:XAUUSD,4586.845,4588.595,4585.005,4585.3,1431.0,False,False,False,False,False,False
2026-05-06 07:45:00,OANDA:XAUUSD,4585.45,4594.335,4584.72,4594.045,1479.0,True,False,True,False,True,False
2026-05-06 07:50:00,OANDA:XAUUSD,4593.93,4594.87,4591.88,4592.01,1387.0,False,False,True,False,False,False
2026-05-06 07:55:00,OANDA:XAUUSD,4592.02,4596.0,4591.055,4593.87,1130.0,False,False,True,False,False,False
2026-05-06 08:00:00,OANDA:XAUUSD,4593.735,4598.46,4591.74,4595.68,3072.0,False,False,True,False,False,False
2026-05-06 08:05:00,OANDA:XAUUSD,4595.78,4596.335,4591.32,4592.64,1967.0,False,False,False,False,False,False
2026-05-06 08:10:00,OANDA:XAUUSD,4592.715,4593.175,4589.36,4591.83,1288.0,False,False,False,False,False,False
2026-05-06 08:15:00,OANDA:XAUUSD,4591.71,4597.795,4588.33,4596.39,1813.0,True,False,False,True,True,False
2026-05-06 08:20:00,OANDA:XAUUSD,4596.4,4603.07,4596.28,4602.445,2381.0,True,False,True,False,True,False
2026-05-06 08:25:00,OANDA:XAUUSD,4602.4,4604.3,4600.095,4602.395,1610.0,False,False,True,False,False,False
2026-05-06 08:30:00,OANDA:XAUUSD,4602.39,4609.14,4602.135,4608.99,1627.0,True,False,True,False,True,False
2026-05-06 08:35:00,OANDA:XAUUSD,4608.98,4610.345,4607.77,4608.44,1435.0,False,False,True,False,False,False
2026-05-06 08:40:00,OANDA:XAUUSD,4608.4,4611.02,4607.8,4610.375,1784.0,False,False,True,False,True,False
2026-05-06 08:45:00,OANDA:XAUUSD,4610.37,4611.07,4609.56,4610.04,1907.0,False,False,True,False,False,False
2026-05-06 08:50:00,OANDA:XAUUSD,4610.115,4611.32,4610.08,4610.925,1635.0,False,False,True,False,False,False
2026-05-06 08:55:00,OANDA:XAUUSD,4610.935,4619.97,4610.86,4618.8,2385.0,True,False,True,False,True,False
2026-05-06 09:00:00,OANDA:XAUUSD,4618.645,4622.855,4613.055,4615.56,5346.0,False,False,True,False,False,False
2026-05-06 09:05:00,OANDA:XAUUSD,4615.51,4615.785,4611.08,4612.58,1834.0,False,True,False,False,False,True
2026-05-06 09:10:00,OANDA:XAUUSD,4612.6,4612.99,4609.63,4611.555,1259.0,False,False,False,False,False,False
2026-05-06 09:15:00,OANDA:XAUUSD,4611.395,4618.86,4609.88,4617.935,2284.0,True,False,False,False,True,False
2026-05-06 09:20:00,OANDA:XAUUSD,4617.945,4624.24,4616.435,4623.825,2523.0,True,False,True,False,True,False
2026-05-06 09:25:00,OANDA:XAUUSD,4623.79,4625.825,4621.495,4624.915,2065.0,False,False,True,False,True,False
2026-05-06 09:30:00,OANDA:XAUUSD,4624.92,4626.33,4620.56,4622.94,3061.0,False,False,True,False,False,False
2026-05-06 09:35:00,OANDA:XAUUSD,4622.945,4624.855,4620.635,4624.275,1863.0,False,False,False,False,False,False
2026-05-06 09:40:00,OANDA:XAUUSD,4624.28,4625.325,4622.095,4624.215,1596.0,False,False,False,False,False,False
2026-05-06 09:45:00,OANDA:XAUUSD,4624.14,4628.915,4623.68,4628.66,2170.0,False,False,True,False,True,False
2026-05-06 09:50:00,OANDA:XAUUSD,4628.67,4628.765,4624.125,4625.005,2110.0,False,False,False,False,False,False
2026-05-06 09:55:00,OANDA:XAUUSD,4625.025,4627.04,4624.13,4626.225,1483.0,False,False,False,False,False,False
2026-05-06 10:00:00,OANDA:XAUUSD,4626.2,4629.0,4625.555,4628.015,1681.0,True,False,True,False,True,False
2026-05-06 10:05:00,OANDA:XAUUSD,4628.005,4633.715,4627.665,4633.07,2147.0,True,False,True,False,True,False
2026-05-06 10:10:00,OANDA:XAUUSD,4633.155,4634.605,4630.23,4633.65,1552.0,False,False,True,False,False,False
2026-05-06 10:15:00,OANDA:XAUUSD,4633.595,4636.475,4632.66,4634.555,1704.0,False,False,True,False,False,False
2026-05-06 10:20:00,OANDA:XAUUSD,4634.53,4636.1,4632.055,4633.97,1744.0,False,False,False,False,False,False
2026-05-06 10:25:00,OANDA:XAUUSD,4633.96,4634.77,4629.81,4630.19,1023.0,False,False,False,False,False,True
2026-05-06 10:30:00,OANDA:XAUUSD,4630.36,4632.44,4627.07,4631.605,2283.0,False,False,False,True,False,False
2026-05-06 10:35:00,OANDA:XAUUSD,4631.85,4634.375,4630.59,4630.92,1341.0,False,False,False,False,False,False
2026-05-06 10:40:00,OANDA:XAUUSD,4630.94,4635.265,4630.185,4634.645,1233.0,False,False,False,False,True,False
2026-05-06 10:45:00,OANDA:XAUUSD,4634.62,4638.74,4633.74,4635.61,1521.0,False,False,True,False,True,False
2026-05-06 10:50:00,OANDA:XAUUSD,4635.645,4638.995,4634.785,4638.885,1388.0,False,False,True,False,True,False
2026-05-06 10:55:00,OANDA:XAUUSD,4638.89,4642.195,4638.705,4640.95,1411.0,False,False,True,False,True,False
2026-05-06 11:00:00,OANDA:XAUUSD,4640.925,4642.625,4638.67,4641.18,2415.0,False,False,True,False,False,False
2026-05-06 11:05:00,OANDA:XAUUSD,4641.155,4645.765,4640.475,4644.915,1427.0,True,False,True,False,True,False
2026-05-06 11:10:00,OANDA:XAUUSD,4644.935,4650.66,4643.34,4647.895,1664.0,True,False,True,False,True,False
2026-05-06 11:15:00,OANDA:XAUUSD,4647.86,4650.535,4646.405,4649.58,1481.0,False,False,False,False,False,False
2026-05-06 11:20:00,OANDA:XAUUSD,4649.515,4651.34,4645.04,4645.87,1371.0,False,False,True,False,False,True
2026-05-06 11:25:00,OANDA:XAUUSD,4645.86,4646.89,4644.605,4645.89,1088.0,False,False,False,False,False,False
2026-05-06 11:30:00,OANDA:XAUUSD,4645.84,4645.84,4642.715,4644.125,1249.0,False,False,False,False,False,True
2026-05-06 11:35:00,OANDA:XAUUSD,4644.12,4652.13,4643.675,4651.37,2034.0,False,False,True,False,True,False
2026-05-06 11:40:00,OANDA:XAUUSD,4651.365,4651.73,4645.365,4647.91,1411.0,False,False,False,False,False,False
2026-05-06 11:45:00,OANDA:XAUUSD,4647.8,4648.58,4644.17,4644.375,1117.0,False,False,False,False,False,True
2026-05-06 11:50:00,OANDA:XAUUSD,4644.36,4646.555,4643.785,4644.04,1044.0,False,False,False,False,False,True
2026-05-06 11:55:00,OANDA:XAUUSD,4644.075,4645.015,4642.85,4643.65,974.0,False,False,False,False,False,True
2026-05-06 12:00:00,OANDA:XAUUSD,4643.645,4646.075,4643.455,4644.79,869.0,False,False,False,False,False,False
2026-05-06 12:05:00,OANDA:XAUUSD,4644.74,4647.915,4643.6,4645.965,1132.0,False,False,False,False,False,False
2026-05-06 12:10:00,OANDA:XAUUSD,4645.96,4647.795,4645.56,4647.79,1095.0,False,False,False,False,False,False
2026-05-06 12:15:00,OANDA:XAUUSD,4647.785,4648.885,4645.66,4645.835,1177.0,False,False,True,False,False,False
2026-05-06 12:20:00,OANDA:XAUUSD,4645.935,4646.64,4645.535,4646.59,864.0,False,False,False,False,False,False
2026-05-06 12:25:00,OANDA:XAUUSD,4646.585,4653.585,4645.73,4652.695,2713.0,True,False,True,False,True,False
2026-05-06 12:30:00,OANDA:XAUUSD,4652.63,4652.63,4649.38,4649.865,2472.0,False,False,False,False,False,False
2026-05-06 12:35:00,OANDA:XAUUSD,4649.925,4651.54,4648.28,4649.145,2703.0,False,False,False,False,False,True
2026-05-06 12:40:00,OANDA:XAUUSD,4649.12,4650.375,4645.9,4647.875,2621.0,False,False,False,False,False,True
2026-05-06 12:45:00,OANDA:XAUUSD,4647.87,4652.565,4647.175,4650.29,2228.0,False,False,False,False,False,False
2026-05-06 12:50:00,OANDA:XAUUSD,4650.285,4651.87,4648.395,4649.015,1713.0,False,False,False,False,False,False
2026-05-06 12:55:00,OANDA:XAUUSD,4649.01,4651.075,4648.715,4648.815,1655.0,False,False,False,False,False,False
2026-05-06 13:00:00,OANDA:XAUUSD,4648.82,4653.77,4648.69,4652.11,1472.0,False,False,True,False,True,False
2026-05-06 13:05:00,OANDA:XAUUSD,4651.97,4656.5,4650.57,4655.42,1342.0,False,False,True,False,True,False
2026-05-06 13:10:00,OANDA:XAUUSD,4655.39,4656.205,4652.985,4654.84,1368.0,False,False,False,False,False,False
2026-05-06 13:15:00,OANDA:XAUUSD,4654.825,4654.825,4649.645,4651.845,1299.0,False,False,False,False,False,True
2026-05-06 13:20:00,OANDA:XAUUSD,4651.88,4653.97,4650.11,4653.865,1073.0,False,False,False,False,False,False
2026-05-06 13:25:00,OANDA:XAUUSD,4654.04,4655.44,4650.51,4650.51,991.0,False,False,False,False,False,False
2026-05-06 13:30:00,OANDA:XAUUSD,4650.44,4652.08,4645.21,4646.78,2119.0,False,True,False,True,False,True
2026-05-06 13:35:00,OANDA:XAUUSD,4646.85,4647.85,4644.765,4647.025,967.0,False,False,False,True,False,False
2026-05-06 13:40:00,OANDA:XAUUSD,4647.01,4651.265,4645.205,4650.135,1262.0,True,False,False,False,True,False
2026-05-06 13:45:00,OANDA:XAUUSD,4650.13,4651.84,4649.43,4649.69,1625.0,False,False,False,False,False,False
2026-05-06 13:50:00,OANDA:XAUUSD,4649.705,4653.56,4649.705,4653.14,1410.0,True,False,False,False,True,False
2026-05-06 13:55:00,OANDA:XAUUSD,4653.145,4663.95,4652.08,4663.22,3114.0,True,False,True,False,True,False
2026-05-06 14:00:00,OANDA:XAUUSD,4663.21,4665.735,4658.385,4658.495,3226.0,False,False,True,False,False,False
2026-05-06 14:05:00,OANDA:XAUUSD,4658.5,4666.025,4657.07,4663.485,2300.0,False,False,True,False,False,False
2026-05-06 14:10:00,OANDA:XAUUSD,4663.475,4664.43,4660.455,4660.465,2673.0,False,False,False,False,False,False
2026-05-06 14:15:00,OANDA:XAUUSD,4660.47,4661.685,4658.51,4658.545,1755.0,False,False,False,False,False,True
2026-05-06 14:20:00,OANDA:XAUUSD,4658.395,4664.97,4658.14,4662.81,1899.0,True,False,False,False,True,False
2026-05-06 14:25:00,OANDA:XAUUSD,4662.84,4666.825,4661.84,4666.22,1551.0,False,False,True,False,True,False
2026-05-06 14:30:00,OANDA:XAUUSD,4666.32,4668.345,4663.385,4663.995,2018.0,False,False,True,False,False,False
2026-05-06 14:35:00,OANDA:XAUUSD,4663.965,4668.755,4662.23,4666.085,2035.0,False,False,True,False,False,False
2026-05-06 14:40:00,OANDA:XAUUSD,4666.095,4667.91,4660.125,4664.355,3219.0,False,False,False,False,False,False
2026-05-06 14:45:00,OANDA:XAUUSD,4664.36,4666.92,4663.76,4665.13,2269.0,False,False,False,False,False,False
2026-05-06 14:50:00,OANDA:XAUUSD,4665.135,4665.615,4663.05,4664.92,1703.0,False,False,False,False,False,False
2026-05-06 14:55:00,OANDA:XAUUSD,4664.905,4669.97,4664.545,4669.455,1626.0,False,False,True,False,True,False
2026-05-06 15:00:00,OANDA:XAUUSD,4669.46,4670.55,4665.42,4667.665,2554.0,False,False,True,False,False,False
2026-05-06 15:05:00,OANDA:XAUUSD,4667.675,4668.255,4666.035,4667.205,1243.0,False,False,False,False,False,False
2026-05-06 15:10:00,OANDA:XAUUSD,4667.24,4667.935,4658.445,4658.525,2077.0,False,True,False,True,False,True
2026-05-06 15:15:00,OANDA:XAUUSD,4658.515,4660.92,4657.47,4660.855,1762.0,False,False,False,True,False,False
2026-05-06 15:20:00,OANDA:XAUUSD,4660.74,4666.025,4659.695,4664.96,1687.0,True,False,False,False,True,False
2026-05-06 15:25:00,OANDA:XAUUSD,4664.965,4670.18,4663.45,4667.62,2494.0,False,False,False,False,True,False
2026-05-06 15:30:00,OANDA:XAUUSD,4667.69,4668.47,4663.29,4665.98,1559.0,False,False,False,False,False,False
2026-05-06 15:35:00,OANDA:XAUUSD,4665.97,4666.89,4663.125,4664.93,1570.0,False,False,False,False,False,False
2026-05-06 15:40:00,OANDA:XAUUSD,4664.895,4670.64,4664.61,4670.64,1108.0,True,False,True,False,True,False
2026-05-06 15:45:00,OANDA:XAUUSD,4670.56,4677.51,4670.31,4675.265,4154.0,True,False,True,False,True,False
2026-05-06 15:50:00,OANDA:XAUUSD,4675.26,4678.42,4673.875,4674.38,2327.0,False,False,True,False,False,False
2026-05-06 15:55:00,OANDA:XAUUSD,4674.415,4681.905,4674.245,4681.36,2796.0,False,False,True,False,True,False
2026-05-06 16:00:00,OANDA:XAUUSD,4681.325,4682.73,4675.88,4678.025,3587.0,False,False,True,False,False,False
2026-05-06 16:05:00,OANDA:XAUUSD,4677.965,4680.49,4675.515,4677.7,2223.0,False,False,False,False,False,False
2026-05-06 16:10:00,OANDA:XAUUSD,4677.675,4682.375,4676.93,4679.61,2391.0,False,False,False,False,False,False
2026-05-06 16:15:00,OANDA:XAUUSD,4679.535,4680.795,4677.58,4678.63,1939.0,False,False,False,False,False,False
2026-05-06 16:20:00,OANDA:XAUUSD,4678.62,4679.645,4676.885,4678.435,1731.0,False,False,False,False,False,False
2026-05-06 16:25:00,OANDA:XAUUSD,4678.385,4680.13,4676.81,4676.965,1420.0,False,False,False,False,False,False
2026-05-06 16:30:00,OANDA:XAUUSD,4676.96,4678.095,4675.355,4675.945,1971.0,False,True,False,True,False,True
2026-05-06 16:35:00,OANDA:XAUUSD,4675.995,4676.0,4671.655,4675.735,2464.0,False,False,False,True,False,False
2026-05-06 16:40:00,OANDA:XAUUSD,4675.725,4678.975,4673.34,4677.425,1778.0,True,False,False,False,True,False
2026-05-06 16:45:00,OANDA:XAUUSD,4677.48,4682.19,4677.43,4679.945,1516.0,True,False,True,False,True,False
2026-05-06 16:50:00,OANDA:XAUUSD,4679.925,4702.965,4679.715,4697.755,11598.0,True,False,True,False,True,False
2026-05-06 16:55:00,OANDA:XAUUSD,4697.805,4701.32,4693.005,4700.58,7263.0,False,False,False,False,False,False
2026-05-06 17:00:00,OANDA:XAUUSD,4700.63,4708.7,4692.195,4692.195,6248.0,False,False,True,False,False,True
2026-05-06 17:05:00,OANDA:XAUUSD,4692.19,4696.76,4689.08,4695.275,5407.0,False,False,False,False,False,False
2026-05-06 17:10:00,OANDA:XAUUSD,4695.3,4699.12,4693.92,4695.67,3433.0,False,False,False,False,False,False
2026-05-06 17:15:00,OANDA:XAUUSD,4695.655,4702.89,4694.82,4699.855,3535.0,False,False,False,False,True,False
2026-05-06 17:20:00,OANDA:XAUUSD,4699.92,4700.13,4691.61,4695.87,4638.0,False,False,False,False,False,False
2026-05-06 17:25:00,OANDA:XAUUSD,4696.04,4705.15,4694.57,4700.235,3754.0,False,False,False,False,True,False
2026-05-06 17:30:00,OANDA:XAUUSD,4700.16,4704.435,4696.245,4703.465,4440.0,False,False,False,False,False,False
2026-05-06 17:35:00,OANDA:XAUUSD,4703.485,4706.14,4701.715,4703.285,3614.0,False,False,True,False,False,False
2026-05-06 17:40:00,OANDA:XAUUSD,4703.305,4704.845,4695.84,4695.96,2625.0,False,False,False,False,False,True
2026-05-06 17:45:00,OANDA:XAUUSD,4695.97,4702.45,4694.265,4701.325,2975.0,False,False,False,False,False,False
2026-05-06 17:50:00,OANDA:XAUUSD,4701.32,4701.32,4697.375,4700.2,2466.0,False,False,False,False,False,False
2026-05-06 17:55:00,OANDA:XAUUSD,4700.22,4702.96,4700.22,4701.725,2348.0,False,False,False,False,True,False
2026-05-06 18:00:00,OANDA:XAUUSD,4701.73,4705.795,4698.89,4700.78,3532.0,False,False,False,False,False,False
2026-05-06 18:05:00,OANDA:XAUUSD,4700.76,4701.755,4696.015,4696.59,2631.0,False,False,False,False,False,True
2026-05-06 18:10:00,OANDA:XAUUSD,4696.6,4700.46,4696.05,4698.365,2711.0,False,False,False,False,False,False
2026-05-06 18:15:00,OANDA:XAUUSD,4698.325,4701.125,4695.705,4698.695,2473.0,False,False,False,True,False,False
2026-05-06 18:20:00,OANDA:XAUUSD,4698.705,4702.015,4697.48,4701.46,1893.0,False,False,False,False,True,False
2026-05-06 18:25:00,OANDA:XAUUSD,4701.49,4704.915,4701.125,4704.745,2278.0,True,False,False,False,True,False
2026-05-06 18:30:00,OANDA:XAUUSD,4704.72,4712.875,4704.7,4709.69,3789.0,True,False,True,False,True,False
2026-05-06 18:35:00,OANDA:XAUUSD,4709.76,4711.12,4708.085,4710.255,2458.0,False,False,False,False,False,False
2026-05-06 18:40:00,OANDA:XAUUSD,4710.265,4716.16,4709.935,4714.185,3389.0,False,False,True,False,True,False
2026-05-06 18:45:00,OANDA:XAUUSD,4714.215,4715.52,4707.41,4710.65,5139.0,False,False,False,False,False,False
2026-05-06 18:50:00,OANDA:XAUUSD,4710.64,4723.14,4710.215,4721.84,5278.0,True,False,True,False,True,False
2026-05-06 18:55:00,OANDA:XAUUSD,4721.77,4721.87,4716.065,4718.005,4410.0,False,False,False,False,False,False
2026-05-06 19:00:00,OANDA:XAUUSD,4717.98,4720.68,4711.585,4713.58,4431.0,False,False,False,False,False,True
2026-05-06 19:05:00,OANDA:XAUUSD,4713.62,4721.32,4713.285,4720.21,3221.0,False,False,False,False,False,False
2026-05-06 19:10:00,OANDA:XAUUSD,4720.215,4720.705,4709.26,4712.035,4091.0,False,False,False,False,False,True
2026-05-06 19:15:00,OANDA:XAUUSD,4711.98,4713.6,4709.365,4712.1,3437.0,False,False,False,False,False,False
2026-05-06 19:20:00,OANDA:XAUUSD,4712.1,4712.735,4709.105,4710.135,2705.0,False,False,False,True,False,False
2026-05-06 19:25:00,OANDA:XAUUSD,4710.155,4712.775,4705.665,4705.69,3209.0,False,False,False,True,False,True
2026-05-06 19:30:00,OANDA:XAUUSD,4705.77,4715.51,4704.31,4713.6,2927.0,False,False,False,True,True,False
2026-05-06 19:35:00,OANDA:XAUUSD,4713.595,4715.0,4709.8,4710.375,2560.0,False,False,False,False,False,False
2026-05-06 19:40:00,OANDA:XAUUSD,4710.37,4711.62,4697.73,4699.68,5519.0,False,True,False,True,False,True
2026-05-06 19:45:00,OANDA:XAUUSD,4699.725,4702.85,4697.16,4697.935,4404.0,False,False,False,True,False,False
2026-05-06 19:50:00,OANDA:XAUUSD,4698.02,4700.58,4696.26,4698.175,3368.0,False,False,False,True,False,False
2026-05-06 19:55:00,OANDA:XAUUSD,4698.185,4698.305,4690.98,4691.99,3351.0,False,True,False,True,False,True
2026-05-06 20:00:00,OANDA:XAUUSD,4691.995,4693.1,4681.095,4685.515,4773.0,False,True,False,True,False,True
2026-05-06 20:05:00,OANDA:XAUUSD,4685.56,4687.68,4680.09,4682.65,5301.0,False,False,False,True,False,False
2026-05-06 20:10:00,OANDA:XAUUSD,4682.46,4682.505,4670.73,4673.27,4779.0,False,True,False,True,False,True
2026-05-06 20:15:00,OANDA:XAUUSD,4672.965,4677.095,4660.435,4670.79,8136.0,False,False,False,True,False,False
2026-05-06 20:20:00,OANDA:XAUUSD,4670.65,4683.82,4669.405,4682.85,6134.0,True,False,False,False,True,False
2026-05-06 20:25:00,OANDA:XAUUSD,4682.9,4688.765,4682.385,4683.35,3999.0,False,False,False,False,False,False
2026-05-06 20:30:00,OANDA:XAUUSD,4683.385,4685.63,4678.205,4683.8,4143.0,False,False,False,False,False,False
2026-05-06 20:35:00,OANDA:XAUUSD,4683.83,4684.435,4679.22,4680.455,3352.0,False,False,False,False,False,False
2026-05-06 20:40:00,OANDA:XAUUSD,4680.41,4683.65,4679.285,4682.745,2989.0,False,False,False,False,False,False
2026-05-06 20:45:00,OANDA:XAUUSD,4682.75,4684.725,4678.985,4681.31,2276.0,False,False,False,False,False,False
2026-05-06 20:50:00,OANDA:XAUUSD,4681.32,4681.585,4677.07,4677.615,3061.0,False,False,False,True,False,True
2026-05-06 20:55:00,OANDA:XAUUSD,4677.595,4683.62,4676.965,4683.29,2619.0,False,False,False,True,True,False
2026-05-06 21:00:00,OANDA:XAUUSD,4683.325,4692.63,4677.42,4683.41,6119.0,False,False,True,False,False,False
2026-05-06 21:05:00,OANDA:XAUUSD,4683.425,4685.565,4669.02,4673.83,8482.0,False,False,False,True,False,True
2026-05-06 21:10:00,OANDA:XAUUSD,4674.05,4683.65,4672.45,4683.65,3942.0,False,False,False,False,False,False
2026-05-06 21:15:00,OANDA:XAUUSD,4683.655,4691.26,4682.85,4683.04,3806.0,False,False,False,False,False,False
2026-05-06 21:20:00,OANDA:XAUUSD,4682.94,4685.795,4679.565,4685.455,3030.0,False,False,False,False,False,False
2026-05-06 21:25:00,OANDA:XAUUSD,4685.47,4686.735,4682.625,4685.31,2221.0,False,False,False,False,False,False
2026-05-06 21:30:00,OANDA:XAUUSD,4685.295,4698.76,4680.325,4697.89,7092.0,True,False,True,False,True,False
2026-05-06 21:35:00,OANDA:XAUUSD,4697.84,4699.215,4693.235,4694.465,7366.0,False,False,True,False,False,False
2026-05-06 21:40:00,OANDA:XAUUSD,4694.48,4698.555,4693.305,4695.375,4993.0,False,False,False,False,False,False
2026-05-06 21:45:00,OANDA:XAUUSD,4695.37,4701.5,4692.58,4700.935,4454.0,False,False,True,False,True,False
2026-05-06 21:50:00,OANDA:XAUUSD,4700.98,4707.82,4693.725,4703.885,5554.0,True,False,True,False,True,False
2026-05-06 21:55:00,OANDA:XAUUSD,4703.9,4706.245,4701.68,4702.13,4874.0,False,False,False,False,False,False
2026-05-06 22:00:00,OANDA:XAUUSD,4702.13,4710.155,4700.9,4705.965,6171.0,False,False,True,False,False,False
2026-05-06 22:05:00,OANDA:XAUUSD,4705.975,4709.265,4697.71,4707.995,7287.0,False,False,False,False,False,False
2026-05-06 22:10:00,OANDA:XAUUSD,4707.985,4712.5,4706.2,4711.055,5126.0,True,False,True,False,True,False
2026-05-06 22:15:00,OANDA:XAUUSD,4711.225,4717.625,4711.215,4713.25,5674.0,False,False,True,False,True,False
2026-05-06 22:20:00,OANDA:XAUUSD,4713.26,4715.415,4708.575,4709.3,3931.0,False,False,False,False,False,True
2026-05-06 22:25:00,OANDA:XAUUSD,4709.32,4713.175,4704.83,4705.685,4112.0,False,False,False,False,False,True
2026-05-06 22:30:00,OANDA:XAUUSD,4705.85,4709.825,4704.705,4706.745,4649.0,False,False,False,False,False,False
2026-05-06 22:35:00,OANDA:XAUUSD,4706.725,4709.875,4705.02,4708.23,3921.0,False,False,False,False,False,False
2026-05-06 22:40:00,OANDA:XAUUSD,4708.245,4714.535,4706.115,4713.41,5868.0,False,False,False,False,True,False
2026-05-06 22:45:00,OANDA:XAUUSD,4713.415,4713.99,4704.99,4705.945,4585.0,False,False,False,False,False,True
2026-05-06 22:50:00,OANDA:XAUUSD,4705.925,4706.955,4700.835,4701.33,4104.0,False,False,False,True,False,True
2026-05-06 22:55:00,OANDA:XAUUSD,4701.375,4707.095,4701.375,4703.205,3413.0,False,False,False,False,False,False
2026-05-06 23:00:00,OANDA:XAUUSD,4703.17,4705.915,4700.47,4705.715,3666.0,False,False,False,True,False,False
2026-05-06 23:05:00,OANDA:XAUUSD,4705.78,4705.83,4697.57,4698.75,3570.0,False,False,False,True,False,True
2026-05-06 23:10:00,OANDA:XAUUSD,4698.7,4700.64,4693.5,4696.76,3260.0,False,False,False,True,False,True
2026-05-06 23:15:00,OANDA:XAUUSD,4696.82,4701.535,4694.35,4701.535,3136.0,False,False,False,False,True,False
2026-05-06 23:20:00,OANDA:XAUUSD,4701.54,4703.38,4698.53,4698.945,2505.0,False,False,False,False,False,False
2026-05-06 23:25:00,OANDA:XAUUSD,4699.02,4699.065,4695.19,4695.425,2059.0,False,True,False,False,False,True
2026-05-06 23:30:00,OANDA:XAUUSD,4695.64,4697.93,4693.29,4694.54,3076.0,False,False,False,True,False,True
2026-05-06 23:35:00,OANDA:XAUUSD,4694.575,4695.78,4691.69,4692.155,3103.0,False,False,False,True,False,True
2026-05-06 23:40:00,OANDA:XAUUSD,4692.21,4694.51,4689.4,4693.025,3428.0,False,False,False,True,False,False
2026-05-06 23:45:00,OANDA:XAUUSD,4693.035,4694.945,4690.955,4693.035,3436.0,False,False,False,False,False,False
2026-05-06 23:50:00,OANDA:XAUUSD,4693.23,4694.04,4690.84,4692.44,2375.0,False,False,False,False,False,False
2026-05-06 23:55:00,OANDA:XAUUSD,4692.435,4693.7,4687.79,4687.79,2111.0,False,True,False,True,False,True
2026-05-07 00:00:00,OANDA:XAUUSD,4687.75,4687.965,4683.88,4686.02,3199.0,False,False,False,True,False,True
2026-05-07 00:05:00,OANDA:XAUUSD,4686.07,4688.575,4681.15,4683.23,3202.0,False,False,False,True,False,True
2026-05-07 00:10:00,OANDA:XAUUSD,4683.235,4685.525,4682.245,4683.76,2148.0,False,False,False,False,False,False
2026-05-07 00:15:00,OANDA:XAUUSD,4683.66,4685.975,4682.825,4684.67,3078.0,False,False,False,False,False,False
2026-05-07 00:20:00,OANDA:XAUUSD,4684.675,4685.36,4683.075,4683.49,2693.0,False,False,False,False,False,False
2026-05-07 00:25:00,OANDA:XAUUSD,4683.47,4688.665,4683.4,4688.325,2465.0,True,False,True,False,True,False
2026-05-07 00:30:00,OANDA:XAUUSD,4688.34,4690.305,4685.55,4687.51,2922.0,False,False,True,False,False,False
2026-05-07 00:35:00,OANDA:XAUUSD,4687.505,4690.1,4686.265,4689.58,2238.0,False,False,False,False,False,False
2026-05-07 00:40:00,OANDA:XAUUSD,4689.59,4692.19,4688.655,4688.67,2353.0,False,False,True,False,False,False
2026-05-07 00:45:00,OANDA:XAUUSD,4688.68,4689.915,4686.34,4688.16,2901.0,False,False,False,False,False,True
2026-05-07 00:50:00,OANDA:XAUUSD,4688.065,4688.965,4683.395,4684.58,2960.0,False,True,False,True,False,True
2026-05-07 00:55:00,OANDA:XAUUSD,4684.56,4685.985,4679.705,4683.21,4019.0,False,False,False,True,False,True
2026-05-07 01:00:00,OANDA:XAUUSD,4683.205,4686.16,4679.755,4686.025,3132.0,False,False,False,False,True,False
2026-05-07 01:05:00,OANDA:XAUUSD,4686.035,4688.14,4684.8,4686.28,2095.0,False,False,False,False,True,False
2026-05-07 01:10:00,OANDA:XAUUSD,4686.255,4687.135,4684.64,4685.76,1993.0,False,False,False,False,False,False
2026-05-07 01:15:00,OANDA:XAUUSD,4685.885,4686.285,4681.595,4681.715,2067.0,False,True,False,False,False,True
2026-05-07 01:20:00,OANDA:XAUUSD,4681.71,4683.545,4680.725,4681.55,2118.0,False,False,False,False,False,True
2026-05-07 01:25:00,OANDA:XAUUSD,4681.56,4684.705,4680.395,4683.185,2493.0,False,False,False,False,False,False
2026-05-07 01:30:00,OANDA:XAUUSD,4683.18,4683.555,4680.6,4682.91,1884.0,False,False,False,False,False,False
2026-05-07 01:35:00,OANDA:XAUUSD,4682.9,4682.9,4679.585,4679.665,2147.0,False,False,False,True,False,True
2026-05-07 01:40:00,OANDA:XAUUSD,4679.67,4681.215,4679.145,4680.75,1962.0,False,False,False,True,False,False
2026-05-07 01:45:00,OANDA:XAUUSD,4680.775,4682.415,4680.64,4681.11,1991.0,False,False,False,False,False,False
2026-05-07 01:50:00,OANDA:XAUUSD,4681.015,4682.13,4680.515,4681.82,1603.0,False,False,False,False,False,False
2026-05-07 01:55:00,OANDA:XAUUSD,4681.825,4684.775,4681.79,4684.27,1783.0,False,False,True,False,True,False
2026-05-07 02:00:00,OANDA:XAUUSD,4684.275,4685.69,4682.125,4682.94,2197.0,False,False,True,False,False,False
2026-05-07 02:05:00,OANDA:XAUUSD,4682.945,4685.705,4682.89,4685.59,1870.0,False,False,True,False,False,False
2026-05-07 02:10:00,OANDA:XAUUSD,4685.53,4687.69,4684.945,4686.92,1556.0,True,False,True,False,True,False
2026-05-07 02:15:00,OANDA:XAUUSD,4686.93,4689.34,4686.655,4688.5,1296.0,False,False,True,False,True,False
2026-05-07 02:20:00,OANDA:XAUUSD,4688.485,4690.62,4687.44,4687.93,1593.0,False,False,True,False,False,False
2026-05-07 02:25:00,OANDA:XAUUSD,4687.935,4689.02,4687.495,4687.885,1351.0,False,False,False,False,False,False
2026-05-07 02:30:00,OANDA:XAUUSD,4688.045,4689.695,4686.895,4689.155,1405.0,False,False,False,False,True,False
2026-05-07 02:35:00,OANDA:XAUUSD,4689.16,4690.34,4688.135,4688.43,1231.0,False,False,False,False,False,False
2026-05-07 02:40:00,OANDA:XAUUSD,4688.445,4688.445,4685.31,4686.21,1194.0,False,False,False,True,False,True
2026-05-07 02:45:00,OANDA:XAUUSD,4686.205,4688.175,4685.855,4687.13,1129.0,False,False,False,False,False,False
2026-05-07 02:50:00,OANDA:XAUUSD,4687.11,4687.755,4684.88,4686.605,1371.0,False,False,False,True,False,False
2026-05-07 02:55:00,OANDA:XAUUSD,4686.665,4687.705,4685.55,4686.13,1057.0,False,False,False,False,False,False
2026-05-07 03:00:00,OANDA:XAUUSD,4686.14,4692.775,4686.14,4691.31,1314.0,True,False,True,False,True,False
2026-05-07 03:05:00,OANDA:XAUUSD,4691.175,4694.79,4690.745,4694.3,1433.0,True,False,True,False,True,False
2026-05-07 03:10:00,OANDA:XAUUSD,4694.315,4695.855,4693.745,4695.28,1772.0,True,False,True,False,True,False
2026-05-07 03:15:00,OANDA:XAUUSD,4695.255,4698.25,4695.06,4696.685,1547.0,True,False,True,False,True,False
2026-05-07 03:20:00,OANDA:XAUUSD,4696.67,4700.235,4696.605,4699.795,1452.0,False,False,True,False,True,False
2026-05-07 03:25:00,OANDA:XAUUSD,4699.79,4700.015,4697.89,4698.425,1576.0,False,False,False,False,False,False
2026-05-07 03:30:00,OANDA:XAUUSD,4698.42,4699.03,4695.7,4697.31,2150.0,False,False,False,False,False,True
2026-05-07 03:35:00,OANDA:XAUUSD,4697.305,4698.935,4696.19,4697.455,2214.0,False,False,False,False,False,False
2026-05-07 03:40:00,OANDA:XAUUSD,4697.485,4697.6,4693.88,4695.405,2061.0,False,False,False,True,False,True
2026-05-07 03:45:00,OANDA:XAUUSD,4695.4,4696.825,4694.58,4694.96,2025.0,False,False,False,False,False,False
2026-05-07 03:50:00,OANDA:XAUUSD,4694.965,4698.445,4694.965,4697.4,2825.0,False,False,False,False,True,False
2026-05-07 03:55:00,OANDA:XAUUSD,4697.36,4697.8,4692.44,4692.48,2282.0,False,False,False,True,False,True
2026-05-07 04:00:00,OANDA:XAUUSD,4692.455,4695.27,4692.455,4695.27,1474.0,False,False,False,False,False,False
2026-05-07 04:05:00,OANDA:XAUUSD,4695.32,4697.275,4694.72,4696.735,756.0,True,False,False,False,True,False
2026-05-07 04:10:00,OANDA:XAUUSD,4696.72,4699.63,4696.255,4698.975,914.0,False,False,True,False,True,False
2026-05-07 04:15:00,OANDA:XAUUSD,4699.015,4699.455,4697.145,4698.105,1010.0,False,False,False,False,False,False
2026-05-07 04:20:00,OANDA:XAUUSD,4698.13,4698.41,4693.95,4694.525,1105.0,False,True,False,False,False,True
2026-05-07 04:25:00,OANDA:XAUUSD,4694.54,4694.72,4691.955,4692.67,1011.0,False,True,False,True,False,True
2026-05-07 04:30:00,OANDA:XAUUSD,4692.66,4693.075,4690.215,4690.24,699.0,False,False,False,True,False,True
2026-05-07 04:35:00,OANDA:XAUUSD,4690.285,4692.305,4689.975,4690.825,871.0,False,False,False,True,False,False
2026-05-07 04:40:00,OANDA:XAUUSD,4690.69,4690.865,4688.805,4688.805,640.0,False,True,False,True,False,True
2026-05-07 04:45:00,OANDA:XAUUSD,4688.83,4689.775,4685.26,4689.525,927.0,False,False,False,True,False,False
2026-05-07 04:50:00,OANDA:XAUUSD,4689.625,4691.39,4687.925,4691.2,813.0,True,False,False,False,True,False
2026-05-07 04:55:00,OANDA:XAUUSD,4691.23,4692.005,4690.145,4690.91,804.0,False,False,False,False,False,False
2026-05-07 06:00:00,OANDA:XAUUSD,4690.165,4690.795,4690.165,4690.705,7.0,False,False,False,False,False,False
2026-05-07 06:05:00,OANDA:XAUUSD,4690.665,4694.87,4690.6,4694.53,464.0,True,False,True,False,True,False
2026-05-07 06:10:00,OANDA:XAUUSD,4694.45,4698.27,4693.405,4697.23,1307.0,True,False,True,False,True,False
2026-05-07 06:15:00,OANDA:XAUUSD,4696.995,4699.755,4696.4,4699.63,803.0,False,False,True,False,True,False
2026-05-07 06:20:00,OANDA:XAUUSD,4699.425,4699.935,4697.19,4697.915,721.0,False,False,True,False,False,False
2026-05-07 06:25:00,OANDA:XAUUSD,4697.955,4698.635,4693.34,4695.53,759.0,False,False,False,False,False,True
2026-05-07 06:30:00,OANDA:XAUUSD,4695.555,4698.35,4694.5,4698.285,577.0,False,False,False,False,False,False
2026-05-07 06:35:00,OANDA:XAUUSD,4698.275,4699.65,4696.535,4697.23,815.0,False,False,False,False,False,False
2026-05-07 06:40:00,OANDA:XAUUSD,4697.18,4699.745,4696.63,4698.74,609.0,False,False,False,False,False,False
2026-05-07 06:45:00,OANDA:XAUUSD,4698.775,4698.805,4696.135,4697.7,759.0,False,False,False,False,False,False
2026-05-07 06:50:00,OANDA:XAUUSD,4697.84,4698.575,4695.885,4696.17,582.0,False,False,False,False,False,False
2026-05-07 06:55:00,OANDA:XAUUSD,4696.13,4697.13,4694.475,4695.05,741.0,False,False,False,True,False,True
2026-05-07 07:00:00,OANDA:XAUUSD,4694.99,4697.11,4694.26,4696.77,762.0,False,False,False,True,False,False
2026-05-07 07:05:00,OANDA:XAUUSD,4696.85,4698.53,4695.965,4697.395,978.0,False,False,False,False,True,False
2026-05-07 07:10:00,OANDA:XAUUSD,4697.32,4697.32,4694.045,4694.545,680.0,False,False,False,True,False,True
2026-05-07 07:15:00,OANDA:XAUUSD,4694.52,4697.88,4694.01,4696.975,708.0,False,False,False,True,False,False
2026-05-07 07:20:00,OANDA:XAUUSD,4697.105,4697.4,4692.92,4693.79,784.0,False,False,False,True,False,True
2026-05-07 07:25:00,OANDA:XAUUSD,4693.72,4694.245,4690.355,4693.495,927.0,False,False,False,True,False,False
2026-05-07 07:30:00,OANDA:XAUUSD,4693.51,4693.875,4691.795,4693.14,817.0,False,False,False,False,False,False
2026-05-07 07:35:00,OANDA:XAUUSD,4693.045,4694.555,4692.88,4693.55,352.0,False,False,False,False,False,False
2026-05-07 07:40:00,OANDA:XAUUSD,4693.565,4693.94,4692.905,4693.71,232.0,False,False,False,False,False,False
2026-05-07 07:45:00,OANDA:XAUUSD,4693.72,4699.59,4693.67,4697.115,1288.0,True,False,True,False,True,False
2026-05-07 07:50:00,OANDA:XAUUSD,4697.05,4697.93,4695.87,4696.815,623.0,False,False,False,False,False,False
2026-05-07 07:55:00,OANDA:XAUUSD,4696.795,4699.175,4696.66,4699.055,954.0,False,False,False,False,True,False
2026-05-07 08:00:00,OANDA:XAUUSD,4698.995,4700.755,4692.845,4693.565,2762.0,False,True,True,True,False,True
2026-05-07 08:05:00,OANDA:XAUUSD,4693.585,4696.025,4690.035,4695.115,2866.0,False,False,False,True,False,False
2026-05-07 08:10:00,OANDA:XAUUSD,4695.11,4700.94,4694.675,4699.965,2776.0,False,False,True,False,True,False
2026-05-07 08:15:00,OANDA:XAUUSD,4700.015,4700.695,4695.18,4698.31,2566.0,False,False,False,False,False,False
2026-05-07 08:20:00,OANDA:XAUUSD,4698.27,4701.545,4697.145,4699.04,2517.0,False,False,True,False,False,False
2026-05-07 08:25:00,OANDA:XAUUSD,4698.825,4698.925,4692.445,4692.725,2887.0,False,True,False,False,False,True
2026-05-07 08:30:00,OANDA:XAUUSD,4692.735,4693.33,4689.045,4692.225,2949.0,False,False,False,True,False,True
2026-05-07 08:35:00,OANDA:XAUUSD,4692.19,4693.32,4690.81,4692.63,1905.0,False,False,False,False,False,False
2026-05-07 08:40:00,OANDA:XAUUSD,4692.65,4693.075,4686.06,4688.435,1857.0,False,False,False,True,False,True
2026-05-07 08:45:00,OANDA:XAUUSD,4688.425,4691.335,4686.46,4689.785,1750.0,False,False,False,False,False,False
2026-05-07 08:50:00,OANDA:XAUUSD,4689.72,4691.62,4685.91,4686.09,2192.0,False,False,False,True,False,True
2026-05-07 08:55:00,OANDA:XAUUSD,4686.085,4689.23,4685.655,4688.855,1743.0,False,False,False,True,False,False
2026-05-07 09:00:00,OANDA:XAUUSD,4688.86,4694.195,4685.275,4692.795,3914.0,True,False,True,True,True,False
2026-05-07 09:05:00,OANDA:XAUUSD,4692.8,4698.66,4691.95,4697.655,2658.0,True,False,True,False,True,False
2026-05-07 09:10:00,OANDA:XAUUSD,4697.79,4711.305,4697.685,4709.84,3904.0,True,False,True,False,True,False
2026-05-07 09:15:00,OANDA:XAUUSD,4709.855,4716.44,4708.09,4712.75,3415.0,False,False,True,False,True,False
2026-05-07 09:20:00,OANDA:XAUUSD,4712.625,4713.07,4708.965,4710.235,2840.0,False,False,False,False,False,False
2026-05-07 09:25:00,OANDA:XAUUSD,4710.15,4711.135,4703.705,4704.32,2559.0,False,True,False,False,False,True
2026-05-07 09:30:00,OANDA:XAUUSD,4704.255,4707.625,4702.45,4705.45,3493.0,False,False,False,False,False,False
2026-05-07 09:35:00,OANDA:XAUUSD,4705.54,4713.475,4705.21,4713.405,2770.0,True,False,False,False,True,False
2026-05-07 09:40:00,OANDA:XAUUSD,4713.445,4718.195,4711.315,4713.005,3267.0,False,False,True,False,False,False
2026-05-07 09:45:00,OANDA:XAUUSD,4713.015,4720.025,4712.725,4719.01,2643.0,False,False,True,False,True,False
2026-05-07 09:50:00,OANDA:XAUUSD,4719.04,4721.53,4716.96,4716.96,1732.0,False,False,True,False,False,False
2026-05-07 09:55:00,OANDA:XAUUSD,4716.955,4717.67,4713.34,4714.925,2371.0,False,False,False,False,False,True
2026-05-07 10:00:00,OANDA:XAUUSD,4714.93,4718.745,4714.535,4715.1,2510.0,False,False,False,False,False,False
2026-05-07 10:05:00,OANDA:XAUUSD,4715.0,4717.03,4713.09,4713.28,1649.0,False,True,False,False,False,True
2026-05-07 10:10:00,OANDA:XAUUSD,4713.27,4713.74,4703.725,4704.325,2596.0,False,True,False,True,False,True
2026-05-07 10:15:00,OANDA:XAUUSD,4704.33,4708.045,4703.09,4706.485,1901.0,False,False,False,True,False,False
2026-05-07 10:20:00,OANDA:XAUUSD,4706.44,4707.71,4701.99,4703.64,1820.0,False,False,False,True,False,False
2026-05-07 10:25:00,OANDA:XAUUSD,4703.7,4705.735,4702.025,4703.01,1680.0,False,False,False,False,False,False
2026-05-07 10:30:00,OANDA:XAUUSD,4702.97,4703.625,4700.165,4701.43,2876.0,False,False,False,True,False,True
2026-05-07 10:35:00,OANDA:XAUUSD,4701.445,4704.03,4701.185,4702.21,1647.0,False,False,False,False,False,False
2026-05-07 10:40:00,OANDA:XAUUSD,4702.215,4705.54,4701.285,4704.43,1353.0,True,False,False,False,True,False
2026-05-07 10:45:00,OANDA:XAUUSD,4704.425,4708.01,4704.425,4706.73,1088.0,False,False,True,False,True,False
2026-05-07 10:50:00,OANDA:XAUUSD,4706.655,4707.41,4704.855,4706.775,1293.0,False,False,False,False,False,False
2026-05-07 10:55:00,OANDA:XAUUSD,4706.83,4710.14,4705.93,4707.385,1362.0,False,False,True,False,False,False
2026-05-07 11:00:00,OANDA:XAUUSD,4707.295,4709.675,4705.16,4709.41,1461.0,False,False,False,False,False,False
2026-05-07 11:05:00,OANDA:XAUUSD,4709.36,4709.845,4707.46,4708.755,1519.0,False,False,False,False,False,False
2026-05-07 11:10:00,OANDA:XAUUSD,4708.83,4709.245,4704.335,4705.96,942.0,False,False,False,True,False,True
2026-05-07 11:15:00,OANDA:XAUUSD,4706.01,4708.615,4705.015,4708.415,1262.0,False,False,False,False,False,False
2026-05-07 11:20:00,OANDA:XAUUSD,4708.415,4708.82,4705.305,4706.05,1224.0,False,False,False,False,False,False
2026-05-07 11:25:00,OANDA:XAUUSD,4706.0,4707.13,4704.385,4704.515,1252.0,False,True,False,False,False,True
2026-05-07 11:30:00,OANDA:XAUUSD,4704.565,4704.915,4702.285,4704.28,1599.0,False,False,False,True,False,True
2026-05-07 11:35:00,OANDA:XAUUSD,4704.27,4705.09,4702.675,4704.935,845.0,False,False,False,False,True,False
2026-05-07 11:40:00,OANDA:XAUUSD,4704.93,4705.075,4702.735,4704.105,596.0,False,False,False,False,False,False
2026-05-07 11:45:00,OANDA:XAUUSD,4704.01,4704.38,4701.91,4704.38,826.0,False,False,False,True,False,False
2026-05-07 11:50:00,OANDA:XAUUSD,4704.385,4705.115,4702.545,4704.295,895.0,False,False,False,False,False,False
2026-05-07 11:55:00,OANDA:XAUUSD,4704.195,4704.27,4699.12,4699.38,1130.0,False,True,False,True,False,True
2026-05-07 12:00:00,OANDA:XAUUSD,4699.425,4700.745,4697.425,4698.57,1481.0,False,False,False,True,False,True
2026-05-07 12:05:00,OANDA:XAUUSD,4698.685,4701.11,4698.3,4700.005,1417.0,False,False,False,False,False,False
2026-05-07 12:10:00,OANDA:XAUUSD,4700.01,4700.51,4696.835,4696.9,1253.0,False,True,False,True,False,True
2026-05-07 12:15:00,OANDA:XAUUSD,4696.89,4697.45,4695.315,4695.96,1310.0,False,False,False,True,False,True
2026-05-07 12:20:00,OANDA:XAUUSD,4695.955,4698.75,4695.615,4697.95,1267.0,False,False,False,False,True,False
2026-05-07 12:25:00,OANDA:XAUUSD,4697.94,4698.31,4695.725,4696.93,1132.0,False,False,False,False,False,False
2026-05-07 12:30:00,OANDA:XAUUSD,4696.845,4697.48,4693.52,4693.855,614.0,False,False,False,True,False,True
2026-05-07 12:35:00,OANDA:XAUUSD,4693.775,4696.16,4692.505,4696.08,696.0,False,False,False,True,False,False
2026-05-07 12:40:00,OANDA:XAUUSD,4696.11,4699.4,4696.11,4698.105,1100.0,False,False,True,False,True,False
2026-05-07 12:45:00,OANDA:XAUUSD,4698.115,4699.065,4694.545,4695.33,1369.0,False,False,False,False,False,True
2026-05-07 12:50:00,OANDA:XAUUSD,4695.345,4696.815,4694.07,4695.91,1010.0,False,False,False,False,False,False
2026-05-07 12:55:00,OANDA:XAUUSD,4695.905,4697.59,4694.575,4696.48,750.0,False,False,False,False,False,False
2026-05-07 13:00:00,OANDA:XAUUSD,4696.43,4701.535,4696.37,4699.95,1368.0,True,False,True,False,True,False
2026-05-07 13:05:00,OANDA:XAUUSD,4699.965,4699.965,4698.265,4699.225,1623.0,False,False,False,False,False,False
2026-05-07 13:10:00,OANDA:XAUUSD,4699.23,4700.94,4698.995,4700.655,996.0,False,False,False,False,True,False
2026-05-07 13:15:00,OANDA:XAUUSD,4700.66,4701.0,4695.99,4696.13,834.0,False,True,False,False,False,True
2026-05-07 13:20:00,OANDA:XAUUSD,4696.11,4697.76,4694.91,4695.51,1096.0,False,False,False,False,False,True
2026-05-07 13:25:00,OANDA:XAUUSD,4695.515,4696.7,4694.935,4696.07,1072.0,False,False,False,False,False,False
2026-05-07 13:30:00,OANDA:XAUUSD,4696.06,4705.84,4694.975,4703.17,1892.0,True,False,True,False,True,False
2026-05-07 13:35:00,OANDA:XAUUSD,4703.185,4706.17,4702.5,4705.455,1615.0,False,False,True,False,False,False
2026-05-07 13:40:00,OANDA:XAUUSD,4705.435,4705.955,4703.425,4703.755,1113.0,False,False,False,False,False,False
2026-05-07 13:45:00,OANDA:XAUUSD,4703.81,4705.255,4702.58,4705.185,1097.0,False,False,False,False,False,False
2026-05-07 13:50:00,OANDA:XAUUSD,4704.955,4706.81,4703.05,4704.65,1736.0,False,False,True,False,False,False
2026-05-07 13:55:00,OANDA:XAUUSD,4704.655,4705.02,4701.07,4701.315,2094.0,False,False,False,False,False,True
2026-05-07 14:00:00,OANDA:XAUUSD,4701.32,4707.7,4701.29,4706.135,2035.0,False,False,True,False,True,False
2026-05-07 14:05:00,OANDA:XAUUSD,4706.155,4708.245,4704.965,4707.965,1930.0,False,False,True,False,True,False
2026-05-07 14:10:00,OANDA:XAUUSD,4707.96,4710.535,4707.455,4708.29,1917.0,False,False,True,False,True,False
2026-05-07 14:15:00,OANDA:XAUUSD,4708.33,4711.11,4707.44,4710.055,2069.0,False,False,True,False,False,False
2026-05-07 14:20:00,OANDA:XAUUSD,4710.07,4714.225,4709.57,4713.495,2327.0,True,False,True,False,True,False
2026-05-07 14:25:00,OANDA:XAUUSD,4713.53,4717.96,4711.55,4717.29,2117.0,True,False,True,False,True,False
2026-05-07 14:30:00,OANDA:XAUUSD,4717.16,4734.015,4716.0,4733.25,5108.0,True,False,True,False,True,False
2026-05-07 14:35:00,OANDA:XAUUSD,4733.255,4744.315,4733.22,4743.04,4878.0,True,False,True,False,True,False
2026-05-07 14:40:00,OANDA:XAUUSD,4743.04,4750.01,4739.96,4745.95,5124.0,False,False,True,False,True,False
2026-05-07 14:45:00,OANDA:XAUUSD,4745.645,4747.05,4737.88,4737.925,3520.0,False,False,False,False,False,True
2026-05-07 14:50:00,OANDA:XAUUSD,4737.915,4740.265,4736.01,4736.51,2854.0,False,False,False,False,False,True
2026-05-07 14:55:00,OANDA:XAUUSD,4736.5,4739.755,4735.72,4739.355,1935.0,False,False,False,False,False,False
2026-05-07 15:00:00,OANDA:XAUUSD,4739.37,4741.305,4731.53,4734.565,3901.0,False,False,False,True,False,True
2026-05-07 15:05:00,OANDA:XAUUSD,4734.435,4745.86,4732.99,4744.385,5762.0,True,False,False,False,True,False
2026-05-07 15:10:00,OANDA:XAUUSD,4744.435,4750.305,4743.335,4749.175,6291.0,False,False,True,False,True,False
2026-05-07 15:15:00,OANDA:XAUUSD,4749.21,4750.66,4742.105,4743.735,5773.0,False,False,True,False,False,False
2026-05-07 15:20:00,OANDA:XAUUSD,4743.74,4745.075,4739.405,4739.825,3641.0,False,False,False,False,False,True
2026-05-07 15:25:00,OANDA:XAUUSD,4739.85,4742.3,4737.78,4739.69,2948.0,False,False,False,False,False,False
2026-05-07 15:30:00,OANDA:XAUUSD,4739.705,4743.135,4738.47,4742.025,2625.0,False,False,False,False,False,False
2026-05-07 15:35:00,OANDA:XAUUSD,4742.11,4742.95,4739.295,4740.01,2449.0,False,False,False,False,False,False
2026-05-07 15:40:00,OANDA:XAUUSD,4740.0,4744.22,4739.605,4742.905,2333.0,False,False,False,False,False,False
2026-05-07 15:45:00,OANDA:XAUUSD,4742.995,4743.555,4737.125,4739.12,2514.0,False,False,False,True,False,True
2026-05-07 15:50:00,OANDA:XAUUSD,4739.14,4743.97,4738.905,4740.925,2929.0,False,False,False,False,False,False
2026-05-07 15:55:00,OANDA:XAUUSD,4740.915,4744.605,4739.14,4743.28,2398.0,False,False,True,False,False,False
2026-05-07 16:00:00,OANDA:XAUUSD,4743.265,4751.51,4742.53,4749.71,4692.0,True,False,True,False,True,False
2026-05-07 16:05:00,OANDA:XAUUSD,4749.69,4753.435,4746.08,4748.235,3583.0,False,False,True,False,False,False
2026-05-07 16:10:00,OANDA:XAUUSD,4748.215,4748.645,4742.52,4742.695,3361.0,False,True,False,False,False,True
2026-05-07 16:15:00,OANDA:XAUUSD,4742.675,4743.025,4735.79,4736.855,3037.0,False,True,False,True,False,True
2026-05-07 16:20:00,OANDA:XAUUSD,4736.835,4740.075,4735.56,4740.035,2885.0,False,False,False,True,False,False
2026-05-07 16:25:00,OANDA:XAUUSD,4740.04,4742.345,4734.01,4740.185,3607.0,False,False,False,True,True,False
2026-05-07 16:30:00,OANDA:XAUUSD,4740.1,4741.81,4736.58,4737.28,2136.0,False,False,False,False,False,False
2026-05-07 16:35:00,OANDA:XAUUSD,4737.305,4738.755,4734.0,4736.775,2301.0,False,False,False,True,False,False
2026-05-07 16:40:00,OANDA:XAUUSD,4736.795,4738.84,4735.285,4735.45,1921.0,False,False,False,False,False,False
2026-05-07 16:45:00,OANDA:XAUUSD,4735.41,4736.305,4733.455,4736.015,2428.0,False,False,False,True,False,False
2026-05-07 16:50:00,OANDA:XAUUSD,4736.03,4737.33,4732.535,4734.2,2591.0,False,False,False,True,False,False
2026-05-07 16:55:00,OANDA:XAUUSD,4734.195,4734.68,4730.875,4731.08,2448.0,False,True,False,True,False,True
2026-05-07 17:00:00,OANDA:XAUUSD,4731.11,4731.16,4721.84,4726.37,3662.0,False,False,False,True,False,True
2026-05-07 17:05:00,OANDA:XAUUSD,4726.38,4733.08,4726.315,4733.06,2864.0,True,False,False,False,True,False
2026-05-07 17:10:00,OANDA:XAUUSD,4733.065,4736.435,4732.635,4734.32,2291.0,False,False,False,False,True,False
2026-05-07 17:15:00,OANDA:XAUUSD,4734.355,4737.5,4731.74,4735.555,2377.0,False,False,True,False,False,False
2026-05-07 17:20:00,OANDA:XAUUSD,4735.55,4737.85,4733.995,4736.8,2061.0,False,False,True,False,False,False
2026-05-07 17:25:00,OANDA:XAUUSD,4736.825,4738.7,4734.065,4735.88,1791.0,False,False,True,False,False,False
2026-05-07 17:30:00,OANDA:XAUUSD,4735.865,4736.64,4733.195,4736.085,2557.0,False,False,False,False,False,False
2026-05-07 17:35:00,OANDA:XAUUSD,4736.05,4737.335,4733.805,4735.785,2158.0,False,False,False,False,False,False
2026-05-07 17:40:00,OANDA:XAUUSD,4735.79,4739.515,4735.585,4738.035,1822.0,False,False,True,False,True,False
2026-05-07 17:45:00,OANDA:XAUUSD,4738.045,4739.175,4735.455,4735.91,1941.0,False,False,False,False,False,False
2026-05-07 17:50:00,OANDA:XAUUSD,4735.915,4736.66,4733.09,4734.07,2165.0,False,True,False,True,False,True
2026-05-07 17:55:00,OANDA:XAUUSD,4734.115,4734.415,4725.945,4729.255,2658.0,False,True,False,True,False,True
2026-05-07 18:00:00,OANDA:XAUUSD,4729.255,4731.975,4726.77,4729.805,3317.0,False,False,False,False,False,False
2026-05-07 18:05:00,OANDA:XAUUSD,4729.815,4733.855,4728.59,4733.485,2397.0,True,False,False,False,True,False
2026-05-07 18:10:00,OANDA:XAUUSD,4733.455,4735.18,4732.625,4735.06,2441.0,False,False,False,False,True,False
2026-05-07 18:15:00,OANDA:XAUUSD,4735.065,4736.405,4731.25,4731.605,2121.0,False,False,False,False,False,True
2026-05-07 18:20:00,OANDA:XAUUSD,4731.61,4733.87,4728.73,4733.07,1881.0,False,False,False,False,False,False
2026-05-07 18:25:00,OANDA:XAUUSD,4733.07,4734.6,4731.835,4732.665,2133.0,False,False,False,False,False,False
2026-05-07 18:30:00,OANDA:XAUUSD,4732.675,4732.69,4728.055,4730.665,1961.0,False,False,False,True,False,True
2026-05-07 18:35:00,OANDA:XAUUSD,4730.655,4738.46,4729.92,4736.42,1715.0,True,False,True,False,True,False
2026-05-07 18:40:00,OANDA:XAUUSD,4736.425,4739.84,4736.17,4739.025,1488.0,False,False,True,False,True,False
2026-05-07 18:45:00,OANDA:XAUUSD,4739.05,4739.8,4735.82,4736.095,1611.0,False,False,False,False,False,True
2026-05-07 18:50:00,OANDA:XAUUSD,4736.05,4738.055,4735.33,4737.155,1596.0,False,False,False,False,False,False
2026-05-07 18:55:00,OANDA:XAUUSD,4737.15,4737.99,4735.235,4735.795,1185.0,False,False,False,False,False,False
2026-05-07 19:00:00,OANDA:XAUUSD,4735.93,4737.195,4734.85,4735.61,2174.0,False,False,False,False,False,False
2026-05-07 19:05:00,OANDA:XAUUSD,4735.66,4735.745,4732.37,4733.8,1843.0,False,True,False,True,False,True
2026-05-07 19:10:00,OANDA:XAUUSD,4733.76,4733.985,4728.32,4730.245,1660.0,False,True,False,True,False,True
2026-05-07 19:15:00,OANDA:XAUUSD,4730.25,4731.33,4727.305,4730.365,1867.0,False,False,False,True,False,False
2026-05-07 19:20:00,OANDA:XAUUSD,4730.34,4735.47,4728.905,4734.44,1995.0,False,False,False,False,True,False
2026-05-07 19:25:00,OANDA:XAUUSD,4734.48,4736.71,4730.795,4732.84,2254.0,False,False,False,False,False,False
2026-05-07 19:30:00,OANDA:XAUUSD,4732.865,4735.275,4731.935,4734.055,1946.0,False,False,False,False,False,False
2026-05-07 19:35:00,OANDA:XAUUSD,4734.07,4737.245,4733.12,4735.41,2553.0,False,False,True,False,True,False
2026-05-07 19:40:00,OANDA:XAUUSD,4735.495,4738.255,4734.245,4737.005,1676.0,False,False,True,False,False,False
2026-05-07 19:45:00,OANDA:XAUUSD,4736.99,4739.875,4735.505,4736.48,2168.0,False,False,True,False,False,False
2026-05-07 19:50:00,OANDA:XAUUSD,4736.5,4739.67,4734.235,4739.59,2495.0,False,False,False,False,False,False
2026-05-07 19:55:00,OANDA:XAUUSD,4739.6,4743.805,4738.545,4742.845,2621.0,False,False,True,False,True,False
2026-05-07 20:00:00,OANDA:XAUUSD,4742.965,4746.035,4739.625,4741.18,2583.0,False,False,True,False,False,False
2026-05-07 20:05:00,OANDA:XAUUSD,4741.195,4744.24,4739.76,4740.59,2316.0,False,False,False,False,False,False
2026-05-07 20:10:00,OANDA:XAUUSD,4740.585,4746.22,4740.205,4744.095,2834.0,False,False,True,False,False,False
2026-05-07 20:15:00,OANDA:XAUUSD,4744.06,4747.26,4742.655,4742.84,2896.0,False,False,True,False,False,False
2026-05-07 20:20:00,OANDA:XAUUSD,4742.835,4743.685,4734.255,4735.73,3910.0,False,True,False,True,False,True
2026-05-07 20:25:00,OANDA:XAUUSD,4735.645,4739.315,4733.185,4738.135,3254.0,False,False,False,True,False,False
2026-05-07 20:30:00,OANDA:XAUUSD,4738.135,4749.555,4737.445,4747.185,3377.0,True,False,True,False,True,False
2026-05-07 20:35:00,OANDA:XAUUSD,4747.21,4749.655,4743.77,4746.16,2746.0,False,False,True,False,False,False
2026-05-07 20:40:00,OANDA:XAUUSD,4746.145,4751.805,4745.685,4751.375,2255.0,False,False,True,False,True,False
2026-05-07 20:45:00,OANDA:XAUUSD,4751.385,4752.635,4748.095,4751.91,2623.0,False,False,True,False,True,False
2026-05-07 20:50:00,OANDA:XAUUSD,4751.96,4752.69,4747.185,4747.855,2069.0,False,False,True,False,False,True
2026-05-07 20:55:00,OANDA:XAUUSD,4748.03,4750.195,4744.78,4750.195,2619.0,False,False,False,False,False,False
2026-05-07 21:00:00,OANDA:XAUUSD,4750.235,4750.44,4737.86,4738.745,4415.0,False,True,False,True,False,True
2026-05-07 21:05:00,OANDA:XAUUSD,4738.72,4741.805,4736.665,4741.14,3576.0,False,False,False,True,False,False
2026-05-07 21:10:00,OANDA:XAUUSD,4741.145,4741.24,4731.38,4733.57,3528.0,False,False,False,True,False,True
2026-05-07 21:15:00,OANDA:XAUUSD,4733.505,4740.545,4731.465,4740.5,3186.0,False,False,False,False,False,False
2026-05-07 21:20:00,OANDA:XAUUSD,4740.77,4744.75,4738.33,4744.62,2618.0,True,False,False,False,True,False
2026-05-07 21:25:00,OANDA:XAUUSD,4744.605,4746.76,4742.315,4745.175,2847.0,False,False,False,False,True,False
2026-05-07 21:30:00,OANDA:XAUUSD,4745.195,4758.165,4743.425,4756.075,5679.0,True,False,True,False,True,False
2026-05-07 21:35:00,OANDA:XAUUSD,4756.07,4756.91,4750.965,4752.545,5123.0,False,False,False,False,False,False
2026-05-07 21:40:00,OANDA:XAUUSD,4752.535,4752.835,4747.87,4748.555,4821.0,False,True,False,False,False,True
2026-05-07 21:45:00,OANDA:XAUUSD,4748.425,4749.42,4739.41,4742.56,6978.0,False,True,False,False,False,True
2026-05-07 21:50:00,OANDA:XAUUSD,4742.545,4745.1,4737.47,4744.035,5504.0,False,False,False,True,False,False
2026-05-07 21:55:00,OANDA:XAUUSD,4744.06,4748.79,4743.685,4746.495,3907.0,False,False,False,False,True,False
2026-05-07 22:00:00,OANDA:XAUUSD,4746.245,4749.695,4742.67,4745.895,5056.0,False,False,False,False,False,False
2026-05-07 22:05:00,OANDA:XAUUSD,4745.905,4748.31,4743.92,4747.67,3905.0,False,False,False,False,False,False
2026-05-07 22:10:00,OANDA:XAUUSD,4747.77,4754.06,4744.87,4751.945,3502.0,False,False,True,False,True,False
2026-05-07 22:15:00,OANDA:XAUUSD,4751.9,4754.085,4741.28,4751.285,5245.0,False,False,True,False,False,False
2026-05-07 22:20:00,OANDA:XAUUSD,4751.3,4758.32,4750.485,4757.43,4515.0,True,False,True,False,True,False
2026-05-07 22:25:00,OANDA:XAUUSD,4757.445,4759.595,4756.06,4756.81,3440.0,False,False,True,False,False,False
2026-05-07 22:30:00,OANDA:XAUUSD,4757.01,4759.14,4747.925,4749.32,4273.0,False,True,False,False,False,True
2026-05-07 22:35:00,OANDA:XAUUSD,4749.295,4754.04,4747.63,4753.915,3814.0,False,False,False,False,False,False
2026-05-07 22:40:00,OANDA:XAUUSD,4753.97,4756.91,4750.365,4751.915,3235.0,False,False,False,False,False,False
2026-05-07 22:45:00,OANDA:XAUUSD,4751.895,4758.735,4751.145,4758.345,3245.0,False,False,False,False,True,False
2026-05-07 22:50:00,OANDA:XAUUSD,4758.365,4761.855,4756.395,4760.845,3079.0,True,False,True,False,True,False
2026-05-07 22:55:00,OANDA:XAUUSD,4760.865,4763.58,4760.385,4762.885,3183.0,False,False,True,False,True,False
2026-05-07 23:00:00,OANDA:XAUUSD,4762.895,4764.905,4758.015,4759.495,3126.0,False,True,True,False,False,True
2026-05-07 23:05:00,OANDA:XAUUSD,4759.5,4760.005,4756.115,4758.94,3794.0,False,False,False,False,False,False
2026-05-07 23:10:00,OANDA:XAUUSD,4758.92,4761.29,4754.78,4754.98,3630.0,False,False,False,False,False,True
2026-05-07 23:15:00,OANDA:XAUUSD,4755.055,4756.365,4753.335,4754.205,3755.0,False,False,False,True,False,True
2026-05-07 23:20:00,OANDA:XAUUSD,4754.215,4756.36,4745.9,4747.24,5343.0,False,True,False,True,False,True
2026-05-07 23:25:00,OANDA:XAUUSD,4747.22,4748.155,4736.565,4740.115,8542.0,False,False,False,True,False,True
2026-05-07 23:30:00,OANDA:XAUUSD,4740.095,4747.27,4739.51,4744.73,5286.0,False,False,False,False,False,False
2026-05-07 23:35:00,OANDA:XAUUSD,4744.75,4746.845,4741.5,4743.61,3905.0,False,False,False,False,False,False
2026-05-07 23:40:00,OANDA:XAUUSD,4743.585,4743.94,4739.1,4739.1,3246.0,False,True,False,False,False,True
2026-05-07 23:45:00,OANDA:XAUUSD,4739.06,4739.82,4734.09,4735.0,4482.0,False,True,False,True,False,True
2026-05-07 23:50:00,OANDA:XAUUSD,4734.995,4737.245,4728.885,4732.335,5038.0,False,True,False,True,False,True
2026-05-07 23:55:00,OANDA:XAUUSD,4732.345,4732.38,4726.43,4729.305,5403.0,False,False,False,True,False,False
2026-05-08 00:00:00,OANDA:XAUUSD,4729.31,4729.87,4722.42,4724.24,5933.0,False,True,False,True,False,True
2026-05-08 00:05:00,OANDA:XAUUSD,4724.21,4725.235,4716.565,4717.64,5636.0,False,True,False,True,False,True
2026-05-08 00:10:00,OANDA:XAUUSD,4717.725,4720.31,4713.32,4715.48,5840.0,False,True,False,True,False,True
2026-05-08 00:15:00,OANDA:XAUUSD,4715.455,4715.48,4704.575,4706.35,8824.0,False,False,False,True,False,True
2026-05-08 00:20:00,OANDA:XAUUSD,4706.37,4717.96,4706.075,4717.88,6143.0,True,False,False,False,True,False
2026-05-08 00:25:00,OANDA:XAUUSD,4717.92,4723.035,4717.785,4720.305,3926.0,False,False,False,False,True,False
2026-05-08 00:30:00,OANDA:XAUUSD,4720.345,4721.03,4714.505,4719.685,3488.0,False,False,False,False,False,False
2026-05-08 00:35:00,OANDA:XAUUSD,4719.71,4719.74,4711.745,4712.35,3609.0,False,False,False,False,False,True
2026-05-08 00:40:00,OANDA:XAUUSD,4712.33,4714.86,4710.6,4711.385,4124.0,False,False,False,False,False,True
2026-05-08 00:45:00,OANDA:XAUUSD,4711.225,4716.06,4710.735,4714.485,4040.0,False,False,False,False,False,False
2026-05-08 00:50:00,OANDA:XAUUSD,4714.52,4717.525,4710.755,4717.465,3809.0,False,False,False,False,True,False
2026-05-08 00:55:00,OANDA:XAUUSD,4717.48,4718.33,4712.37,4715.24,3075.0,False,False,False,False,False,False
2026-05-08 01:00:00,OANDA:XAUUSD,4715.235,4718.055,4712.58,4716.725,3358.0,False,False,False,False,False,False
2026-05-08 01:05:00,OANDA:XAUUSD,4716.735,4719.685,4714.97,4716.9,2918.0,False,False,True,False,False,False
2026-05-08 01:10:00,OANDA:XAUUSD,4716.885,4718.685,4711.955,4714.775,3421.0,False,False,False,False,False,True
2026-05-08 01:15:00,OANDA:XAUUSD,4714.79,4715.95,4706.0,4706.6,4583.0,False,False,False,True,False,True
2026-05-08 01:20:00,OANDA:XAUUSD,4706.605,4716.685,4705.785,4715.535,5591.0,False,False,False,True,False,False
2026-05-08 01:25:00,OANDA:XAUUSD,4715.53,4719.315,4687.92,4699.36,13097.0,False,True,False,True,False,True
2026-05-08 01:30:00,OANDA:XAUUSD,4699.355,4703.64,4693.675,4699.635,9568.0,False,False,False,False,False,False
2026-05-08 01:35:00,OANDA:XAUUSD,4699.66,4704.44,4695.955,4703.62,8280.0,False,False,False,False,False,False
2026-05-08 01:40:00,OANDA:XAUUSD,4703.605,4706.38,4698.425,4699.875,5602.0,False,False,False,False,False,False
2026-05-08 01:45:00,OANDA:XAUUSD,4699.89,4703.785,4698.415,4700.015,4974.0,False,False,False,False,False,False
2026-05-08 01:50:00,OANDA:XAUUSD,4700.005,4704.475,4698.045,4704.365,4643.0,False,False,False,False,True,False
2026-05-08 01:55:00,OANDA:XAUUSD,4704.44,4712.305,4703.185,4711.44,6901.0,True,False,True,False,True,False
2026-05-08 02:00:00,OANDA:XAUUSD,4711.445,4712.605,4706.86,4707.835,5027.0,False,False,True,False,False,False
2026-05-08 02:05:00,OANDA:XAUUSD,4707.865,4712.155,4706.77,4707.645,2555.0,False,False,False,False,False,False
2026-05-08 02:10:00,OANDA:XAUUSD,4707.64,4710.1,4705.44,4708.27,3622.0,False,False,False,False,False,False
2026-05-08 02:15:00,OANDA:XAUUSD,4708.285,4710.035,4706.99,4708.47,3188.0,False,False,False,False,False,False
2026-05-08 02:20:00,OANDA:XAUUSD,4708.5,4710.995,4706.545,4706.78,3498.0,False,False,False,False,False,True
2026-05-08 02:25:00,OANDA:XAUUSD,4706.73,4713.07,4705.825,4712.875,3190.0,True,False,True,False,True,False
2026-05-08 02:30:00,OANDA:XAUUSD,4712.865,4715.345,4711.755,4713.71,3081.0,False,False,True,False,True,False
2026-05-08 02:35:00,OANDA:XAUUSD,4713.76,4716.09,4707.35,4713.295,3672.0,False,False,True,False,False,False
2026-05-08 02:40:00,OANDA:XAUUSD,4713.275,4714.775,4703.295,4706.22,4126.0,False,False,False,True,False,True
2026-05-08 02:45:00,OANDA:XAUUSD,4706.23,4709.11,4698.605,4700.7,6159.0,False,False,False,True,False,True
2026-05-08 02:50:00,OANDA:XAUUSD,4700.715,4704.81,4695.535,4703.415,5197.0,False,False,False,True,False,False
2026-05-08 02:55:00,OANDA:XAUUSD,4703.34,4711.48,4702.03,4709.64,5014.0,True,False,False,False,True,False
2026-05-08 03:00:00,OANDA:XAUUSD,4709.62,4712.93,4705.015,4705.825,3713.0,False,False,False,False,False,False
2026-05-08 03:05:00,OANDA:XAUUSD,4705.815,4711.62,4705.81,4709.895,3304.0,False,False,False,False,False,False
2026-05-08 03:10:00,OANDA:XAUUSD,4709.895,4711.625,4708.735,4710.055,2953.0,False,False,False,False,False,False
2026-05-08 03:15:00,OANDA:XAUUSD,4710.06,4710.8,4699.96,4702.245,4666.0,False,True,False,False,False,True
2026-05-08 03:20:00,OANDA:XAUUSD,4702.19,4705.635,4699.275,4700.535,4621.0,False,False,False,True,False,False
2026-05-08 03:25:00,OANDA:XAUUSD,4700.56,4706.53,4697.98,4705.115,5554.0,False,False,False,True,False,False
2026-05-08 03:30:00,OANDA:XAUUSD,4705.11,4708.35,4703.765,4707.885,2543.0,True,False,False,False,True,False
2026-05-08 03:35:00,OANDA:XAUUSD,4707.84,4712.085,4707.075,4710.97,2832.0,False,False,True,False,True,False
2026-05-08 03:40:00,OANDA:XAUUSD,4710.96,4711.9,4708.15,4709.685,2488.0,False,False,False,False,False,False
2026-05-08 03:45:00,OANDA:XAUUSD,4709.7,4709.93,4705.295,4708.405,2929.0,False,False,False,False,False,False
2026-05-08 03:50:00,OANDA:XAUUSD,4708.385,4710.77,4704.065,4706.47,6138.0,False,False,False,False,False,False
2026-05-08 03:55:00,OANDA:XAUUSD,4706.33,4709.15,4702.775,4703.045,5097.0,False,False,False,True,False,True
2026-05-08 04:00:00,OANDA:XAUUSD,4703.055,4719.195,4703.055,4716.325,5028.0,True,False,True,False,True,False
2026-05-08 04:05:00,OANDA:XAUUSD,4716.4,4717.0,4710.77,4711.245,2102.0,False,False,False,False,False,False
2026-05-08 04:10:00,OANDA:XAUUSD,4711.29,4713.055,4710.755,4711.48,2231.0,False,False,False,False,False,False
2026-05-08 04:15:00,OANDA:XAUUSD,4711.75,4712.81,4709.335,4711.995,1660.0,False,False,False,False,False,False
2026-05-08 04:20:00,OANDA:XAUUSD,4711.97,4714.085,4710.915,4713.235,1463.0,False,False,False,False,True,False
2026-05-08 04:25:00,OANDA:XAUUSD,4713.22,4714.35,4712.41,4713.135,994.0,False,False,False,False,False,False
2026-05-08 04:30:00,OANDA:XAUUSD,4713.165,4715.835,4710.25,4713.385,1099.0,False,False,False,False,False,False
2026-05-08 04:35:00,OANDA:XAUUSD,4713.315,4714.19,4697.96,4698.55,3410.0,False,True,False,True,False,True
2026-05-08 04:40:00,OANDA:XAUUSD,4698.495,4706.65,4696.735,4703.915,2399.0,False,False,False,True,False,False
2026-05-08 04:45:00,OANDA:XAUUSD,4703.965,4704.24,4699.21,4702.425,1925.0,False,False,False,False,False,False
2026-05-08 04:50:00,OANDA:XAUUSD,4702.245,4702.65,4694.395,4695.615,1518.0,False,True,False,True,False,True
2026-05-08 04:55:00,OANDA:XAUUSD,4695.315,4695.315,4686.28,4687.18,2958.0,False,False,False,True,False,True
2026-05-08 06:00:00,OANDA:XAUUSD,4694.565,4694.565,4694.51,4694.54,12.0,False,False,False,False,False,False
2026-05-08 06:05:00,OANDA:XAUUSD,4694.31,4694.31,4685.805,4691.785,2114.0,False,False,False,True,False,True
2026-05-08 06:10:00,OANDA:XAUUSD,4691.905,4698.36,4687.11,4691.46,1730.0,False,False,False,False,False,False
2026-05-08 06:15:00,OANDA:XAUUSD,4691.465,4697.81,4689.525,4694.52,1911.0,False,False,False,False,False,False
2026-05-08 06:20:00,OANDA:XAUUSD,4694.525,4699.605,4693.14,4696.515,2219.0,False,False,True,False,False,False
2026-05-08 06:25:00,OANDA:XAUUSD,4696.53,4698.08,4693.395,4694.11,1476.0,False,False,False,False,False,False
2026-05-08 06:30:00,OANDA:XAUUSD,4694.125,4695.505,4687.15,4688.975,2380.0,False,True,False,False,False,True
2026-05-08 06:35:00,OANDA:XAUUSD,4688.965,4690.75,4686.98,4690.0,2033.0,False,False,False,True,False,False
2026-05-08 06:40:00,OANDA:XAUUSD,4689.995,4691.59,4686.325,4687.25,1372.0,False,False,False,True,False,False
2026-05-08 06:45:00,OANDA:XAUUSD,4687.24,4687.91,4682.85,4684.205,1376.0,False,False,False,True,False,True
2026-05-08 06:50:00,OANDA:XAUUSD,4684.19,4688.87,4682.045,4686.66,1331.0,False,False,False,True,False,False
2026-05-08 06:55:00,OANDA:XAUUSD,4686.65,4688.325,4684.89,4686.095,1103.0,False,False,False,False,False,False
2026-05-08 07:00:00,OANDA:XAUUSD,4686.115,4689.97,4684.845,4689.365,1237.0,False,False,False,False,True,False
2026-05-08 07:05:00,OANDA:XAUUSD,4689.405,4692.155,4686.89,4691.585,1337.0,True,False,True,False,True,False
2026-05-08 07:10:00,OANDA:XAUUSD,4691.565,4694.01,4690.59,4691.76,1022.0,False,False,True,False,False,False
2026-05-08 07:15:00,OANDA:XAUUSD,4691.87,4694.115,4691.87,4694.035,766.0,True,False,True,False,True,False
2026-05-08 07:20:00,OANDA:XAUUSD,4694.04,4698.195,4694.035,4696.66,817.0,True,False,True,False,True,False
2026-05-08 07:25:00,OANDA:XAUUSD,4696.65,4698.565,4695.84,4696.525,1095.0,False,False,True,False,False,False
2026-05-08 07:30:00,OANDA:XAUUSD,4696.53,4697.97,4694.87,4697.135,1175.0,False,False,False,False,False,False
2026-05-08 07:35:00,OANDA:XAUUSD,4697.12,4699.0,4696.54,4698.855,1086.0,False,False,True,False,True,False
2026-05-08 07:40:00,OANDA:XAUUSD,4698.79,4699.13,4696.865,4697.845,863.0,False,False,True,False,False,False
2026-05-08 07:45:00,OANDA:XAUUSD,4697.87,4702.48,4697.87,4700.985,1186.0,True,False,True,False,True,False
2026-05-08 07:50:00,OANDA:XAUUSD,4700.995,4704.875,4700.33,4703.58,1450.0,True,False,True,False,True,False
2026-05-08 07:55:00,OANDA:XAUUSD,4703.63,4705.74,4703.44,4704.405,1121.0,False,False,True,False,False,False
2026-05-08 08:00:00,OANDA:XAUUSD,4704.385,4706.735,4701.72,4703.305,2529.0,False,False,True,False,False,True
2026-05-08 08:05:00,OANDA:XAUUSD,4703.32,4708.48,4702.705,4707.8,1765.0,False,False,True,False,True,False
2026-05-08 08:10:00,OANDA:XAUUSD,4707.74,4709.615,4701.675,4702.93,1090.0,False,False,True,False,False,False
2026-05-08 08:15:00,OANDA:XAUUSD,4703.125,4703.125,4694.275,4695.43,2131.0,False,False,False,True,False,True
2026-05-08 08:20:00,OANDA:XAUUSD,4695.43,4705.175,4694.125,4703.945,2672.0,False,False,False,True,True,False
2026-05-08 08:25:00,OANDA:XAUUSD,4703.955,4705.975,4696.515,4697.36,2116.0,False,False,False,False,False,False
2026-05-08 08:30:00,OANDA:XAUUSD,4697.39,4704.215,4696.42,4703.325,2296.0,False,False,False,False,False,False
2026-05-08 08:35:00,OANDA:XAUUSD,4703.315,4706.805,4701.49,4704.135,2095.0,False,False,False,False,False,False
2026-05-08 08:40:00,OANDA:XAUUSD,4704.17,4708.39,4704.1,4705.155,1797.0,False,False,True,False,False,False
2026-05-08 08:45:00,OANDA:XAUUSD,4705.21,4705.965,4699.905,4700.145,1731.0,False,True,False,False,False,True
2026-05-08 08:50:00,OANDA:XAUUSD,4700.14,4701.4,4698.34,4698.46,1163.0,False,False,False,False,False,True
2026-05-08 08:55:00,OANDA:XAUUSD,4698.39,4702.055,4697.02,4701.38,1194.0,False,False,False,False,False,False
2026-05-08 09:00:00,OANDA:XAUUSD,4701.3,4715.61,4700.45,4713.185,5496.0,True,False,True,False,True,False
2026-05-08 09:05:00,OANDA:XAUUSD,4713.325,4719.515,4713.325,4715.0,3084.0,False,False,True,False,False,False
2026-05-08 09:10:00,OANDA:XAUUSD,4714.965,4718.445,4712.72,4714.03,2759.0,False,False,False,False,False,False
2026-05-08 09:15:00,OANDA:XAUUSD,4714.01,4718.23,4711.54,4717.85,2755.0,False,False,False,False,False,False
2026-05-08 09:20:00,OANDA:XAUUSD,4717.94,4719.3,4711.07,4712.34,2209.0,False,False,False,False,False,False
2026-05-08 09:25:00,OANDA:XAUUSD,4712.41,4715.7,4712.035,4712.51,2082.0,False,False,False,False,False,False
2026-05-08 09:30:00,OANDA:XAUUSD,4712.515,4715.38,4710.14,4712.695,2864.0,False,False,False,True,False,False
2026-05-08 09:35:00,OANDA:XAUUSD,4712.665,4713.05,4705.51,4708.325,2819.0,False,False,False,True,False,True
2026-05-08 09:40:00,OANDA:XAUUSD,4708.375,4711.7,4707.02,4711.245,2308.0,False,False,False,False,False,False
2026-05-08 09:45:00,OANDA:XAUUSD,4711.265,4720.43,4711.265,4719.975,2610.0,True,False,True,False,True,False
2026-05-08 09:50:00,OANDA:XAUUSD,4720.065,4723.545,4720.065,4722.22,1738.0,True,False,True,False,True,False
2026-05-08 09:55:00,OANDA:XAUUSD,4722.18,4725.71,4721.8,4722.97,1140.0,False,False,True,False,False,False
2026-05-08 10:00:00,OANDA:XAUUSD,4723.145,4732.885,4721.66,4731.68,2417.0,True,False,True,False,True,False
2026-05-08 10:05:00,OANDA:XAUUSD,4731.655,4731.655,4726.93,4729.44,1756.0,False,False,False,False,False,False
2026-05-08 10:10:00,OANDA:XAUUSD,4729.405,4729.88,4723.68,4724.15,1018.0,False,True,False,False,False,True
2026-05-08 10:15:00,OANDA:XAUUSD,4724.09,4724.54,4718.14,4719.32,1592.0,False,True,False,True,False,True
2026-05-08 10:20:00,OANDA:XAUUSD,4719.83,4723.34,4719.83,4722.375,1845.0,False,False,False,False,False,False
2026-05-08 10:25:00,OANDA:XAUUSD,4722.365,4723.97,4720.37,4721.56,1137.0,False,False,False,False,False,False
2026-05-08 10:30:00,OANDA:XAUUSD,4721.585,4723.54,4716.965,4719.825,2663.0,False,False,False,True,False,True
2026-05-08 10:35:00,OANDA:XAUUSD,4719.885,4721.2,4706.995,4711.43,4891.0,False,True,False,True,False,True
2026-05-08 10:40:00,OANDA:XAUUSD,4711.415,4715.39,4710.43,4710.43,1982.0,False,False,False,False,False,False
2026-05-08 10:45:00,OANDA:XAUUSD,4710.44,4716.89,4708.72,4716.89,3200.0,False,False,False,False,True,False
2026-05-08 10:50:00,OANDA:XAUUSD,4716.95,4717.87,4712.84,4716.64,3025.0,False,False,False,False,False,False
2026-05-08 10:55:00,OANDA:XAUUSD,4716.635,4717.325,4712.67,4713.57,2033.0,False,False,False,False,False,False
2026-05-08 11:00:00,OANDA:XAUUSD,4713.565,4717.84,4711.405,4717.76,2185.0,False,False,False,False,True,False
2026-05-08 11:05:00,OANDA:XAUUSD,4717.755,4719.38,4715.27,4718.03,2095.0,True,False,True,False,True,False
2026-05-08 11:10:00,OANDA:XAUUSD,4718.08,4720.38,4717.85,4720.35,1009.0,True,False,True,False,True,False
2026-05-08 11:15:00,OANDA:XAUUSD,4720.34,4723.0,4719.46,4720.33,1052.0,False,False,True,False,False,False
2026-05-08 11:20:00,OANDA:XAUUSD,4720.35,4720.36,4717.19,4719.07,923.0,False,False,False,False,False,True
2026-05-08 11:25:00,OANDA:XAUUSD,4719.085,4721.18,4717.69,4720.625,1371.0,False,False,False,False,True,False
2026-05-08 11:30:00,OANDA:XAUUSD,4720.565,4730.79,4720.095,4730.79,1655.0,True,False,True,False,True,False
2026-05-08 11:35:00,OANDA:XAUUSD,4730.82,4731.185,4723.2,4723.855,1912.0,False,False,True,False,False,False
2026-05-08 11:40:00,OANDA:XAUUSD,4723.865,4726.405,4722.635,4725.07,1878.0,False,False,False,False,False,False
2026-05-08 11:45:00,OANDA:XAUUSD,4725.06,4725.365,4719.95,4720.375,999.0,False,True,False,False,False,True
2026-05-08 11:50:00,OANDA:XAUUSD,4720.39,4721.09,4718.025,4719.02,1827.0,False,False,False,False,False,True
2026-05-08 11:55:00,OANDA:XAUUSD,4718.96,4721.055,4718.63,4719.735,1485.0,False,False,False,False,False,False
2026-05-08 12:00:00,OANDA:XAUUSD,4719.72,4723.315,4719.63,4719.81,1962.0,False,False,False,False,False,False
2026-05-08 12:05:00,OANDA:XAUUSD,4719.785,4720.1,4715.94,4718.79,1738.0,False,True,False,True,False,True
2026-05-08 12:10:00,OANDA:XAUUSD,4718.785,4719.51,4714.95,4715.03,1527.0,False,False,False,True,False,True
2026-05-08 12:15:00,OANDA:XAUUSD,4715.005,4717.44,4713.4,4716.11,937.0,False,False,False,True,False,False
2026-05-08 12:20:00,OANDA:XAUUSD,4716.03,4718.165,4715.37,4717.87,606.0,False,False,False,False,True,False
2026-05-08 12:25:00,OANDA:XAUUSD,4717.885,4718.605,4715.47,4717.52,1184.0,False,False,False,False,False,False
2026-05-08 12:30:00,OANDA:XAUUSD,4717.605,4718.61,4714.765,4715.32,938.0,False,False,False,False,False,True
2026-05-08 12:35:00,OANDA:XAUUSD,4715.175,4716.185,4713.54,4713.64,1361.0,False,True,False,False,False,True
2026-05-08 12:40:00,OANDA:XAUUSD,4713.655,4713.965,4709.31,4712.35,1685.0,False,False,False,True,False,True
2026-05-08 12:45:00,OANDA:XAUUSD,4712.345,4714.245,4710.445,4713.935,1040.0,False,False,False,False,False,False
2026-05-08 12:50:00,OANDA:XAUUSD,4714.05,4716.505,4712.14,4716.35,1093.0,False,False,False,False,True,False
2026-05-08 12:55:00,OANDA:XAUUSD,4716.46,4716.945,4709.9,4711.13,1268.0,False,False,False,False,False,True
2026-05-08 13:00:00,OANDA:XAUUSD,4711.22,4713.98,4709.675,4713.28,1885.0,False,False,False,False,False,False
2026-05-08 13:05:00,OANDA:XAUUSD,4713.37,4716.46,4712.38,4714.955,1520.0,False,False,False,False,True,False
2026-05-08 13:10:00,OANDA:XAUUSD,4714.925,4716.375,4712.41,4712.42,1535.0,False,False,False,False,False,False
2026-05-08 13:15:00,OANDA:XAUUSD,4712.43,4714.815,4710.66,4714.655,1672.0,False,False,False,False,False,False
2026-05-08 13:20:00,OANDA:XAUUSD,4714.67,4716.085,4713.9,4714.8,1028.0,False,False,False,False,False,False
2026-05-08 13:25:00,OANDA:XAUUSD,4714.54,4720.285,4712.38,4719.46,988.0,True,False,True,False,True,False
2026-05-08 13:30:00,OANDA:XAUUSD,4719.595,4727.495,4719.595,4724.35,3027.0,True,False,True,False,True,False
2026-05-08 13:35:00,OANDA:XAUUSD,4724.365,4725.47,4720.97,4722.875,2102.0,False,False,False,False,False,False
2026-05-08 13:40:00,OANDA:XAUUSD,4722.88,4725.865,4721.95,4724.76,1973.0,False,False,False,False,False,False
2026-05-08 13:45:00,OANDA:XAUUSD,4724.715,4729.07,4723.525,4729.07,1929.0,True,False,True,False,True,False
2026-05-08 13:50:00,OANDA:XAUUSD,4729.05,4730.665,4726.56,4728.345,1937.0,False,False,True,False,False,False
2026-05-08 13:55:00,OANDA:XAUUSD,4728.29,4731.39,4726.755,4727.62,2341.0,False,False,True,False,False,False
2026-05-08 14:00:00,OANDA:XAUUSD,4727.605,4730.705,4712.665,4728.41,5549.0,False,False,False,True,False,False
2026-05-08 14:05:00,OANDA:XAUUSD,4728.825,4729.04,4722.145,4725.7,4156.0,False,False,False,False,False,False
2026-05-08 14:10:00,OANDA:XAUUSD,4725.72,4727.585,4722.845,4723.165,2852.0,False,False,False,False,False,False
2026-05-08 14:15:00,OANDA:XAUUSD,4723.17,4728.42,4721.76,4727.86,2133.0,False,False,False,False,True,False
2026-05-08 14:20:00,OANDA:XAUUSD,4727.855,4728.845,4724.705,4727.775,2537.0,False,False,False,False,False,False
2026-05-08 14:25:00,OANDA:XAUUSD,4727.76,4734.895,4726.315,4733.745,2625.0,False,False,True,False,True,False
2026-05-08 14:30:00,OANDA:XAUUSD,4733.845,4734.585,4726.56,4726.61,2647.0,False,False,False,False,False,False
2026-05-08 14:35:00,OANDA:XAUUSD,4726.765,4729.4,4725.65,4727.59,2206.0,False,False,False,False,False,False
2026-05-08 14:40:00,OANDA:XAUUSD,4727.605,4732.635,4727.55,4729.26,2585.0,False,False,False,False,False,False
2026-05-08 14:45:00,OANDA:XAUUSD,4729.265,4729.62,4721.46,4725.42,2787.0,False,True,False,True,False,True
2026-05-08 14:50:00,OANDA:XAUUSD,4725.425,4727.425,4724.52,4726.32,1899.0,False,False,False,False,False,False
2026-05-08 14:55:00,OANDA:XAUUSD,4726.24,4727.24,4724.41,4725.94,1424.0,False,False,False,False,False,False
2026-05-08 15:00:00,OANDA:XAUUSD,4725.855,4726.725,4721.725,4723.94,3247.0,False,False,False,False,False,True
2026-05-08 15:05:00,OANDA:XAUUSD,4723.965,4725.76,4720.59,4722.745,2080.0,False,False,False,True,False,False
2026-05-08 15:10:00,OANDA:XAUUSD,4722.65,4722.855,4715.205,4715.34,2196.0,False,True,False,True,False,True
2026-05-08 15:15:00,OANDA:XAUUSD,4715.345,4718.335,4712.725,4715.405,3162.0,False,False,False,True,False,False
2026-05-08 15:20:00,OANDA:XAUUSD,4715.4,4717.62,4703.48,4705.84,4704.0,False,True,False,True,False,True
2026-05-08 15:25:00,OANDA:XAUUSD,4705.805,4707.91,4697.045,4706.86,5747.0,False,False,False,True,False,False
2026-05-08 15:30:00,OANDA:XAUUSD,4706.845,4711.32,4701.375,4709.63,3232.0,True,False,False,False,True,False
2026-05-08 15:35:00,OANDA:XAUUSD,4709.65,4712.025,4708.71,4709.38,2362.0,False,False,False,False,False,False
2026-05-08 15:40:00,OANDA:XAUUSD,4709.35,4710.085,4706.77,4708.195,2617.0,False,False,False,False,False,True
2026-05-08 15:45:00,OANDA:XAUUSD,4708.295,4712.725,4708.135,4712.61,2644.0,False,False,False,False,True,False
2026-05-08 15:50:00,OANDA:XAUUSD,4712.6,4713.63,4708.11,4711.075,2617.0,False,False,True,False,False,False
2026-05-08 15:55:00,OANDA:XAUUSD,4711.065,4711.26,4707.025,4707.925,2269.0,False,False,False,False,False,True
2026-05-08 16:00:00,OANDA:XAUUSD,4707.965,4710.235,4706.91,4709.77,1874.0,False,False,False,False,False,False
2026-05-08 16:05:00,OANDA:XAUUSD,4709.855,4711.12,4706.72,4710.765,1573.0,False,False,False,True,True,False
2026-05-08 16:10:00,OANDA:XAUUSD,4710.76,4713.265,4708.4,4711.64,1727.0,True,False,False,False,True,False
2026-05-08 16:15:00,OANDA:XAUUSD,4711.61,4715.37,4711.525,4714.44,1749.0,True,False,True,False,True,False
2026-05-08 16:20:00,OANDA:XAUUSD,4714.445,4722.2,4714.445,4720.15,2312.0,True,False,True,False,True,False
2026-05-08 16:25:00,OANDA:XAUUSD,4720.315,4722.705,4716.46,4717.22,2053.0,False,False,True,False,False,False
2026-05-08 16:30:00,OANDA:XAUUSD,4717.25,4720.365,4716.65,4719.63,2327.0,False,False,False,False,False,False
2026-05-08 16:35:00,OANDA:XAUUSD,4719.625,4723.84,4719.595,4721.67,1704.0,False,False,True,False,True,False
2026-05-08 16:40:00,OANDA:XAUUSD,4721.68,4721.685,4716.775,4716.93,1620.0,False,False,False,False,False,True
2026-05-08 16:45:00,OANDA:XAUUSD,4716.915,4720.305,4716.025,4718.995,1826.0,False,False,False,False,False,False
2026-05-08 16:50:00,OANDA:XAUUSD,4718.96,4719.295,4716.41,4716.46,1289.0,False,False,False,False,False,False
2026-05-08 16:55:00,OANDA:XAUUSD,4716.45,4717.46,4714.98,4715.76,1087.0,False,False,False,True,False,True
2026-05-08 17:00:00,OANDA:XAUUSD,4715.755,4720.52,4713.58,4719.36,1925.0,False,False,False,True,True,False
2026-05-08 17:05:00,OANDA:XAUUSD,4719.315,4720.405,4715.98,4716.035,1954.0,False,False,False,False,False,False
2026-05-08 17:10:00,OANDA:XAUUSD,4716.04,4718.63,4715.41,4718.625,1541.0,False,False,False,False,False,False
2026-05-08 17:15:00,OANDA:XAUUSD,4718.635,4722.375,4718.295,4719.845,903.0,True,False,True,False,True,False
2026-05-08 17:20:00,OANDA:XAUUSD,4719.885,4722.76,4718.805,4720.665,618.0,False,False,True,False,False,False
2026-05-08 17:25:00,OANDA:XAUUSD,4720.595,4723.13,4717.885,4718.29,1289.0,False,False,True,False,False,True
2026-05-08 17:30:00,OANDA:XAUUSD,4718.27,4718.88,4709.96,4714.86,3227.0,False,True,False,True,False,True
2026-05-08 17:35:00,OANDA:XAUUSD,4714.9,4715.25,4709.385,4713.59,1441.0,False,False,False,True,False,False
2026-05-08 17:40:00,OANDA:XAUUSD,4713.595,4714.9,4710.845,4713.49,1710.0,False,False,False,False,False,False
2026-05-08 17:45:00,OANDA:XAUUSD,4713.505,4714.165,4709.88,4710.835,1743.0,False,False,False,False,False,True
2026-05-08 17:50:00,OANDA:XAUUSD,4710.84,4711.445,4707.605,4710.0,1480.0,False,False,False,True,False,False
2026-05-08 17:55:00,OANDA:XAUUSD,4709.95,4712.41,4707.945,4712.015,1286.0,False,False,False,False,True,False
2026-05-08 18:00:00,OANDA:XAUUSD,4711.915,4714.61,4711.24,4712.895,917.0,False,False,False,False,True,False
2026-05-08 18:05:00,OANDA:XAUUSD,4712.88,4714.995,4712.065,4713.505,959.0,False,False,True,False,False,False
2026-05-08 18:10:00,OANDA:XAUUSD,4713.425,4719.175,4713.12,4719.175,1344.0,True,False,True,False,True,False
2026-05-08 18:15:00,OANDA:XAUUSD,4719.18,4719.815,4717.63,4718.12,1102.0,False,False,True,False,False,False
2026-05-08 18:20:00,OANDA:XAUUSD,4718.13,4723.02,4718.015,4721.44,950.0,True,False,True,False,True,False
2026-05-08 18:25:00,OANDA:XAUUSD,4721.465,4723.98,4720.365,4720.4,1320.0,False,False,True,False,False,False
2026-05-08 18:30:00,OANDA:XAUUSD,4720.365,4723.5,4720.245,4722.325,1240.0,False,False,False,False,False,False
2026-05-08 18:35:00,OANDA:XAUUSD,4722.32,4727.74,4721.98,4727.075,1224.0,True,False,True,False,True,False
2026-05-08 18:40:00,OANDA:XAUUSD,4726.935,4727.85,4724.225,4724.39,1688.0,False,False,True,False,False,False
2026-05-08 18:45:00,OANDA:XAUUSD,4724.355,4724.455,4719.175,4719.745,1182.0,False,True,False,False,False,True
2026-05-08 18:50:00,OANDA:XAUUSD,4719.755,4721.76,4717.84,4721.175,1788.0,False,False,False,True,False,False
2026-05-08 18:55:00,OANDA:XAUUSD,4721.245,4721.255,4715.395,4719.82,3231.0,False,False,False,True,False,False
2026-05-08 19:00:00,OANDA:XAUUSD,4719.8,4726.865,4719.8,4725.93,2042.0,True,False,False,False,True,False
2026-05-08 19:05:00,OANDA:XAUUSD,4725.925,4727.495,4723.175,4724.635,2263.0,False,False,False,False,False,False
2026-05-08 19:10:00,OANDA:XAUUSD,4724.685,4725.225,4719.025,4722.145,2320.0,False,False,False,False,False,True
2026-05-08 19:15:00,OANDA:XAUUSD,4721.985,4725.295,4721.645,4723.115,1639.0,False,False,False,False,False,False
2026-05-08 19:20:00,OANDA:XAUUSD,4723.125,4724.085,4720.08,4723.485,2101.0,False,False,False,False,False,False
2026-05-08 19:25:00,OANDA:XAUUSD,4723.44,4725.895,4723.1,4724.045,1552.0,False,False,False,False,False,False
2026-05-08 19:30:00,OANDA:XAUUSD,4724.035,4725.285,4721.99,4722.48,1104.0,False,False,False,False,False,True
2026-05-08 19:35:00,OANDA:XAUUSD,4722.51,4725.91,4722.07,4723.015,1432.0,False,False,True,False,False,False
2026-05-08 19:40:00,OANDA:XAUUSD,4722.995,4723.925,4721.155,4721.215,1046.0,False,True,False,False,False,True
2026-05-08 19:45:00,OANDA:XAUUSD,4721.175,4721.495,4717.27,4717.87,1927.0,False,True,False,True,False,True
2026-05-08 19:50:00,OANDA:XAUUSD,4717.855,4717.95,4713.91,4717.175,1645.0,False,False,False,True,False,True
2026-05-08 19:55:00,OANDA:XAUUSD,4717.175,4720.135,4716.25,4717.9,1879.0,False,False,False,False,False,False
2026-05-08 20:00:00,OANDA:XAUUSD,4717.87,4719.985,4712.76,4713.39,2273.0,False,True,False,True,False,True
2026-05-08 20:05:00,OANDA:XAUUSD,4713.4,4714.485,4708.81,4709.93,2609.0,False,True,False,True,False,True
2026-05-08 20:10:00,OANDA:XAUUSD,4709.865,4710.015,4703.945,4704.83,2941.0,False,False,False,True,False,True
2026-05-08 20:15:00,OANDA:XAUUSD,4704.835,4710.515,4702.88,4708.215,2807.0,False,False,False,True,False,False
2026-05-08 20:20:00,OANDA:XAUUSD,4708.21,4710.6,4705.01,4706.485,2968.0,False,False,False,False,False,False
2026-05-08 20:25:00,OANDA:XAUUSD,4706.47,4711.075,4705.505,4710.41,2340.0,False,False,False,False,False,False
2026-05-08 20:30:00,OANDA:XAUUSD,4710.42,4724.875,4703.42,4723.255,6653.0,True,False,True,False,True,False
2026-05-08 20:35:00,OANDA:XAUUSD,4723.265,4727.86,4721.67,4725.46,5249.0,False,False,True,False,True,False
2026-05-08 20:40:00,OANDA:XAUUSD,4725.54,4730.865,4722.35,4723.88,4585.0,False,False,True,False,False,False
2026-05-08 20:45:00,OANDA:XAUUSD,4724.075,4726.825,4719.47,4724.41,3945.0,False,False,False,False,False,False
2026-05-08 20:50:00,OANDA:XAUUSD,4724.4,4731.37,4719.905,4730.875,3633.0,False,False,True,False,True,False
2026-05-08 20:55:00,OANDA:XAUUSD,4730.815,4732.125,4720.54,4724.485,5023.0,False,False,True,False,False,False
2026-05-08 21:00:00,OANDA:XAUUSD,4724.395,4729.14,4720.535,4723.255,5275.0,False,False,False,False,False,False
2026-05-08 21:05:00,OANDA:XAUUSD,4723.26,4725.885,4718.495,4720.415,4316.0,False,False,False,True,False,True
2026-05-08 21:10:00,OANDA:XAUUSD,4720.395,4721.79,4716.51,4720.525,3744.0,False,False,False,True,False,False
2026-05-08 21:15:00,OANDA:XAUUSD,4720.445,4726.495,4719.66,4724.9,3776.0,True,False,False,False,True,False
2026-05-08 21:20:00,OANDA:XAUUSD,4724.955,4727.445,4723.105,4724.825,3319.0,False,False,False,False,False,False
2026-05-08 21:25:00,OANDA:XAUUSD,4724.79,4727.99,4724.74,4727.41,2972.0,False,False,False,False,False,False
2026-05-08 21:30:00,OANDA:XAUUSD,4727.395,4743.98,4726.94,4739.115,6805.0,True,False,True,False,True,False
2026-05-08 21:35:00,OANDA:XAUUSD,4739.12,4744.42,4738.38,4738.58,6620.0,False,False,True,False,False,False
2026-05-08 21:40:00,OANDA:XAUUSD,4738.6,4741.185,4734.895,4738.365,6646.0,False,False,False,False,False,True
2026-05-08 21:45:00,OANDA:XAUUSD,4738.35,4744.3,4734.955,4740.485,5497.0,False,False,False,False,False,False
2026-05-08 21:50:00,OANDA:XAUUSD,4740.465,4745.5,4737.345,4740.79,5655.0,False,False,True,False,False,False
2026-05-08 21:55:00,OANDA:XAUUSD,4740.81,4748.015,4740.165,4747.85,3774.0,False,False,True,False,True,False
2026-05-08 22:00:00,OANDA:XAUUSD,4747.84,4749.58,4739.26,4740.375,6010.0,False,False,True,False,False,False
2026-05-08 22:05:00,OANDA:XAUUSD,4740.38,4740.38,4725.585,4726.6,6536.0,False,True,False,True,False,True
2026-05-08 22:10:00,OANDA:XAUUSD,4726.59,4732.27,4718.955,4731.85,7321.0,False,False,False,True,False,False
2026-05-08 22:15:00,OANDA:XAUUSD,4731.79,4734.02,4725.53,4727.745,5020.0,False,False,False,False,False,False
2026-05-08 22:20:00,OANDA:XAUUSD,4727.765,4728.475,4721.465,4725.83,5341.0,False,False,False,False,False,False
2026-05-08 22:25:00,OANDA:XAUUSD,4725.84,4729.4,4717.025,4717.86,5169.0,False,False,False,True,False,True
2026-05-08 22:30:00,OANDA:XAUUSD,4717.72,4723.18,4714.505,4722.545,6260.0,False,False,False,True,False,False
2026-05-08 22:35:00,OANDA:XAUUSD,4722.535,4725.14,4719.315,4723.73,5346.0,False,False,False,False,True,False
2026-05-08 22:40:00,OANDA:XAUUSD,4723.755,4725.725,4721.44,4722.78,4301.0,False,False,False,False,False,False
2026-05-08 22:45:00,OANDA:XAUUSD,4722.725,4724.775,4715.035,4718.21,3483.0,False,True,False,False,False,True
2026-05-08 22:50:00,OANDA:XAUUSD,4718.175,4719.55,4713.495,4718.295,3828.0,False,False,False,True,False,False
2026-05-08 22:55:00,OANDA:XAUUSD,4718.31,4719.87,4715.715,4716.01,3818.0,False,False,False,False,False,False
2026-05-08 23:00:00,OANDA:XAUUSD,4716.02,4717.765,4712.65,4713.96,3884.0,False,False,False,True,False,True
2026-05-08 23:05:00,OANDA:XAUUSD,4713.975,4721.065,4713.975,4716.87,3713.0,False,False,False,False,False,False
2026-05-08 23:10:00,OANDA:XAUUSD,4716.825,4719.875,4706.27,4707.95,4564.0,False,True,False,True,False,True
2026-05-08 23:15:00,OANDA:XAUUSD,4707.895,4709.105,4704.635,4707.015,5664.0,False,False,False,True,False,False
2026-05-08 23:20:00,OANDA:XAUUSD,4707.0,4711.64,4704.425,4708.125,5880.0,False,False,False,True,False,False
2026-05-08 23:25:00,OANDA:XAUUSD,4708.115,4713.79,4705.725,4713.535,3872.0,False,False,False,False,True,False
2026-05-08 23:30:00,OANDA:XAUUSD,4713.545,4714.66,4704.425,4710.045,5890.0,False,False,False,False,False,False
2026-05-08 23:35:00,OANDA:XAUUSD,4710.06,4715.17,4709.795,4712.87,3467.0,False,False,False,False,False,False
2026-05-08 23:40:00,OANDA:XAUUSD,4712.865,4712.865,4704.16,4706.095,4350.0,False,False,False,True,False,True
2026-05-08 23:45:00,OANDA:XAUUSD,4706.11,4709.96,4702.055,4708.845,4311.0,False,False,False,True,False,False
2026-05-08 23:50:00,OANDA:XAUUSD,4708.855,4711.335,4708.575,4709.68,2877.0,False,False,False,False,False,False
2026-05-08 23:55:00,OANDA:XAUUSD,4709.635,4709.77,4704.56,4707.22,3420.0,False,False,False,False,False,True
2026-05-09 00:00:00,OANDA:XAUUSD,4707.23,4710.105,4705.55,4706.285,3431.0,False,False,False,False,False,False
2026-05-09 00:05:00,OANDA:XAUUSD,4706.355,4712.475,4706.355,4708.84,3180.0,False,False,False,False,False,False
2026-05-09 00:10:00,OANDA:XAUUSD,4708.85,4712.56,4706.92,4711.67,2202.0,False,False,True,False,False,False
2026-05-09 00:15:00,OANDA:XAUUSD,4711.655,4714.42,4711.605,4711.765,2524.0,False,False,True,False,False,False
2026-05-09 00:20:00,OANDA:XAUUSD,4711.76,4715.46,4711.725,4714.6,2724.0,True,False,True,False,True,False
2026-05-09 00:25:00,OANDA:XAUUSD,4714.595,4717.72,4714.435,4717.71,2600.0,True,False,True,False,True,False
2026-05-09 00:30:00,OANDA:XAUUSD,4717.69,4720.28,4716.865,4717.195,1969.0,False,False,True,False,False,False
2026-05-09 00:35:00,OANDA:XAUUSD,4717.015,4718.36,4715.665,4716.36,2155.0,False,False,False,False,False,True
2026-05-09 00:40:00,OANDA:XAUUSD,4716.43,4717.48,4713.32,4713.525,1795.0,False,False,False,False,False,True
2026-05-09 00:45:00,OANDA:XAUUSD,4713.55,4716.365,4712.805,4713.595,2528.0,False,False,False,False,False,False
2026-05-09 00:50:00,OANDA:XAUUSD,4713.615,4713.81,4711.875,4713.235,2950.0,False,False,False,True,False,False
2026-05-09 00:55:00,OANDA:XAUUSD,4713.225,4714.41,4711.35,4712.525,2722.0,False,False,False,True,False,False
2026-05-09 01:00:00,OANDA:XAUUSD,4712.505,4716.17,4712.225,4715.365,2742.0,False,False,False,False,True,False
2026-05-09 01:05:00,OANDA:XAUUSD,4715.36,4716.335,4713.555,4714.35,2479.0,False,False,False,False,False,False
2026-05-09 01:10:00,OANDA:XAUUSD,4714.29,4715.37,4713.08,4715.3,2091.0,False,False,False,False,False,False
2026-05-09 01:15:00,OANDA:XAUUSD,4715.295,4719.51,4715.285,4718.715,1743.0,True,False,True,False,True,False
2026-05-09 01:20:00,OANDA:XAUUSD,4718.73,4720.705,4717.38,4718.83,1532.0,False,False,True,False,False,False
2026-05-09 01:25:00,OANDA:XAUUSD,4718.82,4722.125,4718.5,4720.6,1936.0,False,False,True,False,False,False
2026-05-09 01:30:00,OANDA:XAUUSD,4720.57,4721.845,4719.67,4720.39,1391.0,False,False,False,False,False,False
2026-05-09 01:35:00,OANDA:XAUUSD,4720.37,4721.61,4719.82,4720.04,1609.0,False,False,False,False,False,False
2026-05-09 01:40:00,OANDA:XAUUSD,4720.025,4721.66,4719.76,4720.755,1564.0,False,False,False,False,False,False
2026-05-09 01:45:00,OANDA:XAUUSD,4720.75,4721.53,4719.84,4720.03,1530.0,False,False,False,False,False,False
2026-05-09 01:50:00,OANDA:XAUUSD,4720.025,4722.16,4719.43,4722.115,1482.0,False,False,True,False,True,False
2026-05-09 01:55:00,OANDA:XAUUSD,4722.14,4722.765,4719.8,4720.96,1130.0,False,False,True,False,False,False
2026-05-09 02:00:00,OANDA:XAUUSD,4721.025,4727.765,4720.635,4726.7,3536.0,True,False,True,False,True,False
2026-05-09 02:05:00,OANDA:XAUUSD,4726.67,4727.89,4725.645,4726.005,2003.0,False,False,True,False,False,False
2026-05-09 02:10:00,OANDA:XAUUSD,4726.02,4728.685,4725.155,4727.68,1983.0,False,False,True,False,False,False
2026-05-09 02:15:00,OANDA:XAUUSD,4727.69,4729.025,4725.435,4725.58,1886.0,False,False,True,False,False,False
2026-05-09 02:20:00,OANDA:XAUUSD,4725.57,4727.65,4725.39,4726.725,1482.0,False,False,False,False,False,False
2026-05-09 02:25:00,OANDA:XAUUSD,4726.71,4726.71,4723.965,4725.725,2059.0,False,False,False,False,False,False
2026-05-09 02:30:00,OANDA:XAUUSD,4725.715,4726.51,4724.12,4725.385,1734.0,False,False,False,False,False,False
2026-05-09 02:35:00,OANDA:XAUUSD,4725.38,4726.315,4724.82,4725.94,1615.0,False,False,False,False,False,False
2026-05-09 02:40:00,OANDA:XAUUSD,4725.91,4726.24,4724.02,4724.77,1206.0,False,False,False,False,False,True
2026-05-09 02:45:00,OANDA:XAUUSD,4724.67,4724.885,4722.185,4723.555,1863.0,False,False,False,True,False,True
2026-05-09 02:50:00,OANDA:XAUUSD,4723.565,4724.47,4721.86,4722.505,1392.0,False,False,False,True,False,False
2026-05-09 02:55:00,OANDA:XAUUSD,4722.51,4723.365,4720.01,4722.0,2033.0,False,False,False,True,False,False
2026-05-09 03:00:00,OANDA:XAUUSD,4721.995,4724.645,4721.06,4723.055,2283.0,False,False,False,False,False,False
2026-05-09 03:05:00,OANDA:XAUUSD,4723.13,4725.545,4722.565,4724.835,1701.0,False,False,False,False,True,False
2026-05-09 03:10:00,OANDA:XAUUSD,4724.805,4725.715,4723.395,4723.76,1175.0,False,False,True,False,False,False
2026-05-09 03:15:00,OANDA:XAUUSD,4723.74,4724.815,4723.605,4724.31,836.0,False,False,False,False,False,False
2026-05-09 03:20:00,OANDA:XAUUSD,4724.32,4725.115,4723.4,4724.74,981.0,False,False,False,False,False,False
2026-05-09 03:25:00,OANDA:XAUUSD,4724.73,4725.07,4723.56,4723.855,994.0,False,False,False,False,False,False
2026-05-09 03:30:00,OANDA:XAUUSD,4723.84,4723.925,4722.15,4723.1,1086.0,False,False,False,True,False,True
2026-05-09 03:35:00,OANDA:XAUUSD,4723.15,4723.635,4721.875,4723.615,946.0,False,False,False,True,False,False
2026-05-09 03:40:00,OANDA:XAUUSD,4723.61,4726.915,4723.515,4725.43,2354.0,False,False,True,False,True,False
2026-05-09 03:45:00,OANDA:XAUUSD,4725.425,4726.035,4723.545,4724.17,1453.0,False,False,False,False,False,False
2026-05-09 03:50:00,OANDA:XAUUSD,4724.23,4725.675,4723.795,4725.065,1527.0,False,False,False,False,False,False
2026-05-09 03:55:00,OANDA:XAUUSD,4725.035,4725.16,4723.115,4724.09,2229.0,False,False,False,False,False,False
2026-05-09 04:00:00,OANDA:XAUUSD,4724.19,4724.43,4722.27,4723.185,1077.0,False,False,False,False,False,False
2026-05-09 04:05:00,OANDA:XAUUSD,4723.15,4723.43,4721.78,4721.78,567.0,False,True,False,True,False,True
2026-05-09 04:10:00,OANDA:XAUUSD,4721.835,4721.97,4717.325,4718.885,578.0,False,True,False,True,False,True
2026-05-09 04:15:00,OANDA:XAUUSD,4718.935,4719.285,4715.425,4715.565,826.0,False,False,False,True,False,True
2026-05-09 04:20:00,OANDA:XAUUSD,4715.515,4717.96,4715.34,4716.955,990.0,False,False,False,True,False,False
2026-05-09 04:25:00,OANDA:XAUUSD,4716.96,4717.82,4715.91,4717.5,1137.0,False,False,False,False,False,False
2026-05-09 04:30:00,OANDA:XAUUSD,4717.48,4719.265,4716.505,4717.525,1000.0,False,False,False,False,False,False
2026-05-09 04:35:00,OANDA:XAUUSD,4717.52,4718.315,4716.86,4718.06,1365.0,False,False,False,False,False,False
2026-05-09 04:40:00,OANDA:XAUUSD,4718.07,4718.445,4716.02,4716.615,815.0,False,False,False,False,False,True
2026-05-09 04:45:00,OANDA:XAUUSD,4716.63,4717.09,4714.9,4715.285,1209.0,False,False,False,True,False,True
2026-05-09 04:50:00,OANDA:XAUUSD,4715.295,4716.535,4714.745,4715.565,1766.0,False,False,False,True,False,False
2026-05-09 04:55:00,OANDA:XAUUSD,4715.53,4716.52,4715.12,4715.715,314.0,False,True,False,False,False,False
2026-05-11 06:00:00,OANDA:XAUUSD,4687.43,4687.515,4686.84,4687.095,29.0,False,True,False,True,False,True
2026-05-11 06:05:00,OANDA:XAUUSD,4687.015,4689.125,4680.075,4688.475,2148.0,False,False,False,True,True,False
2026-05-11 06:10:00,OANDA:XAUUSD,4688.585,4694.87,4686.265,4687.505,1843.0,False,False,False,False,False,False
2026-05-11 06:15:00,OANDA:XAUUSD,4687.53,4690.495,4682.08,4687.605,1393.0,False,False,False,False,False,False
2026-05-11 06:20:00,OANDA:XAUUSD,4687.54,4689.975,4685.37,4689.605,993.0,False,False,False,False,False,False
2026-05-11 06:25:00,OANDA:XAUUSD,4689.61,4696.435,4688.99,4694.465,1576.0,False,False,True,False,True,False
2026-05-11 06:30:00,OANDA:XAUUSD,4693.995,4694.245,4689.44,4693.07,1911.0,False,False,False,False,False,False
2026-05-11 06:35:00,OANDA:XAUUSD,4693.095,4694.26,4687.3,4688.61,1398.0,False,False,False,False,False,True
2026-05-11 06:40:00,OANDA:XAUUSD,4688.59,4691.785,4687.29,4691.39,1024.0,False,False,False,False,False,False
2026-05-11 06:45:00,OANDA:XAUUSD,4691.4,4694.135,4690.13,4694.135,1062.0,False,False,False,False,True,False
2026-05-11 06:50:00,OANDA:XAUUSD,4693.99,4694.03,4690.435,4691.645,1016.0,False,False,False,False,False,False
2026-05-11 06:55:00,OANDA:XAUUSD,4691.655,4694.745,4691.21,4691.76,1719.0,False,False,True,False,False,False
2026-05-11 07:00:00,OANDA:XAUUSD,4691.75,4696.895,4691.05,4696.425,2142.0,False,False,True,False,True,False
2026-05-11 07:05:00,OANDA:XAUUSD,4696.415,4696.415,4692.67,4694.085,1664.0,False,False,False,False,False,False
2026-05-11 07:10:00,OANDA:XAUUSD,4694.02,4694.65,4688.805,4690.285,1921.0,False,False,False,True,False,True
2026-05-11 07:15:00,OANDA:XAUUSD,4690.31,4695.23,4689.18,4695.16,1100.0,True,False,False,False,True,False
2026-05-11 07:20:00,OANDA:XAUUSD,4695.15,4696.71,4694.885,4696.465,1037.0,False,False,False,False,True,False
2026-05-11 07:25:00,OANDA:XAUUSD,4696.715,4697.045,4694.125,4694.795,989.0,False,False,True,False,False,True
2026-05-11 07:30:00,OANDA:XAUUSD,4694.79,4697.695,4694.77,4696.445,923.0,False,False,True,False,False,False
2026-05-11 07:35:00,OANDA:XAUUSD,4696.455,4698.49,4695.535,4697.32,891.0,False,False,True,False,False,False
2026-05-11 07:40:00,OANDA:XAUUSD,4697.345,4698.36,4696.095,4697.62,675.0,False,False,False,False,False,False
2026-05-11 07:45:00,OANDA:XAUUSD,4697.6,4698.63,4694.48,4698.63,801.0,False,False,True,False,True,False
2026-05-11 07:50:00,OANDA:XAUUSD,4698.6,4698.65,4695.43,4695.61,989.0,False,False,True,False,False,False
2026-05-11 07:55:00,OANDA:XAUUSD,4695.605,4695.77,4690.28,4691.89,923.0,False,True,False,True,False,True
2026-05-11 08:00:00,OANDA:XAUUSD,4691.84,4691.935,4682.275,4687.495,2564.0,False,False,False,True,False,True
2026-05-11 08:05:00,OANDA:XAUUSD,4687.545,4690.67,4685.04,4686.125,1914.0,False,False,False,False,False,False
2026-05-11 08:10:00,OANDA:XAUUSD,4686.085,4687.05,4680.33,4682.84,1752.0,False,True,False,True,False,True
2026-05-11 08:15:00,OANDA:XAUUSD,4682.845,4683.34,4676.915,4677.81,2590.0,False,False,False,True,False,True
2026-05-11 08:20:00,OANDA:XAUUSD,4677.715,4685.815,4675.91,4684.425,2020.0,False,False,False,True,True,False
2026-05-11 08:25:00,OANDA:XAUUSD,4684.435,4686.775,4681.835,4683.58,1656.0,False,False,False,False,False,False
2026-05-11 08:30:00,OANDA:XAUUSD,4683.685,4693.355,4683.685,4693.03,1966.0,False,False,True,False,True,False
2026-05-11 08:35:00,OANDA:XAUUSD,4693.01,4693.375,4685.58,4687.525,1843.0,False,False,True,False,False,False
2026-05-11 08:40:00,OANDA:XAUUSD,4687.505,4691.695,4687.34,4689.12,1622.0,False,False,False,False,False,False
2026-05-11 08:45:00,OANDA:XAUUSD,4689.14,4692.96,4687.935,4690.42,2208.0,False,False,False,False,False,False
2026-05-11 08:50:00,OANDA:XAUUSD,4690.27,4692.135,4670.505,4682.69,4760.0,False,True,False,True,False,True
2026-05-11 08:55:00,OANDA:XAUUSD,4682.62,4684.325,4673.77,4683.44,4321.0,False,False,False,False,False,False
2026-05-11 09:00:00,OANDA:XAUUSD,4683.415,4692.775,4674.635,4691.435,7110.0,True,False,False,False,True,False
2026-05-11 09:05:00,OANDA:XAUUSD,4691.44,4699.91,4689.52,4690.875,5583.0,False,False,True,False,False,False
2026-05-11 09:10:00,OANDA:XAUUSD,4690.945,4695.35,4682.24,4692.195,5563.0,False,False,False,False,False,False
2026-05-11 09:15:00,OANDA:XAUUSD,4692.215,4697.82,4689.885,4696.025,4553.0,False,False,False,False,True,False
2026-05-11 09:20:00,OANDA:XAUUSD,4696.105,4705.555,4693.395,4703.165,3524.0,True,False,True,False,True,False
2026-05-11 09:25:00,OANDA:XAUUSD,4703.195,4705.56,4698.92,4699.01,3207.0,False,False,True,False,False,False
2026-05-11 09:30:00,OANDA:XAUUSD,4699.26,4701.935,4693.41,4698.03,3939.0,False,True,False,False,False,True
2026-05-11 09:35:00,OANDA:XAUUSD,4698.225,4698.75,4694.115,4695.36,3982.0,False,False,False,False,False,False
2026-05-11 09:40:00,OANDA:XAUUSD,4695.285,4695.86,4690.96,4694.515,3111.0,False,False,False,False,False,False
2026-05-11 09:45:00,OANDA:XAUUSD,4694.655,4696.115,4692.715,4695.12,2024.0,False,False,False,False,False,False
2026-05-11 09:50:00,OANDA:XAUUSD,4695.115,4695.115,4685.66,4686.8,3224.0,False,True,False,True,False,True
2026-05-11 09:55:00,OANDA:XAUUSD,4686.825,4687.55,4680.29,4685.97,2752.0,False,False,False,True,False,False
2026-05-11 10:00:00,OANDA:XAUUSD,4685.975,4693.135,4685.1,4689.185,2911.0,False,False,False,False,True,False
2026-05-11 10:05:00,OANDA:XAUUSD,4689.22,4689.405,4678.685,4684.08,2865.0,False,False,False,True,False,True
2026-05-11 10:10:00,OANDA:XAUUSD,4684.03,4689.605,4682.85,4686.305,2476.0,False,False,False,False,False,False
2026-05-11 10:15:00,OANDA:XAUUSD,4686.27,4686.9,4683.05,4683.55,1740.0,False,False,False,False,False,False
2026-05-11 10:20:00,OANDA:XAUUSD,4683.525,4686.75,4683.005,4686.235,1683.0,False,False,False,False,False,False
2026-05-11 10:25:00,OANDA:XAUUSD,4686.15,4688.705,4685.155,4688.5,1474.0,True,False,False,False,True,False
2026-05-11 10:30:00,OANDA:XAUUSD,4688.48,4695.66,4688.48,4692.13,2310.0,True,False,True,False,True,False
2026-05-11 10:35:00,OANDA:XAUUSD,4692.11,4700.425,4690.945,4699.33,2434.0,False,False,True,False,True,False
2026-05-11 10:40:00,OANDA:XAUUSD,4699.325,4699.325,4688.125,4688.785,1819.0,False,False,False,False,False,True
2026-05-11 10:45:00,OANDA:XAUUSD,4688.645,4693.885,4684.64,4685.635,2781.0,False,True,False,False,False,True
2026-05-11 10:50:00,OANDA:XAUUSD,4685.63,4685.735,4679.21,4680.93,3157.0,False,True,False,True,False,True
2026-05-11 10:55:00,OANDA:XAUUSD,4680.915,4682.865,4676.905,4681.985,3212.0,False,False,False,True,False,False
2026-05-11 11:00:00,OANDA:XAUUSD,4681.96,4685.12,4675.45,4683.86,2718.0,False,False,False,True,True,False
2026-05-11 11:05:00,OANDA:XAUUSD,4683.84,4686.69,4682.025,4686.495,1844.0,True,False,False,False,True,False
2026-05-11 11:10:00,OANDA:XAUUSD,4686.5,4689.93,4685.585,4687.375,1938.0,False,False,False,False,True,False
2026-05-11 11:15:00,OANDA:XAUUSD,4687.39,4689.985,4684.04,4688.71,2195.0,False,False,True,False,False,False
2026-05-11 11:20:00,OANDA:XAUUSD,4688.695,4689.095,4683.98,4688.74,2103.0,False,False,False,False,False,False
2026-05-11 11:25:00,OANDA:XAUUSD,4688.775,4690.69,4687.075,4689.635,1589.0,False,False,True,False,True,False
2026-05-11 11:30:00,OANDA:XAUUSD,4689.655,4690.715,4686.075,4686.87,1484.0,False,False,True,False,False,True
2026-05-11 11:35:00,OANDA:XAUUSD,4687.005,4687.69,4682.285,4684.495,1097.0,False,False,False,True,False,True
2026-05-11 11:40:00,OANDA:XAUUSD,4684.455,4688.32,4683.73,4688.085,1055.0,False,False,False,False,True,False
2026-05-11 11:45:00,OANDA:XAUUSD,4688.075,4688.075,4681.575,4681.68,1137.0,False,True,False,True,False,True
2026-05-11 11:50:00,OANDA:XAUUSD,4681.66,4682.785,4677.39,4677.69,1416.0,False,True,False,True,False,True
2026-05-11 11:55:00,OANDA:XAUUSD,4677.685,4679.5,4677.22,4678.75,1268.0,False,False,False,True,False,False
2026-05-11 12:00:00,OANDA:XAUUSD,4678.775,4680.11,4673.665,4677.55,2009.0,False,False,False,True,False,False
2026-05-11 12:05:00,OANDA:XAUUSD,4677.545,4679.325,4675.93,4677.7,1021.0,False,False,False,False,False,False
2026-05-11 12:10:00,OANDA:XAUUSD,4677.725,4678.23,4674.83,4677.715,1505.0,False,False,False,False,False,False
2026-05-11 12:15:00,OANDA:XAUUSD,4677.725,4678.96,4674.105,4674.465,1318.0,False,False,False,False,False,True
2026-05-11 12:20:00,OANDA:XAUUSD,4674.445,4675.19,4670.455,4673.885,1820.0,False,False,False,True,False,True
2026-05-11 12:25:00,OANDA:XAUUSD,4673.88,4675.955,4671.55,4671.87,1379.0,False,False,False,False,False,False
2026-05-11 12:30:00,OANDA:XAUUSD,4671.825,4673.945,4668.55,4673.275,1362.0,False,False,False,True,False,False
2026-05-11 12:35:00,OANDA:XAUUSD,4673.26,4674.7,4671.505,4671.62,1329.0,False,False,False,False,False,False
2026-05-11 12:40:00,OANDA:XAUUSD,4671.6,4673.775,4671.415,4673.265,718.0,False,False,False,False,False,False
2026-05-11 12:45:00,OANDA:XAUUSD,4673.225,4675.445,4672.965,4675.095,703.0,False,False,False,False,True,False
2026-05-11 12:50:00,OANDA:XAUUSD,4675.1,4676.06,4673.145,4675.6,859.0,False,False,True,False,True,False
2026-05-11 12:55:00,OANDA:XAUUSD,4675.615,4675.79,4671.87,4672.16,582.0,False,False,False,False,False,True
2026-05-11 13:00:00,OANDA:XAUUSD,4672.1,4676.065,4671.89,4675.79,880.0,False,False,True,False,False,False
2026-05-11 13:05:00,OANDA:XAUUSD,4675.86,4676.175,4670.69,4672.525,1375.0,False,False,True,True,False,False
2026-05-11 13:10:00,OANDA:XAUUSD,4672.52,4674.06,4671.23,4673.47,1397.0,False,False,False,False,False,False
2026-05-11 13:15:00,OANDA:XAUUSD,4673.43,4674.505,4671.945,4673.675,1091.0,False,False,False,False,False,False
2026-05-11 13:20:00,OANDA:XAUUSD,4673.67,4675.32,4672.58,4675.25,1100.0,False,False,False,False,True,False
2026-05-11 13:25:00,OANDA:XAUUSD,4675.2,4675.2,4670.78,4670.78,1139.0,False,False,False,False,False,True
2026-05-11 13:30:00,OANDA:XAUUSD,4670.79,4679.345,4670.79,4678.96,2865.0,False,False,True,False,True,False
2026-05-11 13:35:00,OANDA:XAUUSD,4678.93,4680.97,4673.01,4674.16,2435.0,False,False,True,False,False,False
2026-05-11 13:40:00,OANDA:XAUUSD,4674.155,4674.645,4662.375,4663.905,2595.0,False,True,False,True,False,True
2026-05-11 13:45:00,OANDA:XAUUSD,4663.915,4664.3,4658.88,4661.005,3265.0,False,True,False,True,False,True
2026-05-11 13:50:00,OANDA:XAUUSD,4661.03,4661.84,4652.93,4654.445,4255.0,False,True,False,True,False,True
2026-05-11 13:55:00,OANDA:XAUUSD,4654.39,4655.215,4648.09,4652.53,4316.0,False,False,False,True,False,True
2026-05-11 14:00:00,OANDA:XAUUSD,4652.62,4659.85,4649.505,4659.815,3546.0,True,False,False,False,True,False
2026-05-11 14:05:00,OANDA:XAUUSD,4659.8,4665.03,4657.32,4662.67,3020.0,True,False,False,False,True,False
2026-05-11 14:10:00,OANDA:XAUUSD,4662.57,4667.16,4662.45,4665.32,2717.0,True,False,True,False,True,False
2026-05-11 14:15:00,OANDA:XAUUSD,4665.325,4670.615,4665.065,4670.43,2653.0,False,False,True,False,True,False
2026-05-11 14:20:00,OANDA:XAUUSD,4670.475,4670.685,4664.8,4667.29,2902.0,False,False,True,False,False,False
2026-05-11 14:25:00,OANDA:XAUUSD,4667.265,4668.8,4664.595,4667.405,2820.0,False,False,False,False,False,False
2026-05-11 14:30:00,OANDA:XAUUSD,4667.41,4672.135,4667.285,4669.785,2449.0,False,False,True,False,True,False
2026-05-11 14:35:00,OANDA:XAUUSD,4669.685,4674.305,4668.755,4672.855,1987.0,False,False,True,False,True,False
2026-05-11 14:40:00,OANDA:XAUUSD,4672.86,4675.625,4669.95,4674.345,2509.0,False,False,True,False,True,False
2026-05-11 14:45:00,OANDA:XAUUSD,4674.335,4677.2,4673.055,4673.89,1976.0,False,False,True,False,False,False
2026-05-11 14:50:00,OANDA:XAUUSD,4673.83,4680.645,4671.42,4679.065,2285.0,False,False,True,False,True,False
2026-05-11 14:55:00,OANDA:XAUUSD,4679.045,4680.27,4676.17,4678.565,2528.0,False,False,False,False,False,False
2026-05-11 15:00:00,OANDA:XAUUSD,4678.555,4680.385,4677.675,4679.215,2302.0,False,False,False,False,False,False
2026-05-11 15:05:00,OANDA:XAUUSD,4679.195,4679.205,4674.62,4674.63,2211.0,False,True,False,False,False,True
2026-05-11 15:10:00,OANDA:XAUUSD,4674.715,4676.795,4674.715,4675.93,1707.0,False,False,False,False,False,False
2026-05-11 15:15:00,OANDA:XAUUSD,4675.94,4676.765,4672.095,4673.465,1408.0,False,False,False,False,False,True
2026-05-11 15:20:00,OANDA:XAUUSD,4673.475,4677.165,4672.98,4676.18,1251.0,False,False,False,False,False,False
2026-05-11 15:25:00,OANDA:XAUUSD,4676.23,4678.13,4674.865,4675.705,1107.0,False,False,False,False,False,False
2026-05-11 15:30:00,OANDA:XAUUSD,4675.725,4677.95,4672.535,4674.215,1465.0,False,False,False,False,False,True
2026-05-11 15:35:00,OANDA:XAUUSD,4674.225,4676.48,4672.905,4674.86,1322.0,False,False,False,False,False,False
2026-05-11 15:40:00,OANDA:XAUUSD,4674.88,4676.57,4671.75,4672.22,1461.0,False,False,False,True,False,True
2026-05-11 15:45:00,OANDA:XAUUSD,4672.225,4673.03,4666.725,4667.725,1172.0,False,True,False,True,False,True
2026-05-11 15:50:00,OANDA:XAUUSD,4667.475,4670.845,4664.33,4669.105,2141.0,False,False,False,True,False,False
2026-05-11 15:55:00,OANDA:XAUUSD,4669.065,4669.785,4665.84,4667.86,1130.0,False,False,False,False,False,False
2026-05-11 16:00:00,OANDA:XAUUSD,4667.79,4669.305,4664.6,4668.765,1759.0,False,False,False,False,False,False
2026-05-11 16:05:00,OANDA:XAUUSD,4668.76,4671.35,4664.575,4665.11,2180.0,False,False,False,False,False,False
2026-05-11 16:10:00,OANDA:XAUUSD,4665.09,4673.945,4664.46,4672.165,2173.0,True,False,True,False,True,False
2026-05-11 16:15:00,OANDA:XAUUSD,4672.17,4675.77,4672.17,4675.475,1316.0,False,False,True,False,True,False
2026-05-11 16:20:00,OANDA:XAUUSD,4675.45,4678.995,4672.7,4676.755,1835.0,False,False,True,False,True,False
2026-05-11 16:25:00,OANDA:XAUUSD,4676.765,4677.42,4671.61,4671.61,1868.0,False,False,False,False,False,True
2026-05-11 16:30:00,OANDA:XAUUSD,4671.605,4675.34,4670.1,4671.915,1707.0,False,False,False,False,False,False
2026-05-11 16:35:00,OANDA:XAUUSD,4671.91,4673.325,4669.86,4670.215,1520.0,False,False,False,False,False,False
2026-05-11 16:40:00,OANDA:XAUUSD,4670.265,4671.315,4669.32,4670.53,1394.0,False,False,False,True,False,False
2026-05-11 16:45:00,OANDA:XAUUSD,4670.62,4671.675,4669.505,4671.22,914.0,False,False,False,False,False,False
2026-05-11 16:50:00,OANDA:XAUUSD,4671.19,4671.45,4666.875,4669.12,1623.0,False,True,False,True,False,True
2026-05-11 16:55:00,OANDA:XAUUSD,4669.09,4669.21,4667.075,4667.895,1178.0,False,False,False,False,False,False
2026-05-11 17:00:00,OANDA:XAUUSD,4667.84,4669.855,4665.485,4669.625,1735.0,False,False,False,True,True,False
2026-05-11 17:05:00,OANDA:XAUUSD,4669.63,4670.275,4666.98,4667.79,1169.0,False,False,False,False,False,False
2026-05-11 17:10:00,OANDA:XAUUSD,4667.86,4668.565,4666.155,4667.545,1360.0,False,False,False,False,False,False
2026-05-11 17:15:00,OANDA:XAUUSD,4667.555,4667.58,4664.69,4665.0,1733.0,False,True,False,True,False,True
2026-05-11 17:20:00,OANDA:XAUUSD,4665.05,4665.78,4659.005,4659.135,1540.0,False,True,False,True,False,True
2026-05-11 17:25:00,OANDA:XAUUSD,4659.13,4661.675,4657.03,4657.66,1649.0,False,True,False,True,False,True
2026-05-11 17:30:00,OANDA:XAUUSD,4657.62,4658.855,4650.795,4654.61,3150.0,False,False,False,True,False,True
2026-05-11 17:35:00,OANDA:XAUUSD,4654.53,4660.21,4654.505,4659.405,1986.0,False,False,False,False,True,False
2026-05-11 17:40:00,OANDA:XAUUSD,4659.4,4663.765,4657.355,4663.035,1503.0,True,False,False,False,True,False
2026-05-11 17:45:00,OANDA:XAUUSD,4662.975,4665.08,4661.02,4661.94,1548.0,False,False,False,False,False,False
2026-05-11 17:50:00,OANDA:XAUUSD,4661.875,4663.275,4658.995,4661.93,1576.0,False,False,False,False,False,False
2026-05-11 17:55:00,OANDA:XAUUSD,4661.935,4662.355,4656.465,4656.895,1801.0,False,False,False,False,False,True
2026-05-11 18:00:00,OANDA:XAUUSD,4656.9,4661.485,4656.49,4657.88,1427.0,False,False,False,False,False,False
2026-05-11 18:05:00,OANDA:XAUUSD,4657.89,4661.455,4656.675,4661.255,1543.0,False,False,False,False,False,False
2026-05-11 18:10:00,OANDA:XAUUSD,4661.235,4662.97,4660.72,4662.63,1284.0,False,False,False,False,True,False
2026-05-11 18:15:00,OANDA:XAUUSD,4662.615,4663.095,4660.43,4662.68,999.0,False,False,False,False,False,False
2026-05-11 18:20:00,OANDA:XAUUSD,4662.66,4665.405,4661.07,4665.405,956.0,False,False,True,False,True,False
2026-05-11 18:25:00,OANDA:XAUUSD,4665.43,4665.99,4662.99,4663.49,1085.0,False,False,True,False,False,False
2026-05-11 18:30:00,OANDA:XAUUSD,4663.64,4666.885,4662.575,4666.02,1186.0,False,False,True,False,True,False
2026-05-11 18:35:00,OANDA:XAUUSD,4666.065,4666.685,4660.47,4663.275,1682.0,False,False,False,False,False,False
2026-05-11 18:40:00,OANDA:XAUUSD,4663.28,4663.595,4661.35,4663.555,1734.0,False,False,False,False,False,False
2026-05-11 18:45:00,OANDA:XAUUSD,4663.505,4665.3,4661.615,4664.6,1617.0,True,False,False,False,True,False
2026-05-11 18:50:00,OANDA:XAUUSD,4664.35,4667.69,4664.235,4665.21,1480.0,False,False,True,False,False,False
2026-05-11 18:55:00,OANDA:XAUUSD,4665.165,4666.105,4663.975,4664.14,1166.0,False,False,False,False,False,True
2026-05-11 19:00:00,OANDA:XAUUSD,4664.15,4672.55,4664.15,4671.265,2185.0,True,False,True,False,True,False
2026-05-11 19:05:00,OANDA:XAUUSD,4671.255,4671.31,4667.27,4669.23,1600.0,False,False,False,False,False,False
2026-05-11 19:10:00,OANDA:XAUUSD,4669.215,4670.09,4666.815,4669.5,1705.0,False,False,False,False,False,False
2026-05-11 19:15:00,OANDA:XAUUSD,4669.435,4670.18,4668.155,4669.62,1186.0,False,False,False,False,False,False
2026-05-11 19:20:00,OANDA:XAUUSD,4669.635,4670.495,4667.55,4669.18,1382.0,False,False,False,False,False,False
2026-05-11 19:25:00,OANDA:XAUUSD,4669.185,4672.18,4667.62,4671.975,1522.0,False,False,False,False,True,False
2026-05-11 19:30:00,OANDA:XAUUSD,4671.965,4673.535,4670.29,4671.845,2051.0,False,False,True,False,False,False
2026-05-11 19:35:00,OANDA:XAUUSD,4671.86,4675.915,4670.175,4675.215,1987.0,True,False,True,False,True,False
2026-05-11 19:40:00,OANDA:XAUUSD,4675.21,4677.425,4674.33,4674.425,2290.0,False,False,True,False,False,False
2026-05-11 19:45:00,OANDA:XAUUSD,4674.42,4675.18,4673.305,4674.365,1425.0,False,False,False,False,False,False
2026-05-11 19:50:00,OANDA:XAUUSD,4674.315,4674.545,4670.44,4673.12,1336.0,False,False,False,False,False,True
2026-05-11 19:55:00,OANDA:XAUUSD,4673.085,4674.695,4670.545,4674.625,1429.0,False,False,False,False,True,False
2026-05-11 20:00:00,OANDA:XAUUSD,4674.56,4676.05,4670.735,4671.26,2251.0,False,False,False,False,False,False
2026-05-11 20:05:00,OANDA:XAUUSD,4671.18,4671.675,4669.21,4669.285,1531.0,False,True,False,True,False,True
2026-05-11 20:10:00,OANDA:XAUUSD,4669.275,4669.51,4667.58,4668.455,2191.0,False,False,False,True,False,True
2026-05-11 20:15:00,OANDA:XAUUSD,4668.465,4674.415,4667.535,4672.81,2480.0,True,False,False,True,True,False
2026-05-11 20:20:00,OANDA:XAUUSD,4672.85,4695.33,4672.005,4692.55,5917.0,True,False,True,False,True,False
2026-05-11 20:25:00,OANDA:XAUUSD,4692.55,4692.575,4685.63,4690.585,3952.0,False,False,False,False,False,False
2026-05-11 20:30:00,OANDA:XAUUSD,4690.61,4696.58,4688.985,4693.42,3976.0,True,False,True,False,True,False
2026-05-11 20:35:00,OANDA:XAUUSD,4693.4,4698.435,4693.355,4696.22,3269.0,False,False,True,False,False,False
2026-05-11 20:40:00,OANDA:XAUUSD,4696.205,4697.405,4691.475,4692.145,2613.0,False,False,False,False,False,True
2026-05-11 20:45:00,OANDA:XAUUSD,4692.1,4695.85,4686.305,4689.18,3869.0,False,False,False,False,False,True
2026-05-11 20:50:00,OANDA:XAUUSD,4689.185,4694.08,4689.185,4692.99,2367.0,False,False,False,False,False,False
2026-05-11 20:55:00,OANDA:XAUUSD,4692.99,4701.245,4691.6,4700.035,3314.0,True,False,True,False,True,False
2026-05-11 21:00:00,OANDA:XAUUSD,4700.055,4710.16,4698.82,4710.01,4822.0,True,False,True,False,True,False
2026-05-11 21:05:00,OANDA:XAUUSD,4709.98,4717.4,4708.57,4716.585,3859.0,True,False,True,False,True,False
2026-05-11 21:10:00,OANDA:XAUUSD,4716.58,4721.715,4712.53,4720.955,4476.0,True,False,True,False,True,False
2026-05-11 21:15:00,OANDA:XAUUSD,4721.0,4731.035,4720.64,4727.57,4483.0,True,False,True,False,True,False
2026-05-11 21:20:00,OANDA:XAUUSD,4727.645,4735.715,4726.45,4731.27,4633.0,False,False,True,False,True,False
2026-05-11 21:25:00,OANDA:XAUUSD,4731.165,4734.15,4727.63,4728.5,3704.0,False,False,False,False,False,False
2026-05-11 21:30:00,OANDA:XAUUSD,4728.57,4736.875,4728.025,4735.13,6869.0,False,False,True,False,True,False
2026-05-11 21:35:00,OANDA:XAUUSD,4735.02,4740.085,4733.49,4735.22,5060.0,False,False,True,False,False,False
2026-05-11 21:40:00,OANDA:XAUUSD,4735.21,4745.61,4735.21,4743.83,5314.0,False,False,True,False,True,False
2026-05-11 21:45:00,OANDA:XAUUSD,4743.74,4748.95,4736.6,4737.76,4684.0,False,False,True,False,False,False
2026-05-11 21:50:00,OANDA:XAUUSD,4737.865,4742.435,4734.75,4740.04,4372.0,False,False,False,False,False,False
2026-05-11 21:55:00,OANDA:XAUUSD,4740.02,4744.8,4736.135,4736.135,3970.0,False,False,False,False,False,False
2026-05-11 22:00:00,OANDA:XAUUSD,4736.125,4738.465,4728.415,4730.81,5097.0,False,True,False,True,False,True
2026-05-11 22:05:00,OANDA:XAUUSD,4730.785,4731.455,4718.58,4724.41,5097.0,False,False,False,True,False,True
2026-05-11 22:10:00,OANDA:XAUUSD,4724.445,4732.44,4721.62,4730.96,3872.0,False,False,False,False,False,False
2026-05-11 22:15:00,OANDA:XAUUSD,4730.975,4732.34,4725.495,4730.945,4181.0,False,False,False,False,False,False
2026-05-11 22:20:00,OANDA:XAUUSD,4730.94,4733.865,4730.065,4733.575,2366.0,False,False,False,False,True,False
2026-05-11 22:25:00,OANDA:XAUUSD,4733.62,4733.82,4724.595,4725.315,3691.0,False,True,False,False,False,True
2026-05-11 22:30:00,OANDA:XAUUSD,4725.505,4727.89,4715.205,4721.41,6366.0,False,False,False,True,False,True
2026-05-11 22:35:00,OANDA:XAUUSD,4721.45,4728.91,4717.745,4727.145,5216.0,False,False,False,False,False,False
2026-05-11 22:40:00,OANDA:XAUUSD,4727.125,4733.735,4726.985,4732.565,3323.0,False,False,False,False,True,False
2026-05-11 22:45:00,OANDA:XAUUSD,4732.52,4734.065,4727.55,4729.89,3475.0,False,False,True,False,False,False
2026-05-11 22:50:00,OANDA:XAUUSD,4729.895,4730.415,4727.37,4728.025,2396.0,False,False,False,False,False,False
2026-05-11 22:55:00,OANDA:XAUUSD,4728.005,4728.99,4723.905,4725.625,2719.0,False,False,False,False,False,True
2026-05-11 23:00:00,OANDA:XAUUSD,4725.61,4728.435,4722.9,4726.11,2613.0,False,False,False,False,False,False
2026-05-11 23:05:00,OANDA:XAUUSD,4726.01,4730.47,4725.2,4728.73,1895.0,False,False,False,False,True,False
2026-05-11 23:10:00,OANDA:XAUUSD,4728.815,4731.775,4727.56,4728.635,2542.0,False,False,False,False,False,False
2026-05-11 23:15:00,OANDA:XAUUSD,4728.64,4734.695,4727.48,4731.735,3310.0,False,False,True,False,False,False
2026-05-11 23:20:00,OANDA:XAUUSD,4731.72,4738.195,4730.56,4736.82,2519.0,False,False,True,False,True,False
2026-05-11 23:25:00,OANDA:XAUUSD,4736.855,4737.405,4732.115,4733.035,2246.0,False,False,False,False,False,False
2026-05-11 23:30:00,OANDA:XAUUSD,4733.025,4734.83,4732.005,4732.265,2415.0,False,False,False,False,False,False
2026-05-11 23:35:00,OANDA:XAUUSD,4732.225,4732.42,4729.92,4730.5,1849.0,False,True,False,False,False,True
2026-05-11 23:40:00,OANDA:XAUUSD,4730.555,4731.58,4726.665,4727.285,2367.0,False,False,False,True,False,True
2026-05-11 23:45:00,OANDA:XAUUSD,4727.315,4730.195,4724.945,4729.36,3244.0,False,False,False,True,False,False
2026-05-11 23:50:00,OANDA:XAUUSD,4729.385,4732.465,4728.07,4732.095,2147.0,True,False,False,False,True,False
2026-05-11 23:55:00,OANDA:XAUUSD,4732.1,4732.865,4730.905,4732.36,2341.0,False,False,False,False,False,False
2026-05-12 00:00:00,OANDA:XAUUSD,4732.375,4733.735,4730.78,4731.975,2204.0,False,False,True,False,False,False
2026-05-12 00:05:00,OANDA:XAUUSD,4731.965,4733.07,4729.36,4729.36,1924.0,False,True,False,False,False,True
2026-05-12 00:10:00,OANDA:XAUUSD,4729.355,4730.1,4727.315,4728.04,1973.0,False,True,False,False,False,True
2026-05-12 00:15:00,OANDA:XAUUSD,4728.12,4728.25,4724.4,4727.07,1909.0,False,True,False,True,False,True
2026-05-12 00:20:00,OANDA:XAUUSD,4727.04,4727.245,4723.575,4724.595,1702.0,False,False,False,True,False,False
2026-05-12 00:25:00,OANDA:XAUUSD,4724.6,4725.98,4722.665,4724.16,2342.0,False,False,False,True,False,False
2026-05-12 00:30:00,OANDA:XAUUSD,4724.155,4726.24,4721.765,4722.41,2292.0,False,True,False,True,False,True
2026-05-12 00:35:00,OANDA:XAUUSD,4722.415,4722.415,4717.805,4720.74,2234.0,False,True,False,True,False,True
2026-05-12 00:40:00,OANDA:XAUUSD,4720.715,4721.34,4708.005,4711.565,6126.0,False,True,False,True,False,True
2026-05-12 00:45:00,OANDA:XAUUSD,4711.57,4716.35,4709.185,4715.115,3283.0,False,False,False,False,False,False
2026-05-12 00:50:00,OANDA:XAUUSD,4715.12,4716.835,4714.355,4715.375,1811.0,False,False,False,False,False,False
2026-05-12 00:55:00,OANDA:XAUUSD,4715.52,4717.035,4713.41,4716.485,2490.0,False,False,False,False,False,False
2026-05-12 01:00:00,OANDA:XAUUSD,4716.415,4719.455,4716.4,4718.185,2400.0,True,False,False,False,True,False
2026-05-12 01:05:00,OANDA:XAUUSD,4718.155,4720.025,4717.69,4718.075,2563.0,False,False,False,False,False,False
2026-05-12 01:10:00,OANDA:XAUUSD,4718.07,4719.21,4715.92,4718.33,3016.0,False,False,False,False,False,False
2026-05-12 01:15:00,OANDA:XAUUSD,4718.325,4719.295,4717.465,4717.56,2169.0,False,False,False,False,False,False
2026-05-12 01:20:00,OANDA:XAUUSD,4717.565,4720.905,4717.17,4719.76,2052.0,False,False,True,False,True,False
2026-05-12 01:25:00,OANDA:XAUUSD,4719.755,4721.82,4717.44,4718.245,2321.0,False,False,True,False,False,False
2026-05-12 01:30:00,OANDA:XAUUSD,4718.24,4724.085,4717.92,4722.825,1695.0,False,False,True,False,True,False
2026-05-12 01:35:00,OANDA:XAUUSD,4722.845,4723.44,4721.82,4721.94,1310.0,False,False,False,False,False,False
2026-05-12 01:40:00,OANDA:XAUUSD,4721.955,4724.715,4721.47,4724.09,1333.0,False,False,True,False,True,False
2026-05-12 01:45:00,OANDA:XAUUSD,4724.085,4724.835,4722.44,4722.85,1210.0,False,False,True,False,False,False
2026-05-12 01:50:00,OANDA:XAUUSD,4722.825,4724.055,4721.94,4722.235,1338.0,False,False,False,False,False,True
2026-05-12 01:55:00,OANDA:XAUUSD,4722.23,4724.03,4722.165,4723.895,1057.0,False,False,False,False,False,False
2026-05-12 02:00:00,OANDA:XAUUSD,4724.035,4725.29,4722.55,4724.53,1323.0,True,False,True,False,True,False
2026-05-12 02:05:00,OANDA:XAUUSD,4724.49,4727.065,4724.14,4726.04,1081.0,False,False,True,False,True,False
2026-05-12 02:10:00,OANDA:XAUUSD,4726.065,4726.45,4722.34,4723.675,1493.0,False,False,False,False,False,True
2026-05-12 02:15:00,OANDA:XAUUSD,4723.625,4724.475,4722.25,4723.535,966.0,False,False,False,False,False,False
2026-05-12 02:20:00,OANDA:XAUUSD,4723.55,4724.85,4721.11,4723.915,2007.0,False,False,False,True,False,False
2026-05-12 02:25:00,OANDA:XAUUSD,4723.925,4727.6,4723.69,4727.31,1706.0,True,False,True,False,True,False
2026-05-12 02:30:00,OANDA:XAUUSD,4727.34,4727.82,4726.58,4726.755,1256.0,False,False,True,False,False,False
2026-05-12 02:35:00,OANDA:XAUUSD,4726.75,4729.47,4726.72,4726.84,1634.0,False,False,True,False,False,False
2026-05-12 02:40:00,OANDA:XAUUSD,4726.86,4727.745,4725.795,4726.91,1661.0,False,False,False,False,False,False
2026-05-12 02:45:00,OANDA:XAUUSD,4726.905,4727.09,4725.36,4726.505,1455.0,False,False,False,False,False,False
2026-05-12 02:50:00,OANDA:XAUUSD,4726.485,4727.855,4725.89,4726.625,1453.0,False,False,False,False,False,False
2026-05-12 02:55:00,OANDA:XAUUSD,4726.61,4729.205,4724.96,4725.085,2104.0,False,False,False,True,False,True
2026-05-12 03:00:00,OANDA:XAUUSD,4725.13,4727.325,4724.115,4724.465,1559.0,False,False,False,True,False,True
2026-05-12 03:05:00,OANDA:XAUUSD,4724.49,4728.6,4724.335,4727.385,1542.0,False,False,False,False,True,False
2026-05-12 03:10:00,OANDA:XAUUSD,4727.405,4728.205,4723.945,4724.98,1853.0,False,False,False,True,False,False
2026-05-12 03:15:00,OANDA:XAUUSD,4724.975,4725.805,4724.075,4725.065,2068.0,False,False,False,False,False,False
2026-05-12 03:20:00,OANDA:XAUUSD,4725.07,4725.585,4723.63,4723.745,1699.0,False,False,False,True,False,True
2026-05-12 03:25:00,OANDA:XAUUSD,4723.695,4724.58,4723.005,4724.38,1405.0,False,False,False,True,False,False
2026-05-12 03:30:00,OANDA:XAUUSD,4724.42,4725.505,4722.495,4724.545,1704.0,False,False,False,True,False,False
2026-05-12 03:35:00,OANDA:XAUUSD,4724.54,4727.78,4724.54,4727.78,1466.0,True,False,False,False,True,False
2026-05-12 03:40:00,OANDA:XAUUSD,4727.795,4728.695,4726.985,4726.985,1549.0,False,False,True,False,False,False
2026-05-12 03:45:00,OANDA:XAUUSD,4727.03,4731.565,4727.03,4731.4,1994.0,True,False,True,False,True,False
2026-05-12 03:50:00,OANDA:XAUUSD,4731.375,4734.34,4730.325,4734.035,2386.0,True,False,True,False,True,False
2026-05-12 03:55:00,OANDA:XAUUSD,4734.1,4736.21,4733.105,4733.655,3435.0,False,False,True,False,False,False
2026-05-12 04:00:00,OANDA:XAUUSD,4733.755,4737.965,4733.755,4737.135,1005.0,False,False,True,False,True,False
2026-05-12 04:05:00,OANDA:XAUUSD,4736.955,4737.18,4733.43,4734.56,787.0,False,False,False,False,False,False
2026-05-12 04:10:00,OANDA:XAUUSD,4734.58,4736.905,4729.985,4734.94,2280.0,False,False,False,False,False,False
2026-05-12 04:15:00,OANDA:XAUUSD,4734.99,4735.215,4733.945,4734.645,1003.0,False,False,False,False,False,False
2026-05-12 04:20:00,OANDA:XAUUSD,4734.635,4734.725,4733.465,4734.59,796.0,False,False,False,False,False,False
2026-05-12 04:25:00,OANDA:XAUUSD,4734.565,4735.45,4733.72,4735.36,543.0,True,False,False,False,True,False
2026-05-12 04:30:00,OANDA:XAUUSD,4735.32,4738.59,4734.945,4737.995,599.0,True,False,True,False,True,False
2026-05-12 04:35:00,OANDA:XAUUSD,4737.98,4738.375,4737.355,4738.04,500.0,False,False,False,False,False,False
2026-05-12 04:40:00,OANDA:XAUUSD,4737.995,4737.995,4737.29,4737.535,304.0,False,False,False,False,False,False
2026-05-12 04:45:00,OANDA:XAUUSD,4737.495,4737.76,4736.645,4736.715,558.0,False,True,False,False,False,True
2026-05-12 04:50:00,OANDA:XAUUSD,4736.71,4736.71,4732.555,4734.745,796.0,False,True,False,True,False,True
2026-05-12 04:55:00,OANDA:XAUUSD,4734.815,4735.645,4734.275,4735.455,524.0,True,False,False,False,False,False
2026-05-12 06:00:00,OANDA:XAUUSD,4740.565,4741.11,4740.565,4741.03,7.0,True,False,True,False,True,False
2026-05-12 06:05:00,OANDA:XAUUSD,4741.165,4744.11,4739.42,4741.47,865.0,False,False,True,False,True,False
2026-05-12 06:10:00,OANDA:XAUUSD,4741.455,4741.685,4738.585,4739.185,724.0,False,False,False,False,False,True
2026-05-12 06:15:00,OANDA:XAUUSD,4739.18,4739.8,4737.81,4738.945,546.0,False,False,False,False,False,False
2026-05-12 06:20:00,OANDA:XAUUSD,4738.97,4740.26,4737.79,4739.8,453.0,False,False,False,False,False,False
2026-05-12 06:25:00,OANDA:XAUUSD,4739.645,4742.21,4739.375,4739.97,499.0,False,False,False,False,False,False
2026-05-12 06:30:00,OANDA:XAUUSD,4739.97,4742.56,4739.075,4741.715,485.0,False,False,False,False,False,False
2026-05-12 06:35:00,OANDA:XAUUSD,4741.64,4742.925,4740.985,4741.91,531.0,False,False,True,False,False,False
2026-05-12 06:40:00,OANDA:XAUUSD,4741.665,4745.355,4741.62,4744.87,980.0,True,False,True,False,True,False
2026-05-12 06:45:00,OANDA:XAUUSD,4744.815,4755.745,4744.445,4752.045,2801.0,True,False,True,False,True,False
2026-05-12 06:50:00,OANDA:XAUUSD,4752.05,4754.165,4750.77,4753.275,1886.0,False,False,False,False,False,False
2026-05-12 06:55:00,OANDA:XAUUSD,4753.32,4753.34,4749.965,4751.09,1176.0,False,False,False,False,False,False
2026-05-12 07:00:00,OANDA:XAUUSD,4751.48,4754.55,4750.94,4751.195,2061.0,False,False,False,False,False,False
2026-05-12 07:05:00,OANDA:XAUUSD,4751.205,4754.655,4751.11,4753.13,1171.0,False,False,False,False,False,False
2026-05-12 07:10:00,OANDA:XAUUSD,4752.945,4753.55,4746.35,4751.43,1546.0,False,False,False,False,False,False
2026-05-12 07:15:00,OANDA:XAUUSD,4751.435,4754.285,4751.095,4752.225,1182.0,False,False,False,False,False,False
2026-05-12 07:20:00,OANDA:XAUUSD,4752.22,4754.16,4750.98,4752.0,982.0,False,False,False,False,False,False
2026-05-12 07:25:00,OANDA:XAUUSD,4752.04,4754.685,4750.82,4752.915,1171.0,False,False,True,False,False,False
2026-05-12 07:30:00,OANDA:XAUUSD,4752.92,4757.835,4751.395,4755.575,1717.0,False,False,True,False,True,False
2026-05-12 07:35:00,OANDA:XAUUSD,4755.585,4759.31,4753.505,4755.165,1920.0,False,False,True,False,False,False
2026-05-12 07:40:00,OANDA:XAUUSD,4755.21,4757.1,4754.53,4755.85,1207.0,False,False,False,False,False,False
2026-05-12 07:45:00,OANDA:XAUUSD,4755.865,4760.695,4755.54,4760.125,1584.0,True,False,True,False,True,False
2026-05-12 07:50:00,OANDA:XAUUSD,4760.11,4769.795,4759.42,4766.225,3037.0,True,False,True,False,True,False
2026-05-12 07:55:00,OANDA:XAUUSD,4766.205,4769.245,4765.84,4767.67,1668.0,False,False,False,False,False,False
2026-05-12 08:00:00,OANDA:XAUUSD,4767.675,4767.675,4758.685,4764.8,4175.0,False,False,False,False,False,True
2026-05-12 08:05:00,OANDA:XAUUSD,4764.79,4768.985,4760.275,4768.365,2618.0,False,False,False,False,True,False
2026-05-12 08:10:00,OANDA:XAUUSD,4768.385,4769.685,4765.485,4767.025,3051.0,False,False,False,False,False,False
2026-05-12 08:15:00,OANDA:XAUUSD,4767.1,4773.575,4766.63,4771.025,2967.0,False,False,True,False,True,False
2026-05-12 08:20:00,OANDA:XAUUSD,4771.03,4773.205,4753.19,4759.96,4397.0,False,True,False,True,False,True
2026-05-12 08:25:00,OANDA:XAUUSD,4759.85,4766.34,4759.465,4762.53,2854.0,False,False,False,False,False,False
2026-05-12 08:30:00,OANDA:XAUUSD,4762.525,4763.985,4758.67,4758.745,2716.0,False,False,False,False,False,True
2026-05-12 08:35:00,OANDA:XAUUSD,4758.775,4762.86,4758.17,4759.395,1753.0,False,False,False,False,False,False
2026-05-12 08:40:00,OANDA:XAUUSD,4759.54,4761.145,4757.87,4758.27,1715.0,False,False,False,False,False,False
2026-05-12 08:45:00,OANDA:XAUUSD,4758.28,4762.2,4758.17,4759.875,2150.0,False,False,False,False,False,False
2026-05-12 08:50:00,OANDA:XAUUSD,4759.94,4760.81,4752.25,4753.12,2734.0,False,True,False,True,False,True
2026-05-12 08:55:00,OANDA:XAUUSD,4753.13,4756.12,4748.89,4749.56,4072.0,False,False,False,True,False,True
2026-05-12 09:00:00,OANDA:XAUUSD,4749.51,4755.805,4742.33,4744.095,7005.0,False,False,False,True,False,True
2026-05-12 09:05:00,OANDA:XAUUSD,4744.085,4752.9,4743.6,4752.405,4754.0,False,False,False,False,False,False
2026-05-12 09:10:00,OANDA:XAUUSD,4752.395,4753.025,4744.53,4746.36,3340.0,False,False,False,False,False,False
2026-05-12 09:15:00,OANDA:XAUUSD,4746.39,4751.705,4743.39,4749.18,4193.0,False,False,False,False,False,False
2026-05-12 09:20:00,OANDA:XAUUSD,4749.195,4750.505,4743.71,4744.67,3093.0,False,False,False,False,False,False
2026-05-12 09:25:00,OANDA:XAUUSD,4744.64,4745.915,4733.91,4735.41,3921.0,False,True,False,True,False,True
2026-05-12 09:30:00,OANDA:XAUUSD,4735.42,4739.175,4731.3,4732.395,3318.0,False,True,False,True,False,True
2026-05-12 09:35:00,OANDA:XAUUSD,4732.41,4733.4,4723.58,4724.715,5227.0,False,True,False,True,False,True
2026-05-12 09:40:00,OANDA:XAUUSD,4724.745,4729.67,4720.53,4729.105,4858.0,False,False,False,True,False,False
2026-05-12 09:45:00,OANDA:XAUUSD,4729.13,4731.515,4726.28,4730.025,3999.0,False,False,False,False,True,False
2026-05-12 09:50:00,OANDA:XAUUSD,4730.01,4730.495,4727.095,4727.97,3282.0,False,False,False,False,False,False
2026-05-12 09:55:00,OANDA:XAUUSD,4727.955,4729.94,4723.935,4727.4,3265.0,False,False,False,False,False,False
2026-05-12 10:00:00,OANDA:XAUUSD,4727.325,4731.07,4726.79,4729.06,3702.0,False,False,False,False,False,False
2026-05-12 10:05:00,OANDA:XAUUSD,4728.87,4730.45,4725.54,4730.295,2800.0,False,False,False,False,False,False
2026-05-12 10:10:00,OANDA:XAUUSD,4730.11,4734.105,4729.155,4731.735,2505.0,False,False,True,False,True,False
2026-05-12 10:15:00,OANDA:XAUUSD,4731.815,4731.815,4726.19,4726.605,2030.0,False,False,False,False,False,True
2026-05-12 10:20:00,OANDA:XAUUSD,4726.585,4729.895,4725.41,4729.895,1765.0,False,False,False,False,False,False
2026-05-12 10:25:00,OANDA:XAUUSD,4729.905,4730.59,4724.635,4727.34,3003.0,False,False,False,True,False,False
2026-05-12 10:30:00,OANDA:XAUUSD,4727.345,4729.71,4722.425,4726.6,3876.0,False,False,False,True,False,False
2026-05-12 10:35:00,OANDA:XAUUSD,4726.77,4729.21,4724.95,4726.805,3267.0,False,False,False,False,False,False
2026-05-12 10:40:00,OANDA:XAUUSD,4726.79,4731.975,4724.795,4731.84,3234.0,False,False,True,False,True,False
2026-05-12 10:45:00,OANDA:XAUUSD,4731.835,4733.325,4727.005,4728.29,2418.0,False,False,True,False,False,False
2026-05-12 10:50:00,OANDA:XAUUSD,4728.34,4733.585,4728.28,4732.26,2877.0,False,False,True,False,False,False
2026-05-12 10:55:00,OANDA:XAUUSD,4732.29,4733.32,4730.02,4730.02,2788.0,False,False,False,False,False,False
2026-05-12 11:00:00,OANDA:XAUUSD,4730.05,4733.41,4728.315,4729.87,3061.0,False,False,False,False,False,True
2026-05-12 11:05:00,OANDA:XAUUSD,4729.885,4731.185,4727.35,4727.805,2544.0,False,False,False,False,False,True
2026-05-12 11:10:00,OANDA:XAUUSD,4727.81,4732.095,4727.27,4731.23,2223.0,False,False,False,False,True,False
2026-05-12 11:15:00,OANDA:XAUUSD,4731.255,4731.35,4725.51,4726.13,935.0,False,False,False,True,False,True
2026-05-12 11:20:00,OANDA:XAUUSD,4726.07,4727.61,4723.825,4723.905,2262.0,False,False,False,True,False,True
2026-05-12 11:25:00,OANDA:XAUUSD,4723.915,4725.845,4722.96,4723.985,1964.0,False,False,False,True,False,False
2026-05-12 11:30:00,OANDA:XAUUSD,4724.075,4726.42,4723.975,4725.69,1406.0,False,False,False,False,False,False
2026-05-12 11:35:00,OANDA:XAUUSD,4725.75,4728.215,4725.19,4726.695,544.0,False,False,False,False,True,False
2026-05-12 11:40:00,OANDA:XAUUSD,4726.645,4727.49,4723.86,4723.94,1000.0,False,True,False,False,False,True
2026-05-12 11:45:00,OANDA:XAUUSD,4723.915,4724.405,4718.985,4720.58,1567.0,False,True,False,True,False,True
2026-05-12 11:50:00,OANDA:XAUUSD,4720.58,4722.875,4719.23,4719.715,981.0,False,False,False,False,False,False
2026-05-12 11:55:00,OANDA:XAUUSD,4719.84,4720.5,4718.25,4720.33,1089.0,False,False,False,True,False,False
2026-05-12 12:00:00,OANDA:XAUUSD,4720.28,4722.34,4719.835,4722.33,1419.0,True,False,False,False,True,False
2026-05-12 12:05:00,OANDA:XAUUSD,4722.38,4723.59,4721.05,4722.46,1362.0,False,False,False,False,True,False
2026-05-12 12:10:00,OANDA:XAUUSD,4722.725,4722.835,4721.07,4722.145,990.0,False,False,False,False,False,False
2026-05-12 12:15:00,OANDA:XAUUSD,4722.17,4730.48,4721.885,4726.87,2036.0,True,False,True,False,True,False
2026-05-12 12:20:00,OANDA:XAUUSD,4726.865,4729.6,4724.505,4725.24,919.0,False,False,False,False,False,False
2026-05-12 12:25:00,OANDA:XAUUSD,4725.245,4725.635,4721.71,4722.55,1017.0,False,False,False,False,False,True
2026-05-12 12:30:00,OANDA:XAUUSD,4722.58,4724.58,4721.225,4723.3,950.0,False,False,False,False,False,False
2026-05-12 12:35:00,OANDA:XAUUSD,4723.305,4726.48,4723.25,4725.46,792.0,False,False,False,False,True,False
2026-05-12 12:40:00,OANDA:XAUUSD,4725.445,4726.045,4723.89,4724.78,861.0,False,False,False,False,False,False
2026-05-12 12:45:00,OANDA:XAUUSD,4724.79,4725.215,4718.515,4720.1,1618.0,False,True,False,True,False,True
2026-05-12 12:50:00,OANDA:XAUUSD,4720.185,4720.8,4712.865,4713.535,2667.0,False,True,False,True,False,True
2026-05-12 12:55:00,OANDA:XAUUSD,4713.52,4717.0,4710.975,4714.255,1720.0,False,False,False,True,False,False
2026-05-12 13:00:00,OANDA:XAUUSD,4714.215,4718.83,4711.03,4718.795,2394.0,False,False,False,False,True,False
2026-05-12 13:05:00,OANDA:XAUUSD,4718.79,4718.91,4709.515,4711.15,2550.0,False,False,False,True,False,False
2026-05-12 13:10:00,OANDA:XAUUSD,4711.25,4712.655,4709.0,4712.655,2180.0,False,False,False,True,False,False
2026-05-12 13:15:00,OANDA:XAUUSD,4712.675,4716.065,4712.51,4713.55,2409.0,True,False,False,False,True,False
2026-05-12 13:20:00,OANDA:XAUUSD,4713.53,4716.91,4713.53,4714.39,1505.0,False,False,False,False,False,False
2026-05-12 13:25:00,OANDA:XAUUSD,4714.375,4715.75,4713.25,4715.39,802.0,False,False,False,False,False,False
2026-05-12 13:30:00,OANDA:XAUUSD,4715.54,4722.32,4713.21,4715.185,2911.0,False,False,True,False,False,False
2026-05-12 13:35:00,OANDA:XAUUSD,4715.295,4717.065,4713.45,4716.46,3921.0,False,False,False,False,False,False
2026-05-12 13:40:00,OANDA:XAUUSD,4716.47,4717.02,4714.245,4715.42,2734.0,False,False,False,False,False,False
2026-05-12 13:45:00,OANDA:XAUUSD,4715.44,4716.7,4713.35,4714.015,2415.0,False,False,False,False,False,True
2026-05-12 13:50:00,OANDA:XAUUSD,4714.055,4716.035,4712.2,4713.85,2713.0,False,False,False,True,False,False
2026-05-12 13:55:00,OANDA:XAUUSD,4713.835,4720.06,4710.12,4714.595,4299.0,False,False,False,True,False,False
2026-05-12 14:00:00,OANDA:XAUUSD,4714.53,4714.735,4704.14,4707.04,5272.0,False,True,False,True,False,True
2026-05-12 14:05:00,OANDA:XAUUSD,4707.035,4709.7,4703.0,4704.63,3743.0,False,False,False,True,False,False
2026-05-12 14:10:00,OANDA:XAUUSD,4704.645,4706.65,4703.08,4705.47,2661.0,False,False,False,False,False,False
2026-05-12 14:15:00,OANDA:XAUUSD,4705.475,4707.225,4700.445,4704.94,2684.0,False,False,False,True,False,False
2026-05-12 14:20:00,OANDA:XAUUSD,4704.955,4705.495,4697.62,4698.675,3263.0,False,True,False,True,False,True
2026-05-12 14:25:00,OANDA:XAUUSD,4698.69,4699.44,4695.46,4696.32,2720.0,False,False,False,True,False,True
2026-05-12 14:30:00,OANDA:XAUUSD,4696.325,4703.97,4695.625,4703.195,2755.0,False,False,False,False,True,False
2026-05-12 14:35:00,OANDA:XAUUSD,4703.2,4705.02,4699.4,4701.08,2582.0,False,False,False,False,False,False
2026-05-12 14:40:00,OANDA:XAUUSD,4701.04,4702.99,4697.685,4702.665,2552.0,False,False,False,False,False,False
2026-05-12 14:45:00,OANDA:XAUUSD,4702.67,4704.55,4696.125,4697.195,2653.0,False,False,False,False,False,True
2026-05-12 14:50:00,OANDA:XAUUSD,4697.185,4699.925,4695.575,4699.115,3240.0,False,False,False,False,False,False
2026-05-12 14:55:00,OANDA:XAUUSD,4699.095,4699.84,4694.51,4697.09,2869.0,False,False,False,True,False,False
2026-05-12 15:00:00,OANDA:XAUUSD,4697.1,4698.48,4689.8,4691.315,3935.0,False,False,False,True,False,True
2026-05-12 15:05:00,OANDA:XAUUSD,4691.34,4695.255,4686.395,4694.935,3515.0,False,False,False,True,False,False
2026-05-12 15:10:00,OANDA:XAUUSD,4694.925,4698.11,4692.34,4695.99,2295.0,False,False,False,False,True,False
2026-05-12 15:15:00,OANDA:XAUUSD,4695.995,4699.725,4693.975,4699.195,2295.0,False,False,False,False,True,False
2026-05-12 15:20:00,OANDA:XAUUSD,4699.21,4699.72,4696.79,4697.24,1817.0,False,False,False,False,False,False
2026-05-12 15:25:00,OANDA:XAUUSD,4697.17,4699.27,4696.445,4697.98,1341.0,False,False,False,False,False,False
2026-05-12 15:30:00,OANDA:XAUUSD,4698.115,4699.945,4695.625,4699.935,1280.0,False,False,True,False,True,False
2026-05-12 15:35:00,OANDA:XAUUSD,4699.95,4700.685,4697.005,4700.335,2136.0,False,False,True,False,True,False
2026-05-12 15:40:00,OANDA:XAUUSD,4700.495,4702.7,4699.265,4700.35,1846.0,False,False,True,False,False,False
2026-05-12 15:45:00,OANDA:XAUUSD,4700.425,4700.645,4697.795,4699.995,1397.0,False,False,False,False,False,False
2026-05-12 15:50:00,OANDA:XAUUSD,4699.98,4702.96,4698.43,4701.78,2087.0,False,False,True,False,True,False
2026-05-12 15:55:00,OANDA:XAUUSD,4701.77,4703.97,4699.03,4699.985,2173.0,False,False,True,False,False,False
2026-05-12 16:00:00,OANDA:XAUUSD,4699.995,4706.99,4699.87,4704.865,2496.0,False,False,True,False,True,False
2026-05-12 16:05:00,OANDA:XAUUSD,4704.935,4705.915,4701.845,4703.435,2008.0,False,False,False,False,False,False
2026-05-12 16:10:00,OANDA:XAUUSD,4703.395,4703.765,4699.325,4700.02,1315.0,False,True,False,False,False,True
2026-05-12 16:15:00,OANDA:XAUUSD,4700.065,4700.755,4697.195,4699.51,2390.0,False,False,False,True,False,False
2026-05-12 16:20:00,OANDA:XAUUSD,4699.535,4704.205,4699.35,4701.93,1866.0,True,False,False,False,True,False
2026-05-12 16:25:00,OANDA:XAUUSD,4701.915,4704.17,4701.605,4703.245,1281.0,False,False,False,False,False,False
2026-05-12 16:30:00,OANDA:XAUUSD,4703.175,4704.695,4701.155,4701.21,1589.0,False,False,False,False,False,True
2026-05-12 16:35:00,OANDA:XAUUSD,4701.22,4701.65,4698.065,4700.4,2222.0,False,True,False,False,False,True
2026-05-12 16:40:00,OANDA:XAUUSD,4700.475,4701.015,4698.4,4700.22,2408.0,False,False,False,False,False,False
2026-05-12 16:45:00,OANDA:XAUUSD,4700.18,4706.725,4699.05,4703.545,3202.0,True,False,True,False,True,False
2026-05-12 16:50:00,OANDA:XAUUSD,4703.56,4705.58,4702.8,4703.42,2422.0,False,False,False,False,False,False
2026-05-12 16:55:00,OANDA:XAUUSD,4703.47,4704.71,4702.36,4703.415,1892.0,False,False,False,False,False,False
2026-05-12 17:00:00,OANDA:XAUUSD,4703.36,4703.36,4699.675,4701.44,2323.0,False,True,False,False,False,True
2026-05-12 17:05:00,OANDA:XAUUSD,4701.42,4701.61,4698.84,4699.4,2078.0,False,False,False,False,False,True
2026-05-12 17:10:00,OANDA:XAUUSD,4699.39,4701.665,4697.95,4698.035,2054.0,False,False,False,True,False,True
2026-05-12 17:15:00,OANDA:XAUUSD,4698.01,4700.94,4697.9,4698.98,1887.0,False,False,False,True,False,False
2026-05-12 17:20:00,OANDA:XAUUSD,4698.985,4702.525,4697.975,4701.755,1463.0,False,False,False,False,True,False
2026-05-12 17:25:00,OANDA:XAUUSD,4701.74,4702.625,4697.625,4699.74,1700.0,False,False,False,True,False,False
2026-05-12 17:30:00,OANDA:XAUUSD,4699.69,4705.155,4699.67,4702.14,3257.0,False,False,True,False,False,False
2026-05-12 17:35:00,OANDA:XAUUSD,4702.16,4702.81,4698.725,4702.015,1716.0,False,False,False,False,False,False
2026-05-12 17:40:00,OANDA:XAUUSD,4702.08,4702.56,4694.465,4695.415,2172.0,False,False,False,True,False,True
2026-05-12 17:45:00,OANDA:XAUUSD,4695.455,4701.24,4694.325,4700.79,2130.0,False,False,False,True,False,False
2026-05-12 17:50:00,OANDA:XAUUSD,4700.995,4701.645,4696.065,4697.185,1943.0,False,False,False,False,False,False
2026-05-12 17:55:00,OANDA:XAUUSD,4697.205,4700.045,4696.565,4699.455,2162.0,False,False,False,False,False,False
2026-05-12 18:00:00,OANDA:XAUUSD,4699.475,4704.275,4698.77,4703.545,1818.0,True,False,True,False,True,False
2026-05-12 18:05:00,OANDA:XAUUSD,4703.535,4708.405,4702.715,4707.96,1989.0,True,False,True,False,True,False
2026-05-12 18:10:00,OANDA:XAUUSD,4707.955,4708.715,4704.545,4705.27,1903.0,False,False,True,False,False,False
2026-05-12 18:15:00,OANDA:XAUUSD,4705.135,4705.495,4699.2,4701.19,2136.0,False,True,False,False,False,True
2026-05-12 18:20:00,OANDA:XAUUSD,4701.2,4703.43,4699.875,4701.435,1546.0,False,False,False,False,False,False
2026-05-12 18:25:00,OANDA:XAUUSD,4701.425,4703.11,4699.48,4700.315,1438.0,False,False,False,False,False,False
2026-05-12 18:30:00,OANDA:XAUUSD,4700.475,4700.48,4692.44,4695.425,2465.0,False,True,False,True,False,True
2026-05-12 18:35:00,OANDA:XAUUSD,4695.44,4695.87,4685.365,4686.325,2789.0,False,False,False,True,False,True
2026-05-12 18:40:00,OANDA:XAUUSD,4686.34,4692.53,4685.28,4690.795,2850.0,False,False,False,True,False,False
2026-05-12 18:45:00,OANDA:XAUUSD,4691.05,4692.49,4690.025,4691.475,2185.0,False,False,False,False,False,False
2026-05-12 18:50:00,OANDA:XAUUSD,4691.435,4694.255,4690.555,4692.955,1695.0,False,False,False,False,True,False
2026-05-12 18:55:00,OANDA:XAUUSD,4692.97,4694.475,4691.36,4694.47,2214.0,False,False,False,False,True,False
2026-05-12 19:00:00,OANDA:XAUUSD,4694.615,4695.27,4689.605,4691.205,3273.0,False,False,False,False,False,True
2026-05-12 19:05:00,OANDA:XAUUSD,4691.2,4693.04,4687.26,4692.125,3327.0,False,False,False,False,False,False
2026-05-12 19:10:00,OANDA:XAUUSD,4692.125,4698.26,4689.695,4691.91,3682.0,False,False,True,False,False,False
2026-05-12 19:15:00,OANDA:XAUUSD,4691.915,4698.11,4691.805,4697.975,2457.0,False,False,False,False,False,False
2026-05-12 19:20:00,OANDA:XAUUSD,4697.87,4697.945,4693.04,4693.885,1578.0,False,False,False,False,False,False
2026-05-12 19:25:00,OANDA:XAUUSD,4693.89,4700.315,4692.99,4700.24,1836.0,True,False,True,False,True,False
2026-05-12 19:30:00,OANDA:XAUUSD,4700.255,4702.34,4698.005,4698.835,2074.0,False,False,True,False,False,False
2026-05-12 19:35:00,OANDA:XAUUSD,4698.84,4704.71,4698.73,4704.415,1810.0,True,False,True,False,True,False
2026-05-12 19:40:00,OANDA:XAUUSD,4704.41,4706.115,4702.77,4704.35,1882.0,False,False,True,False,False,False
2026-05-12 19:45:00,OANDA:XAUUSD,4704.34,4707.23,4702.525,4705.65,2290.0,False,False,True,False,False,False
2026-05-12 19:50:00,OANDA:XAUUSD,4705.665,4707.97,4704.345,4707.38,2107.0,False,False,True,False,True,False
2026-05-12 19:55:00,OANDA:XAUUSD,4707.375,4709.475,4706.33,4706.49,2173.0,False,False,True,False,False,False
2026-05-12 20:00:00,OANDA:XAUUSD,4706.58,4708.275,4703.61,4704.48,2676.0,False,True,False,False,False,True
2026-05-12 20:05:00,OANDA:XAUUSD,4704.45,4704.745,4698.36,4700.78,3774.0,False,False,False,True,False,True
2026-05-12 20:10:00,OANDA:XAUUSD,4700.655,4706.555,4699.985,4705.75,1858.0,False,False,False,False,True,False
2026-05-12 20:15:00,OANDA:XAUUSD,4705.765,4708.285,4702.4,4704.685,2722.0,False,False,False,False,False,False
2026-05-12 20:20:00,OANDA:XAUUSD,4704.575,4708.415,4697.05,4697.05,2936.0,False,True,False,True,False,True
2026-05-12 20:25:00,OANDA:XAUUSD,4696.99,4698.965,4695.19,4697.59,2263.0,False,False,False,True,False,False
2026-05-12 20:30:00,OANDA:XAUUSD,4697.53,4700.465,4689.84,4692.655,5700.0,False,False,False,True,False,True
2026-05-12 20:35:00,OANDA:XAUUSD,4692.735,4702.71,4690.9,4701.76,4936.0,True,False,False,False,True,False
2026-05-12 20:40:00,OANDA:XAUUSD,4701.665,4708.615,4701.11,4703.035,4562.0,False,False,True,False,True,False
2026-05-12 20:45:00,OANDA:XAUUSD,4703.05,4711.07,4702.67,4707.325,3978.0,False,False,True,False,False,False
2026-05-12 20:50:00,OANDA:XAUUSD,4707.26,4711.68,4706.845,4709.86,3036.0,False,False,True,False,False,False
2026-05-12 20:55:00,OANDA:XAUUSD,4709.66,4710.39,4700.625,4705.74,2799.0,False,False,False,False,False,True
2026-05-12 21:00:00,OANDA:XAUUSD,4705.73,4709.025,4695.12,4696.405,5193.0,False,True,False,False,False,True
2026-05-12 21:05:00,OANDA:XAUUSD,4696.415,4697.595,4692.815,4695.52,4109.0,False,False,False,True,False,False
2026-05-12 21:10:00,OANDA:XAUUSD,4695.55,4695.88,4687.52,4689.12,3825.0,False,True,False,True,False,True
2026-05-12 21:15:00,OANDA:XAUUSD,4689.245,4689.265,4679.41,4685.925,4880.0,False,False,False,True,False,True
2026-05-12 21:20:00,OANDA:XAUUSD,4685.94,4695.57,4685.63,4691.09,3846.0,True,False,False,False,True,False
2026-05-12 21:25:00,OANDA:XAUUSD,4691.075,4694.935,4689.39,4690.995,3846.0,False,False,False,False,False,False
2026-05-12 21:30:00,OANDA:XAUUSD,4690.905,4693.22,4685.125,4688.705,6948.0,False,False,False,False,False,True
2026-05-12 21:35:00,OANDA:XAUUSD,4688.75,4698.36,4683.855,4698.245,6992.0,True,False,True,False,True,False
2026-05-12 21:40:00,OANDA:XAUUSD,4698.26,4701.935,4696.035,4699.435,5812.0,False,False,True,False,True,False
2026-05-12 21:45:00,OANDA:XAUUSD,4699.38,4701.53,4690.18,4692.77,7261.0,False,True,False,False,False,True
2026-05-12 21:50:00,OANDA:XAUUSD,4692.775,4694.02,4688.185,4691.545,6995.0,False,False,False,False,False,False
2026-05-12 21:55:00,OANDA:XAUUSD,4691.53,4691.57,4676.88,4679.225,6509.0,False,False,False,True,False,True
2026-05-12 22:00:00,OANDA:XAUUSD,4679.365,4692.865,4676.215,4690.75,7982.0,False,False,False,True,False,False
2026-05-12 22:05:00,OANDA:XAUUSD,4690.765,4693.07,4687.75,4691.485,5722.0,False,False,False,False,False,False
2026-05-12 22:10:00,OANDA:XAUUSD,4691.475,4695.235,4686.87,4692.89,4730.0,False,False,False,False,False,False
2026-05-12 22:15:00,OANDA:XAUUSD,4692.91,4694.15,4686.215,4688.63,4690.0,False,False,False,False,False,False
2026-05-12 22:20:00,OANDA:XAUUSD,4688.645,4691.19,4686.9,4687.705,5466.0,False,False,False,False,False,False
2026-05-12 22:25:00,OANDA:XAUUSD,4687.63,4689.21,4682.48,4683.495,4021.0,False,True,False,False,False,True
2026-05-12 22:30:00,OANDA:XAUUSD,4683.48,4685.43,4671.765,4684.805,6799.0,False,False,False,True,False,False
2026-05-12 22:35:00,OANDA:XAUUSD,4684.635,4688.22,4679.295,4687.29,6346.0,False,False,False,False,True,False
2026-05-12 22:40:00,OANDA:XAUUSD,4687.255,4687.34,4684.04,4685.9,4388.0,False,False,False,False,False,False
2026-05-12 22:45:00,OANDA:XAUUSD,4685.86,4685.86,4678.315,4678.705,4986.0,False,True,False,False,False,True
2026-05-12 22:50:00,OANDA:XAUUSD,4678.71,4679.15,4671.145,4676.935,6789.0,False,True,False,True,False,True
2026-05-12 22:55:00,OANDA:XAUUSD,4676.93,4677.985,4669.555,4673.0,6338.0,False,False,False,True,False,False
2026-05-12 23:00:00,OANDA:XAUUSD,4672.99,4676.235,4667.16,4669.65,5938.0,False,False,False,True,False,False
2026-05-12 23:05:00,OANDA:XAUUSD,4669.67,4674.405,4667.495,4672.985,5604.0,False,False,False,False,False,False
2026-05-12 23:10:00,OANDA:XAUUSD,4672.96,4672.975,4664.495,4664.635,5116.0,False,True,False,True,False,True
2026-05-12 23:15:00,OANDA:XAUUSD,4664.67,4666.23,4659.2,4662.345,6447.0,False,True,False,True,False,True
2026-05-12 23:20:00,OANDA:XAUUSD,4662.33,4662.685,4638.915,4643.08,8336.0,False,True,False,True,False,True
2026-05-12 23:25:00,OANDA:XAUUSD,4643.09,4656.82,4638.365,4656.07,7545.0,False,False,False,True,False,False
2026-05-12 23:30:00,OANDA:XAUUSD,4656.055,4664.41,4654.015,4662.995,6437.0,True,False,False,False,True,False
2026-05-12 23:35:00,OANDA:XAUUSD,4663.05,4668.115,4659.48,4667.115,4885.0,False,False,False,False,True,False
2026-05-12 23:40:00,OANDA:XAUUSD,4667.06,4667.925,4663.675,4665.79,3181.0,False,False,False,False,False,False
2026-05-12 23:45:00,OANDA:XAUUSD,4665.795,4669.36,4664.47,4666.39,3641.0,False,False,True,False,False,False
2026-05-12 23:50:00,OANDA:XAUUSD,4666.315,4668.93,4664.67,4668.175,3687.0,False,False,False,False,False,False
2026-05-12 23:55:00,OANDA:XAUUSD,4668.165,4670.29,4665.43,4666.285,3358.0,False,False,True,False,False,False
2026-05-13 00:00:00,OANDA:XAUUSD,4666.29,4671.745,4664.265,4671.0,3656.0,False,False,True,False,True,False
2026-05-13 00:05:00,OANDA:XAUUSD,4671.0,4671.63,4668.565,4669.23,3052.0,False,False,False,False,False,False
2026-05-13 00:10:00,OANDA:XAUUSD,4669.235,4673.25,4668.59,4672.01,2290.0,False,False,True,False,True,False
2026-05-13 00:15:00,OANDA:XAUUSD,4671.91,4675.19,4670.98,4671.845,2212.0,False,False,True,False,False,False
2026-05-13 00:20:00,OANDA:XAUUSD,4671.795,4673.21,4667.005,4667.715,2217.0,False,True,False,False,False,True
2026-05-13 00:25:00,OANDA:XAUUSD,4667.735,4669.795,4666.53,4668.45,1825.0,False,False,False,False,False,False
2026-05-13 00:30:00,OANDA:XAUUSD,4668.65,4669.01,4665.145,4668.615,2989.0,False,False,False,True,False,False
2026-05-13 00:35:00,OANDA:XAUUSD,4668.72,4670.805,4667.645,4670.64,3137.0,False,False,False,False,True,False
2026-05-13 00:40:00,OANDA:XAUUSD,4670.61,4671.855,4668.38,4669.9,2549.0,False,False,False,False,False,False
2026-05-13 00:45:00,OANDA:XAUUSD,4669.865,4670.515,4666.99,4670.06,2227.0,False,False,False,False,False,False
2026-05-13 00:50:00,OANDA:XAUUSD,4670.055,4672.46,4668.585,4670.385,3478.0,False,False,True,False,False,False
2026-05-13 00:55:00,OANDA:XAUUSD,4670.37,4674.47,4669.785,4671.375,3148.0,False,False,True,False,False,False
2026-05-13 01:00:00,OANDA:XAUUSD,4671.38,4677.74,4671.38,4676.42,2243.0,True,False,True,False,True,False
2026-05-13 01:05:00,OANDA:XAUUSD,4676.43,4679.855,4676.015,4678.485,2036.0,False,False,True,False,True,False
2026-05-13 01:10:00,OANDA:XAUUSD,4678.515,4679.21,4674.875,4677.17,2342.0,False,False,False,False,False,False
2026-05-13 01:15:00,OANDA:XAUUSD,4677.24,4681.04,4677.08,4680.14,2775.0,True,False,True,False,True,False
2026-05-13 01:20:00,OANDA:XAUUSD,4680.145,4681.185,4679.465,4680.49,2524.0,False,False,True,False,False,False
2026-05-13 01:25:00,OANDA:XAUUSD,4680.48,4682.42,4678.77,4679.43,2361.0,False,False,True,False,False,True
2026-05-13 01:30:00,OANDA:XAUUSD,4679.295,4680.135,4676.76,4678.765,2094.0,False,False,False,False,False,True
2026-05-13 01:35:00,OANDA:XAUUSD,4678.76,4679.1,4676.125,4678.95,2050.0,False,False,False,False,False,False
2026-05-13 01:40:00,OANDA:XAUUSD,4678.875,4680.735,4677.365,4679.72,1766.0,False,False,False,False,True,False
2026-05-13 01:45:00,OANDA:XAUUSD,4679.665,4680.055,4677.955,4678.51,2049.0,False,False,False,False,False,False
2026-05-13 01:50:00,OANDA:XAUUSD,4678.615,4680.025,4677.755,4679.515,2376.0,False,False,False,False,False,False
2026-05-13 01:55:00,OANDA:XAUUSD,4679.51,4680.55,4678.01,4678.84,1882.0,False,False,False,False,False,False
2026-05-13 02:00:00,OANDA:XAUUSD,4678.825,4683.585,4677.905,4678.705,3099.0,False,False,True,False,False,False
2026-05-13 02:05:00,OANDA:XAUUSD,4678.65,4680.365,4676.235,4680.21,3316.0,False,False,False,True,False,False
2026-05-13 02:10:00,OANDA:XAUUSD,4680.17,4681.795,4678.085,4681.38,2319.0,False,False,False,False,True,False
2026-05-13 02:15:00,OANDA:XAUUSD,4681.405,4682.64,4679.98,4682.405,2679.0,True,False,False,False,True,False
2026-05-13 02:20:00,OANDA:XAUUSD,4682.395,4684.645,4682.13,4682.625,2377.0,False,False,True,False,False,False
2026-05-13 02:25:00,OANDA:XAUUSD,4682.61,4687.7,4682.605,4685.33,3710.0,True,False,True,False,True,False
2026-05-13 02:30:00,OANDA:XAUUSD,4685.34,4690.5,4684.845,4690.285,2693.0,True,False,True,False,True,False
2026-05-13 02:35:00,OANDA:XAUUSD,4690.255,4693.155,4689.355,4691.39,2546.0,True,False,True,False,True,False
2026-05-13 02:40:00,OANDA:XAUUSD,4691.405,4697.585,4690.885,4695.23,3817.0,False,False,True,False,True,False
2026-05-13 02:45:00,OANDA:XAUUSD,4695.225,4695.775,4690.67,4691.435,3836.0,False,False,False,False,False,False
2026-05-13 02:50:00,OANDA:XAUUSD,4691.43,4698.14,4691.415,4696.96,2513.0,False,False,True,False,True,False
2026-05-13 02:55:00,OANDA:XAUUSD,4696.96,4697.705,4695.4,4695.94,2913.0,False,False,False,False,False,False
2026-05-13 03:00:00,OANDA:XAUUSD,4695.96,4699.355,4695.96,4697.185,2552.0,False,False,True,False,False,False
2026-05-13 03:05:00,OANDA:XAUUSD,4697.17,4699.97,4696.3,4698.715,2521.0,False,False,True,False,False,False
2026-05-13 03:10:00,OANDA:XAUUSD,4698.68,4702.825,4698.245,4699.885,3105.0,False,False,True,False,False,False
2026-05-13 03:15:00,OANDA:XAUUSD,4699.89,4702.52,4699.04,4702.1,3297.0,False,False,False,False,False,False
2026-05-13 03:20:00,OANDA:XAUUSD,4702.095,4703.87,4700.12,4703.21,2212.0,True,False,True,False,True,False
2026-05-13 03:25:00,OANDA:XAUUSD,4703.19,4704.61,4702.89,4703.5,1754.0,False,False,True,False,False,False
2026-05-13 03:30:00,OANDA:XAUUSD,4703.49,4709.345,4703.49,4708.9,3100.0,True,False,True,False,True,False
2026-05-13 03:35:00,OANDA:XAUUSD,4708.92,4710.48,4708.215,4708.415,2144.0,False,False,True,False,False,False
2026-05-13 03:40:00,OANDA:XAUUSD,4708.41,4710.055,4707.395,4709.465,2426.0,False,False,False,False,False,False
2026-05-13 03:45:00,OANDA:XAUUSD,4709.44,4710.86,4709.145,4709.915,1834.0,False,False,True,False,False,False
2026-05-13 03:50:00,OANDA:XAUUSD,4710.03,4713.875,4709.52,4712.63,3879.0,True,False,True,False,True,False
2026-05-13 03:55:00,OANDA:XAUUSD,4712.645,4715.705,4712.31,4715.595,4202.0,False,False,True,False,True,False
2026-05-13 04:00:00,OANDA:XAUUSD,4715.545,4719.365,4713.095,4713.575,2056.0,False,False,True,False,False,False
2026-05-13 04:05:00,OANDA:XAUUSD,4713.57,4715.115,4712.155,4714.135,1242.0,False,False,False,False,False,False
2026-05-13 04:10:00,OANDA:XAUUSD,4714.15,4714.945,4712.37,4713.435,1164.0,False,False,False,False,False,False
2026-05-13 04:15:00,OANDA:XAUUSD,4713.455,4716.2,4713.29,4713.645,1157.0,False,False,False,False,False,False
2026-05-13 04:20:00,OANDA:XAUUSD,4713.66,4714.14,4712.445,4714.075,1200.0,False,False,False,False,False,False
2026-05-13 04:25:00,OANDA:XAUUSD,4714.015,4714.435,4712.865,4713.38,515.0,False,False,False,False,False,False
2026-05-13 04:30:00,OANDA:XAUUSD,4713.33,4715.0,4713.12,4713.895,613.0,False,False,False,False,False,False
2026-05-13 04:35:00,OANDA:XAUUSD,4713.88,4715.45,4712.815,4714.18,596.0,False,False,False,False,False,False
2026-05-13 04:40:00,OANDA:XAUUSD,4714.185,4715.52,4712.245,4714.905,732.0,False,False,False,True,False,False
2026-05-13 04:45:00,OANDA:XAUUSD,4714.925,4715.93,4713.25,4715.635,699.0,False,False,True,False,True,False
2026-05-13 04:50:00,OANDA:XAUUSD,4715.62,4715.725,4713.425,4713.85,900.0,False,False,False,False,False,False
2026-05-13 04:55:00,OANDA:XAUUSD,4713.78,4715.685,4713.465,4715.495,575.0,True,False,False,False,False,False
2026-05-13 06:00:00,OANDA:XAUUSD,4719.905,4720.08,4719.86,4719.885,16.0,False,False,True,False,True,False
2026-05-13 06:05:00,OANDA:XAUUSD,4719.855,4720.115,4711.74,4713.695,1051.0,False,True,True,True,False,True
2026-05-13 06:10:00,OANDA:XAUUSD,4713.695,4715.225,4711.855,4714.24,962.0,False,False,False,False,False,False
2026-05-13 06:15:00,OANDA:XAUUSD,4714.305,4717.105,4713.28,4717.03,1452.0,True,False,False,False,True,False
2026-05-13 06:20:00,OANDA:XAUUSD,4717.05,4719.395,4715.29,4715.94,1280.0,False,False,False,False,False,False
2026-05-13 06:25:00,OANDA:XAUUSD,4715.97,4717.69,4714.645,4717.17,701.0,False,False,False,False,False,False
2026-05-13 06:30:00,OANDA:XAUUSD,4717.135,4720.72,4716.455,4718.83,985.0,False,False,True,False,True,False
2026-05-13 06:35:00,OANDA:XAUUSD,4718.83,4720.145,4716.185,4718.43,841.0,False,False,False,False,False,False
2026-05-13 06:40:00,OANDA:XAUUSD,4718.44,4718.84,4715.475,4716.44,1083.0,False,False,False,False,False,False
2026-05-13 06:45:00,OANDA:XAUUSD,4716.435,4718.245,4716.365,4717.035,421.0,False,False,False,False,False,False
2026-05-13 06:50:00,OANDA:XAUUSD,4717.12,4722.445,4716.84,4720.96,1388.0,False,False,True,False,True,False
2026-05-13 06:55:00,OANDA:XAUUSD,4720.935,4721.155,4716.785,4716.965,1036.0,False,False,False,False,False,False
2026-05-13 07:00:00,OANDA:XAUUSD,4716.955,4721.035,4715.93,4720.32,1354.0,False,False,False,False,False,False
2026-05-13 07:05:00,OANDA:XAUUSD,4720.315,4723.29,4717.765,4720.21,2112.0,False,False,True,False,False,False
2026-05-13 07:10:00,OANDA:XAUUSD,4720.115,4721.73,4717.18,4717.545,1733.0,False,False,False,False,False,True
2026-05-13 07:15:00,OANDA:XAUUSD,4717.55,4720.31,4717.465,4717.465,1277.0,False,False,False,False,False,False
2026-05-13 07:20:00,OANDA:XAUUSD,4717.46,4722.77,4717.455,4722.715,1279.0,False,False,False,False,True,False
2026-05-13 07:25:00,OANDA:XAUUSD,4722.705,4723.915,4719.01,4720.33,1798.0,False,False,True,False,False,False
2026-05-13 07:30:00,OANDA:XAUUSD,4720.325,4721.46,4718.805,4719.26,1915.0,False,False,False,False,False,False
2026-05-13 07:35:00,OANDA:XAUUSD,4719.255,4721.965,4716.16,4720.61,1586.0,False,False,False,True,False,False
2026-05-13 07:40:00,OANDA:XAUUSD,4720.605,4721.36,4717.99,4721.21,1208.0,False,False,False,False,False,False
2026-05-13 07:45:00,OANDA:XAUUSD,4721.27,4723.665,4715.24,4715.97,2820.0,False,False,False,True,False,True
2026-05-13 07:50:00,OANDA:XAUUSD,4715.965,4719.895,4715.65,4717.585,1678.0,False,False,False,False,False,False
2026-05-13 07:55:00,OANDA:XAUUSD,4717.58,4718.68,4715.595,4717.175,1747.0,False,False,False,False,False,False
2026-05-13 08:00:00,OANDA:XAUUSD,4717.28,4725.415,4715.07,4724.785,3108.0,True,False,True,True,True,False
2026-05-13 08:05:00,OANDA:XAUUSD,4724.78,4727.03,4720.68,4721.065,3555.0,False,False,True,False,False,False
2026-05-13 08:10:00,OANDA:XAUUSD,4721.06,4724.02,4720.325,4720.45,2797.0,False,False,False,False,False,True
2026-05-13 08:15:00,OANDA:XAUUSD,4720.435,4725.58,4720.1,4724.48,2800.0,False,False,False,False,True,False
2026-05-13 08:20:00,OANDA:XAUUSD,4724.47,4726.5,4723.265,4724.6,3125.0,False,False,False,False,False,False
2026-05-13 08:25:00,OANDA:XAUUSD,4724.615,4725.125,4720.52,4722.88,1566.0,False,False,False,False,False,True
2026-05-13 08:30:00,OANDA:XAUUSD,4722.895,4724.16,4719.635,4720.695,1966.0,False,False,False,True,False,False
2026-05-13 08:35:00,OANDA:XAUUSD,4720.66,4722.515,4717.105,4722.485,1311.0,False,False,False,True,False,False
2026-05-13 08:40:00,OANDA:XAUUSD,4722.33,4725.35,4719.97,4720.235,2141.0,False,False,False,False,False,False
2026-05-13 08:45:00,OANDA:XAUUSD,4720.225,4720.715,4716.465,4717.14,2207.0,False,False,False,True,False,True
2026-05-13 08:50:00,OANDA:XAUUSD,4717.13,4720.415,4715.4,4717.085,2426.0,False,False,False,True,False,False
2026-05-13 08:55:00,OANDA:XAUUSD,4717.09,4718.585,4713.925,4714.955,2674.0,False,False,False,True,False,True
2026-05-13 09:00:00,OANDA:XAUUSD,4715.015,4717.405,4707.92,4711.975,6497.0,False,True,False,True,False,True
2026-05-13 09:05:00,OANDA:XAUUSD,4711.98,4713.455,4707.53,4713.43,2696.0,False,False,False,True,False,False
2026-05-13 09:10:00,OANDA:XAUUSD,4713.07,4716.385,4709.285,4709.625,2976.0,False,False,False,False,False,False
2026-05-13 09:15:00,OANDA:XAUUSD,4709.64,4710.58,4705.055,4706.64,3006.0,False,False,False,True,False,True
2026-05-13 09:20:00,OANDA:XAUUSD,4706.605,4710.095,4705.14,4707.53,1836.0,False,False,False,False,False,False
2026-05-13 09:25:00,OANDA:XAUUSD,4707.515,4707.975,4702.845,4704.465,2582.0,False,False,False,True,False,True
2026-05-13 09:30:00,OANDA:XAUUSD,4704.395,4705.695,4702.84,4704.845,2875.0,False,False,False,True,False,False
2026-05-13 09:35:00,OANDA:XAUUSD,4704.83,4706.8,4701.705,4705.895,3258.0,False,False,False,True,True,False
2026-05-13 09:40:00,OANDA:XAUUSD,4705.89,4710.6,4704.345,4709.07,1974.0,True,False,True,False,True,False
2026-05-13 09:45:00,OANDA:XAUUSD,4709.075,4710.85,4706.81,4709.82,1832.0,False,False,True,False,False,False
2026-05-13 09:50:00,OANDA:XAUUSD,4709.805,4710.14,4706.21,4706.39,995.0,False,False,False,False,False,True
2026-05-13 09:55:00,OANDA:XAUUSD,4706.295,4706.81,4701.205,4702.615,2250.0,False,False,False,True,False,True
2026-05-13 10:00:00,OANDA:XAUUSD,4702.575,4707.73,4701.84,4706.51,1399.0,False,False,False,False,False,False
2026-05-13 10:05:00,OANDA:XAUUSD,4706.46,4707.08,4699.335,4699.72,1984.0,False,False,False,True,False,True
2026-05-13 10:10:00,OANDA:XAUUSD,4699.78,4703.8,4699.6,4701.575,1353.0,False,False,False,False,False,False
2026-05-13 10:15:00,OANDA:XAUUSD,4701.57,4703.78,4699.055,4702.895,1445.0,False,False,False,True,False,False
2026-05-13 10:20:00,OANDA:XAUUSD,4702.985,4704.23,4701.215,4703.175,1688.0,False,False,False,False,False,False
2026-05-13 10:25:00,OANDA:XAUUSD,4703.18,4704.09,4698.395,4700.585,1831.0,False,True,False,True,False,True
2026-05-13 10:30:00,OANDA:XAUUSD,4700.605,4700.65,4695.735,4696.34,2467.0,False,False,False,True,False,True
2026-05-13 10:35:00,OANDA:XAUUSD,4696.345,4698.63,4694.885,4694.885,1889.0,False,False,False,True,False,True
2026-05-13 10:40:00,OANDA:XAUUSD,4694.865,4698.025,4694.18,4694.57,2802.0,False,False,False,True,False,True
2026-05-13 10:45:00,OANDA:XAUUSD,4694.575,4696.86,4692.995,4696.85,2647.0,False,False,False,True,False,False
2026-05-13 10:50:00,OANDA:XAUUSD,4696.845,4697.4,4688.85,4688.925,2310.0,False,False,False,True,False,True
2026-05-13 10:55:00,OANDA:XAUUSD,4689.025,4693.535,4687.705,4692.01,2505.0,False,False,False,True,False,False
2026-05-13 11:00:00,OANDA:XAUUSD,4692.0,4693.925,4689.025,4692.9,2622.0,False,False,False,False,False,False
2026-05-13 11:05:00,OANDA:XAUUSD,4692.915,4693.52,4689.19,4689.645,1003.0,False,False,False,False,False,False
2026-05-13 11:10:00,OANDA:XAUUSD,4689.62,4694.57,4689.14,4692.4,1274.0,False,False,False,False,False,False
2026-05-13 11:15:00,OANDA:XAUUSD,4692.375,4694.61,4691.26,4694.245,894.0,False,False,False,False,False,False
2026-05-13 11:20:00,OANDA:XAUUSD,4694.25,4696.31,4694.095,4695.24,612.0,True,False,True,False,True,False
2026-05-13 11:25:00,OANDA:XAUUSD,4695.275,4700.775,4695.175,4700.575,1350.0,True,False,True,False,True,False
2026-05-13 11:30:00,OANDA:XAUUSD,4700.58,4704.32,4700.205,4703.555,1374.0,True,False,True,False,True,False
2026-05-13 11:35:00,OANDA:XAUUSD,4703.505,4705.795,4703.07,4704.29,919.0,False,False,True,False,False,False
2026-05-13 11:40:00,OANDA:XAUUSD,4704.345,4705.385,4703.315,4703.925,946.0,False,False,False,False,False,False
2026-05-13 11:45:00,OANDA:XAUUSD,4703.955,4704.85,4702.21,4702.56,1679.0,False,True,False,False,False,True
2026-05-13 11:50:00,OANDA:XAUUSD,4702.51,4702.63,4696.95,4697.49,1194.0,False,True,False,False,False,True
2026-05-13 11:55:00,OANDA:XAUUSD,4697.415,4697.905,4694.42,4696.1,1287.0,False,False,False,True,False,True
2026-05-13 12:00:00,OANDA:XAUUSD,4696.165,4698.26,4695.48,4697.64,1029.0,False,False,False,False,False,False
2026-05-13 12:05:00,OANDA:XAUUSD,4697.675,4699.075,4695.785,4696.77,963.0,False,False,False,False,False,False
2026-05-13 12:10:00,OANDA:XAUUSD,4696.87,4698.74,4695.98,4698.47,1029.0,False,False,False,False,False,False
2026-05-13 12:15:00,OANDA:XAUUSD,4698.41,4702.63,4698.14,4702.28,988.0,True,False,False,False,True,False
2026-05-13 12:20:00,OANDA:XAUUSD,4702.33,4703.45,4701.16,4701.43,746.0,False,False,True,False,False,False
2026-05-13 12:25:00,OANDA:XAUUSD,4701.47,4701.83,4700.21,4701.43,429.0,False,False,False,False,False,False
2026-05-13 12:30:00,OANDA:XAUUSD,4701.38,4703.4,4700.315,4700.505,700.0,False,False,False,False,False,False
2026-05-13 12:35:00,OANDA:XAUUSD,4700.515,4702.49,4697.94,4701.16,1242.0,False,False,False,False,False,False
2026-05-13 12:40:00,OANDA:XAUUSD,4700.91,4701.005,4697.25,4698.75,546.0,False,False,False,True,False,False
2026-05-13 12:45:00,OANDA:XAUUSD,4698.575,4701.305,4698.4,4701.305,704.0,False,False,False,False,True,False
2026-05-13 12:50:00,OANDA:XAUUSD,4701.27,4701.685,4699.25,4701.42,1261.0,False,False,False,False,True,False
2026-05-13 12:55:00,OANDA:XAUUSD,4701.425,4701.72,4698.36,4699.57,1496.0,False,False,False,False,False,False
2026-05-13 13:00:00,OANDA:XAUUSD,4699.52,4706.655,4698.345,4706.61,1231.0,True,False,True,False,True,False
2026-05-13 13:05:00,OANDA:XAUUSD,4706.65,4707.015,4703.49,4704.51,1587.0,False,False,True,False,False,False
2026-05-13 13:10:00,OANDA:XAUUSD,4704.36,4707.385,4703.93,4705.395,2005.0,False,False,True,False,False,False
2026-05-13 13:15:00,OANDA:XAUUSD,4705.38,4705.67,4700.86,4701.245,1351.0,False,False,False,False,False,True
2026-05-13 13:20:00,OANDA:XAUUSD,4701.28,4704.0,4698.725,4699.35,1388.0,False,True,False,False,False,True
2026-05-13 13:25:00,OANDA:XAUUSD,4699.38,4700.16,4697.975,4698.32,863.0,False,False,False,True,False,True
2026-05-13 13:30:00,OANDA:XAUUSD,4698.345,4703.035,4693.73,4700.665,2460.0,False,False,False,True,True,False
2026-05-13 13:35:00,OANDA:XAUUSD,4700.745,4702.5,4699.4,4701.23,1638.0,False,False,False,False,False,False
2026-05-13 13:40:00,OANDA:XAUUSD,4701.265,4702.52,4696.42,4696.86,1462.0,False,False,False,False,False,True
2026-05-13 13:45:00,OANDA:XAUUSD,4696.845,4700.155,4696.845,4698.58,2247.0,False,False,False,False,False,False
2026-05-13 13:50:00,OANDA:XAUUSD,4698.53,4701.41,4696.58,4699.625,2437.0,False,False,False,False,False,False
2026-05-13 13:55:00,OANDA:XAUUSD,4699.65,4705.365,4699.57,4704.32,2414.0,True,False,True,False,True,False
2026-05-13 14:00:00,OANDA:XAUUSD,4704.32,4710.09,4703.31,4709.515,2129.0,True,False,True,False,True,False
2026-05-13 14:05:00,OANDA:XAUUSD,4709.51,4712.685,4707.41,4710.455,2396.0,False,False,True,False,True,False
2026-05-13 14:10:00,OANDA:XAUUSD,4710.45,4711.87,4708.82,4710.63,2401.0,False,False,False,False,False,False
2026-05-13 14:15:00,OANDA:XAUUSD,4710.635,4715.385,4710.635,4712.895,2242.0,False,False,True,False,True,False
2026-05-13 14:20:00,OANDA:XAUUSD,4712.88,4712.96,4707.795,4708.84,2578.0,False,True,False,False,False,True
2026-05-13 14:25:00,OANDA:XAUUSD,4708.845,4710.385,4706.95,4708.715,1957.0,False,False,False,False,False,False
2026-05-13 14:30:00,OANDA:XAUUSD,4708.755,4711.465,4707.82,4710.135,2783.0,False,False,False,False,False,False
2026-05-13 14:35:00,OANDA:XAUUSD,4710.13,4713.025,4709.39,4711.87,2299.0,False,False,False,False,True,False
2026-05-13 14:40:00,OANDA:XAUUSD,4711.9,4713.83,4710.67,4711.57,2780.0,False,False,False,False,False,False
2026-05-13 14:45:00,OANDA:XAUUSD,4711.575,4712.29,4707.33,4708.81,1990.0,False,True,False,False,False,True
2026-05-13 14:50:00,OANDA:XAUUSD,4708.83,4708.92,4702.625,4702.7,3056.0,False,True,False,True,False,True
2026-05-13 14:55:00,OANDA:XAUUSD,4702.695,4704.08,4698.955,4701.735,3178.0,False,False,False,True,False,True
2026-05-13 15:00:00,OANDA:XAUUSD,4701.755,4705.62,4699.885,4701.0,3520.0,False,False,False,False,False,False
2026-05-13 15:05:00,OANDA:XAUUSD,4700.985,4702.495,4696.8,4698.785,2263.0,False,False,False,True,False,True
2026-05-13 15:10:00,OANDA:XAUUSD,4698.735,4703.82,4697.745,4702.395,2493.0,False,False,False,False,False,False
2026-05-13 15:15:00,OANDA:XAUUSD,4702.365,4707.28,4702.28,4706.085,2127.0,True,False,False,False,True,False
2026-05-13 15:20:00,OANDA:XAUUSD,4706.075,4708.36,4704.3,4705.175,2016.0,False,False,True,False,False,False
2026-05-13 15:25:00,OANDA:XAUUSD,4705.21,4708.755,4705.145,4707.52,1440.0,False,False,True,False,False,False
2026-05-13 15:30:00,OANDA:XAUUSD,4707.535,4707.83,4704.675,4706.265,975.0,False,False,False,False,False,False
2026-05-13 15:35:00,OANDA:XAUUSD,4706.13,4707.82,4703.03,4703.48,881.0,False,False,False,False,False,True
2026-05-13 15:40:00,OANDA:XAUUSD,4703.53,4705.275,4703.27,4703.6,1252.0,False,False,False,False,False,False
2026-05-13 15:45:00,OANDA:XAUUSD,4703.625,4704.79,4701.285,4703.71,1189.0,False,False,False,True,False,False
2026-05-13 15:50:00,OANDA:XAUUSD,4703.765,4704.395,4701.525,4702.75,1518.0,False,False,False,False,False,False
2026-05-13 15:55:00,OANDA:XAUUSD,4702.8,4704.125,4702.015,4702.78,1325.0,False,False,False,False,False,False
2026-05-13 16:00:00,OANDA:XAUUSD,4702.785,4704.34,4700.84,4701.24,1497.0,False,False,False,True,False,True
2026-05-13 16:05:00,OANDA:XAUUSD,4701.225,4702.1,4698.595,4700.62,2018.0,False,False,False,True,False,True
2026-05-13 16:10:00,OANDA:XAUUSD,4700.49,4702.04,4699.39,4700.465,1507.0,False,False,False,False,False,False
2026-05-13 16:15:00,OANDA:XAUUSD,4700.445,4701.365,4698.35,4699.125,1489.0,False,False,False,True,False,True
2026-05-13 16:20:00,OANDA:XAUUSD,4699.13,4700.93,4698.765,4699.005,1369.0,False,False,False,False,False,False
2026-05-13 16:25:00,OANDA:XAUUSD,4698.98,4699.615,4694.725,4697.185,1852.0,False,True,False,True,False,True
2026-05-13 16:30:00,OANDA:XAUUSD,4697.21,4698.21,4694.665,4698.02,1247.0,False,False,False,True,False,False
2026-05-13 16:35:00,OANDA:XAUUSD,4697.99,4699.795,4697.155,4698.24,1183.0,False,False,False,False,True,False
2026-05-13 16:40:00,OANDA:XAUUSD,4698.365,4698.94,4695.31,4696.155,860.0,False,False,False,False,False,True
2026-05-13 16:45:00,OANDA:XAUUSD,4696.165,4698.85,4694.85,4698.065,2097.0,False,False,False,False,False,False
2026-05-13 16:50:00,OANDA:XAUUSD,4698.06,4700.89,4697.415,4700.86,1798.0,True,False,True,False,True,False
2026-05-13 16:55:00,OANDA:XAUUSD,4700.885,4702.995,4699.495,4700.605,1901.0,False,False,True,False,False,False
2026-05-13 17:00:00,OANDA:XAUUSD,4700.615,4702.09,4698.15,4700.56,1693.0,False,False,False,False,False,False
2026-05-13 17:05:00,OANDA:XAUUSD,4700.55,4700.62,4697.965,4698.465,1671.0,False,False,False,False,False,False
2026-05-13 17:10:00,OANDA:XAUUSD,4698.47,4699.31,4693.53,4694.58,1844.0,False,True,False,True,False,True
2026-05-13 17:15:00,OANDA:XAUUSD,4694.56,4695.3,4690.195,4690.63,1340.0,False,True,False,True,False,True
2026-05-13 17:20:00,OANDA:XAUUSD,4690.605,4692.185,4685.905,4686.96,2079.0,False,False,False,True,False,True
2026-05-13 17:25:00,OANDA:XAUUSD,4686.97,4692.305,4686.62,4688.97,1651.0,False,False,False,False,False,False
2026-05-13 17:30:00,OANDA:XAUUSD,4688.86,4691.77,4686.01,4688.245,2417.0,False,False,False,False,False,False
2026-05-13 17:35:00,OANDA:XAUUSD,4688.165,4692.75,4688.13,4691.015,1569.0,False,False,False,False,False,False
2026-05-13 17:40:00,OANDA:XAUUSD,4690.94,4694.39,4690.33,4694.105,1468.0,True,False,False,False,True,False
2026-05-13 17:45:00,OANDA:XAUUSD,4694.01,4696.97,4693.085,4696.835,1320.0,True,False,True,False,True,False
2026-05-13 17:50:00,OANDA:XAUUSD,4696.845,4698.455,4696.35,4698.29,1739.0,True,False,True,False,True,False
2026-05-13 17:55:00,OANDA:XAUUSD,4698.38,4701.095,4697.88,4700.85,1533.0,True,False,True,False,True,False
2026-05-13 18:00:00,OANDA:XAUUSD,4700.87,4701.495,4698.75,4699.05,1653.0,False,False,True,False,False,False
2026-05-13 18:05:00,OANDA:XAUUSD,4699.15,4710.585,4698.95,4708.67,1916.0,True,False,True,False,True,False
2026-05-13 18:10:00,OANDA:XAUUSD,4708.7,4709.1,4701.645,4702.24,2929.0,False,False,False,False,False,False
2026-05-13 18:15:00,OANDA:XAUUSD,4702.295,4703.325,4700.21,4700.53,919.0,False,False,False,False,False,True
2026-05-13 18:20:00,OANDA:XAUUSD,4700.57,4705.95,4700.375,4703.445,1915.0,False,False,False,False,True,False
2026-05-13 18:25:00,OANDA:XAUUSD,4703.465,4703.63,4698.725,4699.565,1943.0,False,True,False,True,False,True
2026-05-13 18:30:00,OANDA:XAUUSD,4699.57,4699.99,4695.52,4696.205,1860.0,False,True,False,True,False,True
2026-05-13 18:35:00,OANDA:XAUUSD,4696.22,4697.425,4695.245,4695.91,1385.0,False,False,False,True,False,False
2026-05-13 18:40:00,OANDA:XAUUSD,4695.925,4697.31,4694.02,4695.675,1462.0,False,False,False,True,False,False
2026-05-13 18:45:00,OANDA:XAUUSD,4695.625,4696.57,4694.115,4695.51,1303.0,False,False,False,False,False,False
2026-05-13 18:50:00,OANDA:XAUUSD,4695.385,4696.715,4694.355,4695.155,935.0,False,False,False,False,False,False
2026-05-13 18:55:00,OANDA:XAUUSD,4695.15,4696.71,4693.77,4694.19,1642.0,False,False,False,True,False,True
2026-05-13 19:00:00,OANDA:XAUUSD,4694.215,4695.67,4691.785,4693.42,1930.0,False,False,False,True,False,True
2026-05-13 19:05:00,OANDA:XAUUSD,4693.425,4695.295,4691.775,4694.48,1911.0,False,False,False,True,False,False
2026-05-13 19:10:00,OANDA:XAUUSD,4694.49,4699.29,4694.355,4699.11,1463.0,True,False,True,False,True,False
2026-05-13 19:15:00,OANDA:XAUUSD,4699.105,4700.525,4695.83,4698.04,2679.0,False,False,True,False,False,False
2026-05-13 19:20:00,OANDA:XAUUSD,4698.055,4700.575,4697.2,4698.575,2258.0,False,False,True,False,False,False
2026-05-13 19:25:00,OANDA:XAUUSD,4698.565,4699.765,4697.185,4698.405,1530.0,False,False,False,False,False,False
2026-05-13 19:30:00,OANDA:XAUUSD,4698.435,4703.235,4698.125,4702.4,2252.0,True,False,True,False,True,False
2026-05-13 19:35:00,OANDA:XAUUSD,4702.31,4705.34,4702.31,4704.83,2087.0,False,False,True,False,True,False
2026-05-13 19:40:00,OANDA:XAUUSD,4704.825,4705.075,4701.07,4703.62,2251.0,False,False,False,False,False,False
2026-05-13 19:45:00,OANDA:XAUUSD,4703.61,4705.7,4702.365,4702.365,1497.0,False,False,True,False,False,False
2026-05-13 19:50:00,OANDA:XAUUSD,4702.355,4702.355,4700.05,4701.085,1466.0,False,True,False,False,False,True
2026-05-13 19:55:00,OANDA:XAUUSD,4701.05,4701.15,4697.485,4697.485,1644.0,False,False,False,True,False,True
2026-05-13 20:00:00,OANDA:XAUUSD,4697.43,4700.065,4694.945,4699.535,2136.0,False,False,False,True,False,False
2026-05-13 20:05:00,OANDA:XAUUSD,4699.495,4701.62,4697.755,4699.265,2047.0,False,False,False,False,False,False
2026-05-13 20:10:00,OANDA:XAUUSD,4699.28,4699.305,4693.63,4694.115,2062.0,False,True,False,True,False,True
2026-05-13 20:15:00,OANDA:XAUUSD,4694.135,4694.405,4689.35,4691.99,2711.0,False,True,False,True,False,True
2026-05-13 20:20:00,OANDA:XAUUSD,4691.985,4693.49,4685.035,4687.93,4821.0,False,True,False,True,False,True
2026-05-13 20:25:00,OANDA:XAUUSD,4687.95,4688.995,4683.315,4684.805,3026.0,False,False,False,True,False,True
2026-05-13 20:30:00,OANDA:XAUUSD,4684.95,4687.64,4676.135,4682.59,6408.0,False,False,False,True,False,True
2026-05-13 20:35:00,OANDA:XAUUSD,4682.595,4686.23,4677.39,4679.175,4664.0,False,False,False,False,False,False
2026-05-13 20:40:00,OANDA:XAUUSD,4679.165,4683.89,4677.715,4682.835,3501.0,False,False,False,False,False,False
2026-05-13 20:45:00,OANDA:XAUUSD,4683.035,4683.99,4677.73,4680.675,3570.0,False,False,False,False,False,False
2026-05-13 20:50:00,OANDA:XAUUSD,4680.585,4685.665,4680.195,4681.455,3091.0,False,False,False,False,False,False
2026-05-13 20:55:00,OANDA:XAUUSD,4681.45,4685.605,4678.85,4683.84,3453.0,False,False,False,False,False,False
2026-05-13 21:00:00,OANDA:XAUUSD,4683.715,4690.615,4683.57,4687.835,4026.0,False,False,True,False,True,False
2026-05-13 21:05:00,OANDA:XAUUSD,4687.82,4689.54,4685.48,4686.635,2958.0,False,False,False,False,False,False
2026-05-13 21:10:00,OANDA:XAUUSD,4686.62,4691.31,4685.495,4690.125,2755.0,False,False,True,False,True,False
2026-05-13 21:15:00,OANDA:XAUUSD,4690.105,4692.25,4686.695,4692.155,2328.0,False,False,True,False,True,False
2026-05-13 21:20:00,OANDA:XAUUSD,4692.14,4694.825,4690.35,4694.115,2219.0,False,False,True,False,True,False
2026-05-13 21:25:00,OANDA:XAUUSD,4694.33,4694.625,4688.31,4688.73,2783.0,False,False,False,False,False,True
2026-05-13 21:30:00,OANDA:XAUUSD,4688.645,4690.94,4682.51,4683.875,6576.0,False,True,False,True,False,True
2026-05-13 21:35:00,OANDA:XAUUSD,4684.045,4684.195,4673.21,4674.415,5797.0,False,False,False,True,False,True
2026-05-13 21:40:00,OANDA:XAUUSD,4674.46,4683.74,4673.545,4678.76,6887.0,False,False,False,False,False,False
2026-05-13 21:45:00,OANDA:XAUUSD,4678.735,4679.115,4669.525,4672.8,5672.0,False,False,False,True,False,True
2026-05-13 21:50:00,OANDA:XAUUSD,4672.82,4682.84,4670.11,4682.84,5258.0,False,False,False,False,True,False
2026-05-13 21:55:00,OANDA:XAUUSD,4682.93,4683.24,4677.57,4679.415,4743.0,False,False,False,False,False,False
2026-05-13 22:00:00,OANDA:XAUUSD,4679.405,4680.56,4672.885,4676.79,5155.0,False,False,False,False,False,True
2026-05-13 22:05:00,OANDA:XAUUSD,4676.74,4680.975,4674.085,4677.9,4780.0,False,False,False,False,False,False
2026-05-13 22:10:00,OANDA:XAUUSD,4677.775,4683.48,4677.135,4681.31,4185.0,False,False,True,False,True,False
2026-05-13 22:15:00,OANDA:XAUUSD,4681.295,4682.395,4673.68,4674.225,3762.0,False,False,False,False,False,True
2026-05-13 22:20:00,OANDA:XAUUSD,4674.23,4682.3,4673.72,4681.985,3844.0,False,False,False,False,False,False
2026-05-13 22:25:00,OANDA:XAUUSD,4681.935,4685.45,4681.335,4684.22,2939.0,True,False,True,False,True,False
2026-05-13 22:30:00,OANDA:XAUUSD,4684.225,4690.57,4683.12,4689.99,3850.0,False,False,True,False,True,False
2026-05-13 22:35:00,OANDA:XAUUSD,4690.0,4691.12,4684.985,4686.345,3700.0,False,False,True,False,False,False
2026-05-13 22:40:00,OANDA:XAUUSD,4686.37,4688.65,4683.635,4683.815,3148.0,False,False,False,False,False,True
2026-05-13 22:45:00,OANDA:XAUUSD,4683.82,4685.11,4677.335,4681.68,4265.0,False,True,False,False,False,True
2026-05-13 22:50:00,OANDA:XAUUSD,4681.69,4682.475,4678.225,4681.125,3417.0,False,False,False,False,False,False
2026-05-13 22:55:00,OANDA:XAUUSD,4681.19,4683.45,4678.9,4679.75,3088.0,False,False,False,False,False,False
2026-05-13 23:00:00,OANDA:XAUUSD,4679.825,4686.265,4678.92,4684.36,3644.0,False,False,False,False,True,False
2026-05-13 23:05:00,OANDA:XAUUSD,4684.37,4688.915,4682.045,4688.39,2281.0,False,False,True,False,True,False
2026-05-13 23:10:00,OANDA:XAUUSD,4688.5,4690.86,4686.23,4687.67,2874.0,False,False,True,False,False,False
2026-05-13 23:15:00,OANDA:XAUUSD,4687.62,4687.965,4685.47,4687.135,2646.0,False,False,False,False,False,False
2026-05-13 23:20:00,OANDA:XAUUSD,4687.11,4690.105,4685.27,4688.095,2714.0,False,False,False,False,True,False
2026-05-13 23:25:00,OANDA:XAUUSD,4688.08,4691.815,4687.57,4691.195,2860.0,False,False,True,False,True,False
2026-05-13 23:30:00,OANDA:XAUUSD,4691.185,4695.895,4686.97,4695.345,2727.0,True,False,True,False,True,False
2026-05-13 23:35:00,OANDA:XAUUSD,4695.34,4699.2,4694.5,4698.86,3793.0,True,False,True,False,True,False
2026-05-13 23:40:00,OANDA:XAUUSD,4698.855,4700.025,4697.125,4699.35,3385.0,False,False,True,False,True,False
2026-05-13 23:45:00,OANDA:XAUUSD,4699.46,4699.65,4696.53,4698.55,2599.0,False,False,False,False,False,False
2026-05-13 23:50:00,OANDA:XAUUSD,4698.56,4698.7,4694.76,4695.87,2035.0,False,False,False,False,False,True
2026-05-13 23:55:00,OANDA:XAUUSD,4695.88,4698.225,4694.69,4695.715,2252.0,False,False,False,False,False,False
2026-05-14 00:00:00,OANDA:XAUUSD,4695.65,4699.55,4695.245,4697.69,3235.0,False,False,False,False,False,False
2026-05-14 00:05:00,OANDA:XAUUSD,4697.715,4702.045,4696.625,4701.04,2576.0,False,False,True,False,True,False
2026-05-14 00:10:00,OANDA:XAUUSD,4701.035,4702.98,4699.355,4702.195,2099.0,False,False,True,False,True,False
2026-05-14 00:15:00,OANDA:XAUUSD,4702.185,4703.775,4698.785,4699.695,2213.0,False,False,True,False,False,False
2026-05-14 00:20:00,OANDA:XAUUSD,4699.665,4709.65,4698.865,4705.965,3904.0,False,False,True,False,True,False
2026-05-14 00:25:00,OANDA:XAUUSD,4705.955,4709.9,4703.715,4706.875,4309.0,False,False,True,False,False,False
2026-05-14 00:30:00,OANDA:XAUUSD,4706.895,4707.735,4702.415,4704.015,4218.0,False,False,False,False,False,False
2026-05-14 00:35:00,OANDA:XAUUSD,4704.005,4704.345,4701.835,4702.955,2138.0,False,False,False,False,False,False
2026-05-14 00:40:00,OANDA:XAUUSD,4702.96,4703.16,4699.885,4700.03,2804.0,False,True,False,False,False,True
2026-05-14 00:45:00,OANDA:XAUUSD,4700.025,4701.665,4698.45,4699.66,2313.0,False,True,False,True,False,True
2026-05-14 00:50:00,OANDA:XAUUSD,4699.67,4699.77,4695.535,4696.57,2522.0,False,True,False,True,False,True
2026-05-14 00:55:00,OANDA:XAUUSD,4696.515,4697.87,4695.13,4695.865,2374.0,False,False,False,True,False,False
2026-05-14 01:00:00,OANDA:XAUUSD,4695.885,4699.445,4695.885,4696.815,2009.0,False,False,False,False,False,False
2026-05-14 01:05:00,OANDA:XAUUSD,4696.805,4699.89,4696.505,4699.485,2527.0,False,False,False,False,True,False
2026-05-14 01:10:00,OANDA:XAUUSD,4699.49,4701.02,4698.685,4699.735,1212.0,False,False,False,False,False,False
2026-05-14 01:15:00,OANDA:XAUUSD,4699.73,4699.93,4696.945,4699.83,1901.0,False,False,False,False,False,False
2026-05-14 01:20:00,OANDA:XAUUSD,4699.825,4701.28,4697.125,4697.61,1819.0,False,False,True,False,False,False
2026-05-14 01:25:00,OANDA:XAUUSD,4697.595,4700.27,4696.64,4698.435,3421.0,False,False,False,False,False,False
2026-05-14 01:30:00,OANDA:XAUUSD,4698.46,4698.595,4690.315,4690.465,2470.0,False,True,False,True,False,True
2026-05-14 01:35:00,OANDA:XAUUSD,4690.455,4692.855,4690.16,4691.13,2124.0,False,False,False,True,False,False
2026-05-14 01:40:00,OANDA:XAUUSD,4691.15,4693.76,4690.835,4691.145,2047.0,False,False,False,False,False,False
2026-05-14 01:45:00,OANDA:XAUUSD,4691.14,4694.43,4690.48,4691.225,2385.0,False,False,False,False,False,False
2026-05-14 01:50:00,OANDA:XAUUSD,4691.175,4692.51,4688.385,4688.86,2356.0,False,True,False,True,False,True
2026-05-14 01:55:00,OANDA:XAUUSD,4688.855,4689.755,4684.555,4685.6,2309.0,False,False,False,True,False,True
2026-05-14 02:00:00,OANDA:XAUUSD,4685.635,4689.575,4684.41,4688.02,1764.0,False,False,False,True,False,False
2026-05-14 02:05:00,OANDA:XAUUSD,4688.03,4691.65,4687.9,4690.895,1122.0,True,False,False,False,True,False
2026-05-14 02:10:00,OANDA:XAUUSD,4690.9,4692.84,4690.72,4692.655,1282.0,False,False,False,False,True,False
2026-05-14 02:15:00,OANDA:XAUUSD,4692.625,4694.175,4690.32,4690.77,2395.0,False,False,True,False,False,False
2026-05-14 02:20:00,OANDA:XAUUSD,4690.775,4691.08,4688.885,4690.365,1960.0,False,False,False,False,False,False
2026-05-14 02:25:00,OANDA:XAUUSD,4690.33,4692.345,4690.14,4692.165,1679.0,False,False,False,False,True,False
2026-05-14 02:30:00,OANDA:XAUUSD,4692.125,4692.86,4690.33,4691.27,1328.0,False,False,False,False,False,False
2026-05-14 02:35:00,OANDA:XAUUSD,4691.285,4691.325,4687.44,4690.265,2291.0,False,False,False,True,False,True
2026-05-14 02:40:00,OANDA:XAUUSD,4690.26,4691.51,4685.765,4686.25,1846.0,False,False,False,True,False,True
2026-05-14 02:45:00,OANDA:XAUUSD,4686.205,4687.74,4677.63,4679.56,4370.0,False,False,False,True,False,True
2026-05-14 02:50:00,OANDA:XAUUSD,4679.585,4687.51,4679.585,4687.045,3031.0,False,False,False,False,False,False
2026-05-14 02:55:00,OANDA:XAUUSD,4687.07,4687.555,4684.55,4685.11,2420.0,False,False,False,False,False,False
2026-05-14 03:00:00,OANDA:XAUUSD,4685.14,4686.29,4684.025,4684.34,1749.0,False,False,False,False,False,True
2026-05-14 03:05:00,OANDA:XAUUSD,4684.335,4686.775,4683.525,4686.695,1120.0,False,False,False,False,True,False
2026-05-14 03:10:00,OANDA:XAUUSD,4686.69,4689.235,4685.74,4689.2,1352.0,True,False,True,False,True,False
2026-05-14 03:15:00,OANDA:XAUUSD,4689.185,4690.705,4687.035,4688.24,1836.0,False,False,True,False,False,False
2026-05-14 03:20:00,OANDA:XAUUSD,4688.235,4690.225,4687.575,4688.115,1873.0,False,False,False,False,False,False
2026-05-14 03:25:00,OANDA:XAUUSD,4688.095,4688.8,4686.845,4687.355,1632.0,False,False,False,False,False,True
2026-05-14 03:30:00,OANDA:XAUUSD,4687.375,4688.81,4684.625,4685.315,1854.0,False,False,False,False,False,True
2026-05-14 03:35:00,OANDA:XAUUSD,4685.33,4689.235,4684.9,4688.9,1880.0,False,False,False,False,True,False
2026-05-14 03:40:00,OANDA:XAUUSD,4688.895,4688.925,4687.17,4688.53,1286.0,False,False,False,False,False,False
2026-05-14 03:45:00,OANDA:XAUUSD,4688.52,4689.46,4687.51,4689.33,1437.0,False,False,False,False,True,False
2026-05-14 03:50:00,OANDA:XAUUSD,4689.155,4689.155,4683.67,4685.665,3476.0,False,False,False,True,False,True
2026-05-14 03:55:00,OANDA:XAUUSD,4685.72,4689.08,4685.65,4688.38,2560.0,False,False,False,False,False,False
2026-05-14 04:00:00,OANDA:XAUUSD,4688.465,4688.66,4686.075,4686.895,1103.0,False,False,False,False,False,False
2026-05-14 04:05:00,OANDA:XAUUSD,4686.93,4689.29,4686.93,4689.175,1158.0,True,False,False,False,True,False
2026-05-14 04:10:00,OANDA:XAUUSD,4689.21,4691.07,4689.21,4690.94,734.0,True,False,True,False,True,False
2026-05-14 04:15:00,OANDA:XAUUSD,4690.92,4691.205,4690.26,4691.0,901.0,False,False,True,False,False,False
2026-05-14 04:20:00,OANDA:XAUUSD,4691.02,4693.295,4690.715,4692.81,695.0,False,False,True,False,True,False
2026-05-14 04:25:00,OANDA:XAUUSD,4692.805,4693.475,4691.15,4691.23,807.0,False,False,True,False,False,False
2026-05-14 04:30:00,OANDA:XAUUSD,4691.245,4692.94,4689.17,4689.81,854.0,False,False,False,False,False,True
2026-05-14 04:35:00,OANDA:XAUUSD,4689.82,4691.435,4689.42,4691.42,752.0,False,False,False,False,False,False
2026-05-14 04:40:00,OANDA:XAUUSD,4691.36,4691.835,4689.925,4690.845,738.0,False,False,False,False,False,False
2026-05-14 04:45:00,OANDA:XAUUSD,4690.85,4691.34,4688.785,4689.22,891.0,False,True,False,True,False,True
2026-05-14 04:50:00,OANDA:XAUUSD,4689.225,4689.615,4688.06,4688.39,1037.0,False,False,False,True,False,True
2026-05-14 04:55:00,OANDA:XAUUSD,4688.385,4689.32,4688.285,4689.14,985.0,True,False,False,False,False,False
2026-05-14 06:00:00,OANDA:XAUUSD,4693.605,4693.69,4693.565,4693.69,17.0,True,False,True,False,True,False
2026-05-14 06:05:00,OANDA:XAUUSD,4693.695,4693.965,4689.745,4690.015,913.0,False,True,True,False,False,True
2026-05-14 06:10:00,OANDA:XAUUSD,4690.015,4691.595,4689.06,4691.23,548.0,False,False,False,False,False,False
2026-05-14 06:15:00,OANDA:XAUUSD,4691.22,4696.13,4690.985,4694.79,1365.0,True,False,True,False,True,False
2026-05-14 06:20:00,OANDA:XAUUSD,4694.845,4696.525,4694.35,4695.81,793.0,False,False,True,False,False,False
2026-05-14 06:25:00,OANDA:XAUUSD,4695.79,4697.38,4695.71,4697.16,570.0,False,False,True,False,True,False
2026-05-14 06:30:00,OANDA:XAUUSD,4697.125,4698.83,4695.665,4697.09,872.0,False,False,True,False,False,False
2026-05-14 06:35:00,OANDA:XAUUSD,4697.085,4699.205,4696.59,4698.325,1031.0,False,False,True,False,False,False
2026-05-14 06:40:00,OANDA:XAUUSD,4698.335,4700.305,4698.085,4699.035,851.0,False,False,True,False,False,False
2026-05-14 06:45:00,OANDA:XAUUSD,4699.03,4699.565,4696.61,4697.74,1130.0,False,False,False,False,False,True
2026-05-14 06:50:00,OANDA:XAUUSD,4697.745,4700.57,4697.525,4700.075,708.0,False,False,True,False,True,False
2026-05-14 06:55:00,OANDA:XAUUSD,4700.08,4700.485,4699.225,4700.035,500.0,False,False,False,False,False,False
2026-05-14 07:00:00,OANDA:XAUUSD,4699.98,4701.01,4699.13,4699.135,656.0,False,False,True,False,False,True
2026-05-14 07:05:00,OANDA:XAUUSD,4699.15,4701.475,4699.125,4700.895,822.0,False,False,True,False,False,False
2026-05-14 07:10:00,OANDA:XAUUSD,4700.91,4702.125,4700.835,4701.18,555.0,False,False,True,False,False,False
2026-05-14 07:15:00,OANDA:XAUUSD,4701.185,4701.255,4700.325,4700.83,444.0,False,False,False,False,False,True
2026-05-14 07:20:00,OANDA:XAUUSD,4700.795,4701.04,4699.52,4699.825,568.0,False,True,False,False,False,True
2026-05-14 07:25:00,OANDA:XAUUSD,4699.84,4699.865,4696.925,4697.49,548.0,False,True,False,True,False,True
2026-05-14 07:30:00,OANDA:XAUUSD,4697.48,4697.665,4694.49,4695.465,650.0,False,False,False,True,False,True
2026-05-14 07:35:00,OANDA:XAUUSD,4695.45,4697.26,4695.215,4696.32,449.0,False,False,False,False,False,False
2026-05-14 07:40:00,OANDA:XAUUSD,4696.295,4697.6,4694.745,4694.98,662.0,False,False,False,False,False,True
2026-05-14 07:45:00,OANDA:XAUUSD,4694.94,4696.59,4693.435,4693.96,946.0,False,False,False,True,False,True
2026-05-14 07:50:00,OANDA:XAUUSD,4694.07,4695.9,4693.38,4695.89,536.0,False,False,False,True,False,False
2026-05-14 07:55:00,OANDA:XAUUSD,4695.925,4696.96,4694.675,4696.62,446.0,False,False,False,False,True,False
2026-05-14 08:00:00,OANDA:XAUUSD,4696.5,4699.615,4689.78,4692.12,2310.0,False,False,True,True,False,True
2026-05-14 08:05:00,OANDA:XAUUSD,4692.085,4696.88,4691.235,4696.34,2377.0,False,False,False,False,False,False
2026-05-14 08:10:00,OANDA:XAUUSD,4696.36,4697.905,4694.12,4697.72,1638.0,True,False,False,False,True,False
2026-05-14 08:15:00,OANDA:XAUUSD,4697.63,4705.455,4697.63,4701.295,1235.0,True,False,True,False,True,False
2026-05-14 08:20:00,OANDA:XAUUSD,4701.3,4702.795,4699.875,4701.8,2229.0,False,False,False,False,False,False
2026-05-14 08:25:00,OANDA:XAUUSD,4701.79,4702.52,4699.64,4701.14,2223.0,False,False,False,False,False,False
2026-05-14 08:30:00,OANDA:XAUUSD,4701.115,4703.58,4697.3,4697.635,2473.0,False,True,False,False,False,True
2026-05-14 08:35:00,OANDA:XAUUSD,4697.63,4697.845,4694.45,4695.63,1757.0,False,False,False,False,False,True
2026-05-14 08:40:00,OANDA:XAUUSD,4695.72,4700.96,4693.115,4700.37,1714.0,True,False,False,True,True,False
2026-05-14 08:45:00,OANDA:XAUUSD,4700.355,4705.115,4700.255,4703.8,1586.0,False,False,True,False,True,False
2026-05-14 08:50:00,OANDA:XAUUSD,4703.75,4703.84,4699.57,4700.93,954.0,False,False,False,False,False,False
2026-05-14 08:55:00,OANDA:XAUUSD,4701.16,4706.795,4700.79,4705.065,1016.0,False,False,True,False,True,False
2026-05-14 09:00:00,OANDA:XAUUSD,4705.015,4707.15,4694.64,4698.9,4376.0,False,True,True,False,False,True
2026-05-14 09:05:00,OANDA:XAUUSD,4698.91,4699.085,4686.66,4688.505,5260.0,False,True,False,True,False,True
2026-05-14 09:10:00,OANDA:XAUUSD,4688.51,4692.575,4684.49,4689.25,4894.0,False,False,False,True,False,False
2026-05-14 09:15:00,OANDA:XAUUSD,4689.3,4694.53,4687.56,4689.045,3970.0,False,False,False,False,False,False
2026-05-14 09:20:00,OANDA:XAUUSD,4688.99,4692.945,4688.495,4692.46,2965.0,False,False,False,False,False,False
2026-05-14 09:25:00,OANDA:XAUUSD,4692.56,4695.495,4691.405,4692.79,1238.0,False,False,False,False,False,False
2026-05-14 09:30:00,OANDA:XAUUSD,4692.825,4694.87,4689.68,4692.92,3836.0,False,False,False,False,False,False
2026-05-14 09:35:00,OANDA:XAUUSD,4692.915,4694.7,4687.055,4689.36,2766.0,False,False,False,False,False,True
2026-05-14 09:40:00,OANDA:XAUUSD,4689.215,4690.37,4683.85,4689.075,2928.0,False,False,False,True,False,False
2026-05-14 09:45:00,OANDA:XAUUSD,4689.19,4695.095,4687.22,4694.63,2237.0,False,False,False,False,True,False
2026-05-14 09:50:00,OANDA:XAUUSD,4694.615,4694.73,4683.455,4685.88,1483.0,False,False,False,True,False,True
2026-05-14 09:55:00,OANDA:XAUUSD,4685.865,4689.58,4684.175,4688.95,2392.0,False,False,False,False,False,False
2026-05-14 10:00:00,OANDA:XAUUSD,4689.0,4694.135,4687.3,4693.915,3164.0,False,False,False,False,True,False
2026-05-14 10:05:00,OANDA:XAUUSD,4693.785,4694.01,4688.83,4690.88,2477.0,False,False,False,False,False,False
2026-05-14 10:10:00,OANDA:XAUUSD,4690.885,4691.01,4686.61,4688.69,1003.0,False,False,False,False,False,True
2026-05-14 10:15:00,OANDA:XAUUSD,4688.545,4691.1,4687.15,4689.95,1505.0,False,False,False,False,False,False
2026-05-14 10:20:00,OANDA:XAUUSD,4689.96,4691.8,4689.44,4691.31,1649.0,False,False,False,False,True,False
2026-05-14 10:25:00,OANDA:XAUUSD,4691.315,4694.455,4690.2,4693.635,1684.0,False,False,True,False,True,False
2026-05-14 10:30:00,OANDA:XAUUSD,4693.615,4698.095,4691.175,4698.095,2295.0,True,False,True,False,True,False
2026-05-14 10:35:00,OANDA:XAUUSD,4698.06,4699.775,4695.355,4695.535,1888.0,False,False,True,False,False,False
2026-05-14 10:40:00,OANDA:XAUUSD,4695.565,4696.54,4689.65,4692.165,2165.0,False,True,False,False,False,True
2026-05-14 10:45:00,OANDA:XAUUSD,4692.17,4693.58,4680.97,4682.9,3411.0,False,True,False,True,False,True
2026-05-14 10:50:00,OANDA:XAUUSD,4682.875,4688.265,4680.21,4687.49,3958.0,False,False,False,True,False,False
2026-05-14 10:55:00,OANDA:XAUUSD,4687.515,4688.605,4685.065,4686.48,3166.0,False,False,False,False,False,False
2026-05-14 11:00:00,OANDA:XAUUSD,4686.475,4690.315,4685.5,4687.405,1927.0,False,False,False,False,False,False
2026-05-14 11:05:00,OANDA:XAUUSD,4687.49,4687.845,4682.285,4684.745,2499.0,False,False,False,False,False,True
2026-05-14 11:10:00,OANDA:XAUUSD,4684.76,4686.045,4681.615,4683.255,2426.0,False,False,False,False,False,False
2026-05-14 11:15:00,OANDA:XAUUSD,4683.25,4686.68,4682.955,4683.265,1465.0,False,False,False,False,False,False
2026-05-14 11:20:00,OANDA:XAUUSD,4683.27,4688.87,4681.74,4688.65,3276.0,True,False,False,False,True,False
2026-05-14 11:25:00,OANDA:XAUUSD,4688.735,4693.45,4688.585,4691.35,1661.0,False,False,True,False,True,False
2026-05-14 11:30:00,OANDA:XAUUSD,4691.315,4691.755,4683.28,4685.0,1274.0,False,True,False,False,False,True
2026-05-14 11:35:00,OANDA:XAUUSD,4685.03,4686.69,4679.545,4680.9,1124.0,False,True,False,True,False,True
2026-05-14 11:40:00,OANDA:XAUUSD,4680.905,4681.535,4675.92,4676.32,1886.0,False,True,False,True,False,True
2026-05-14 11:45:00,OANDA:XAUUSD,4676.34,4678.03,4674.705,4677.005,1742.0,False,False,False,True,False,False
2026-05-14 11:50:00,OANDA:XAUUSD,4676.905,4677.72,4674.485,4675.345,1512.0,False,False,False,True,False,False
2026-05-14 11:55:00,OANDA:XAUUSD,4675.385,4677.26,4673.965,4675.285,1433.0,False,False,False,True,False,False
2026-05-14 12:00:00,OANDA:XAUUSD,4675.3,4675.325,4668.71,4672.875,2456.0,False,False,False,True,False,True
2026-05-14 12:05:00,OANDA:XAUUSD,4672.785,4680.25,4672.415,4678.905,1889.0,True,False,False,False,True,False
2026-05-14 12:10:00,OANDA:XAUUSD,4678.64,4682.765,4677.095,4682.235,1367.0,True,False,True,False,True,False
2026-05-14 12:15:00,OANDA:XAUUSD,4682.495,4683.91,4681.96,4683.63,1158.0,True,False,True,False,True,False
2026-05-14 12:20:00,OANDA:XAUUSD,4683.645,4692.435,4683.645,4691.395,1232.0,True,False,True,False,True,False
2026-05-14 12:25:00,OANDA:XAUUSD,4691.38,4707.545,4691.325,4702.315,3865.0,True,False,True,False,True,False
2026-05-14 12:30:00,OANDA:XAUUSD,4702.3,4710.645,4701.315,4708.95,2620.0,False,False,True,False,True,False
2026-05-14 12:35:00,OANDA:XAUUSD,4708.955,4712.685,4706.425,4707.515,2437.0,False,False,True,False,False,False
2026-05-14 12:40:00,OANDA:XAUUSD,4707.51,4707.805,4703.23,4704.8,1481.0,False,False,False,False,False,True
2026-05-14 12:45:00,OANDA:XAUUSD,4704.83,4706.73,4703.02,4704.93,1683.0,False,False,False,False,False,False
2026-05-14 12:50:00,OANDA:XAUUSD,4704.905,4705.945,4703.645,4705.415,1103.0,False,False,False,False,False,False
2026-05-14 12:55:00,OANDA:XAUUSD,4705.41,4706.56,4702.355,4702.355,1986.0,False,True,False,False,False,True
2026-05-14 13:00:00,OANDA:XAUUSD,4702.54,4703.13,4699.965,4700.84,1385.0,False,False,False,True,False,True
2026-05-14 13:05:00,OANDA:XAUUSD,4700.775,4704.235,4700.645,4701.805,1281.0,False,False,False,False,False,False
2026-05-14 13:10:00,OANDA:XAUUSD,4701.815,4703.85,4700.095,4700.13,1286.0,False,True,False,False,False,True
2026-05-14 13:15:00,OANDA:XAUUSD,4700.24,4700.565,4697.51,4697.805,904.0,False,True,False,True,False,True
2026-05-14 13:20:00,OANDA:XAUUSD,4697.8,4698.86,4696.93,4697.325,966.0,False,True,False,True,False,True
2026-05-14 13:25:00,OANDA:XAUUSD,4697.35,4697.395,4693.455,4693.78,1187.0,False,False,False,True,False,True
2026-05-14 13:30:00,OANDA:XAUUSD,4693.675,4701.6,4693.435,4698.85,4291.0,False,False,False,True,True,False
2026-05-14 13:35:00,OANDA:XAUUSD,4698.845,4700.74,4696.87,4700.135,1142.0,False,False,False,False,False,False
2026-05-14 13:40:00,OANDA:XAUUSD,4700.14,4701.08,4696.735,4697.26,1089.0,False,False,False,False,False,False
2026-05-14 13:45:00,OANDA:XAUUSD,4697.285,4703.37,4697.275,4700.365,3903.0,False,False,True,False,False,False
2026-05-14 13:50:00,OANDA:XAUUSD,4700.545,4701.57,4698.23,4698.6,2058.0,False,False,False,False,False,False
2026-05-14 13:55:00,OANDA:XAUUSD,4698.72,4698.72,4689.21,4689.955,2530.0,False,True,False,True,False,True
2026-05-14 14:00:00,OANDA:XAUUSD,4689.94,4693.605,4687.48,4693.14,3152.0,False,False,False,True,False,False
2026-05-14 14:05:00,OANDA:XAUUSD,4693.29,4695.03,4687.75,4690.9,2967.0,False,False,False,False,False,False
2026-05-14 14:10:00,OANDA:XAUUSD,4690.905,4692.1,4686.31,4688.075,2487.0,False,False,False,True,False,False
2026-05-14 14:15:00,OANDA:XAUUSD,4688.075,4689.355,4686.53,4688.58,2030.0,False,False,False,False,False,False
2026-05-14 14:20:00,OANDA:XAUUSD,4688.565,4691.13,4688.14,4690.74,2296.0,True,False,False,False,True,False
2026-05-14 14:25:00,OANDA:XAUUSD,4690.79,4693.13,4690.07,4691.325,2153.0,False,False,False,False,True,False
2026-05-14 14:30:00,OANDA:XAUUSD,4691.33,4695.075,4690.615,4694.265,2178.0,False,False,True,False,True,False
2026-05-14 14:35:00,OANDA:XAUUSD,4694.285,4695.645,4691.38,4694.52,2248.0,False,False,True,False,False,False
2026-05-14 14:40:00,OANDA:XAUUSD,4694.525,4699.75,4691.815,4698.965,2327.0,False,False,True,False,True,False
2026-05-14 14:45:00,OANDA:XAUUSD,4698.825,4702.505,4694.9,4695.755,3553.0,False,False,True,False,False,False
2026-05-14 14:50:00,OANDA:XAUUSD,4695.765,4701.695,4695.665,4700.01,2243.0,False,False,False,False,False,False
2026-05-14 14:55:00,OANDA:XAUUSD,4700.015,4701.59,4698.57,4700.515,2904.0,False,False,False,False,False,False
2026-05-14 15:00:00,OANDA:XAUUSD,4700.43,4702.435,4697.45,4698.98,2958.0,False,False,False,False,False,False
2026-05-14 15:05:00,OANDA:XAUUSD,4698.975,4700.895,4696.2,4699.22,1575.0,False,False,False,False,False,False
2026-05-14 15:10:00,OANDA:XAUUSD,4699.105,4700.41,4694.685,4695.485,2022.0,False,False,False,True,False,True
2026-05-14 15:15:00,OANDA:XAUUSD,4695.33,4699.95,4695.07,4697.585,2664.0,False,False,False,False,False,False
2026-05-14 15:20:00,OANDA:XAUUSD,4697.58,4700.47,4695.15,4699.84,2283.0,False,False,False,False,False,False
2026-05-14 15:25:00,OANDA:XAUUSD,4699.9,4706.79,4699.235,4705.43,2246.0,True,False,True,False,True,False
2026-05-14 15:30:00,OANDA:XAUUSD,4705.42,4710.755,4702.905,4710.23,2985.0,True,False,True,False,True,False
2026-05-14 15:35:00,OANDA:XAUUSD,4710.365,4718.88,4710.15,4712.0,3610.0,False,False,True,False,True,False
2026-05-14 15:40:00,OANDA:XAUUSD,4712.03,4714.675,4709.155,4709.155,2731.0,False,True,False,False,False,True
2026-05-14 15:45:00,OANDA:XAUUSD,4709.16,4709.58,4703.275,4704.325,2149.0,False,True,False,False,False,True
2026-05-14 15:50:00,OANDA:XAUUSD,4704.26,4704.26,4695.185,4700.34,2830.0,False,True,False,True,False,True
2026-05-14 15:55:00,OANDA:XAUUSD,4700.37,4701.175,4690.945,4693.35,3835.0,False,False,False,True,False,True
2026-05-14 16:00:00,OANDA:XAUUSD,4693.365,4701.25,4692.205,4697.57,2399.0,False,False,False,False,False,False
2026-05-14 16:05:00,OANDA:XAUUSD,4697.575,4699.94,4696.355,4697.28,2010.0,False,False,False,False,False,False
2026-05-14 16:10:00,OANDA:XAUUSD,4697.28,4700.73,4695.545,4699.04,2744.0,False,False,False,False,False,False
2026-05-14 16:15:00,OANDA:XAUUSD,4699.07,4701.865,4699.045,4699.69,2344.0,False,False,False,False,False,False
2026-05-14 16:20:00,OANDA:XAUUSD,4699.685,4701.795,4697.895,4701.285,1945.0,False,False,False,False,False,False
2026-05-14 16:25:00,OANDA:XAUUSD,4701.29,4705.12,4700.995,4703.16,2628.0,False,False,True,False,True,False
2026-05-14 16:30:00,OANDA:XAUUSD,4703.17,4705.855,4701.58,4702.545,2124.0,False,False,True,False,False,False
2026-05-14 16:35:00,OANDA:XAUUSD,4702.55,4706.83,4701.91,4702.025,2274.0,False,False,True,False,False,False
2026-05-14 16:40:00,OANDA:XAUUSD,4701.99,4702.82,4695.6,4697.155,1937.0,False,True,False,True,False,True
2026-05-14 16:45:00,OANDA:XAUUSD,4697.17,4697.67,4694.43,4695.245,2466.0,False,False,False,True,False,True
2026-05-14 16:50:00,OANDA:XAUUSD,4695.185,4696.74,4693.545,4694.74,1781.0,False,False,False,True,False,False
2026-05-14 16:55:00,OANDA:XAUUSD,4694.745,4697.04,4693.04,4693.485,1150.0,False,False,False,True,False,True
2026-05-14 17:00:00,OANDA:XAUUSD,4693.55,4694.41,4690.345,4692.72,2019.0,False,False,False,True,False,True
2026-05-14 17:05:00,OANDA:XAUUSD,4692.715,4696.675,4691.025,4696.425,1316.0,False,False,False,False,True,False
2026-05-14 17:10:00,OANDA:XAUUSD,4696.445,4698.13,4693.24,4694.58,2048.0,False,False,True,False,False,False
2026-05-14 17:15:00,OANDA:XAUUSD,4694.575,4696.78,4694.08,4695.62,630.0,False,False,False,False,False,False
2026-05-14 17:20:00,OANDA:XAUUSD,4695.68,4696.72,4693.26,4693.5,856.0,False,False,False,False,False,True
2026-05-14 17:25:00,OANDA:XAUUSD,4693.51,4694.455,4690.64,4690.7,1887.0,False,False,False,False,False,True
2026-05-14 17:30:00,OANDA:XAUUSD,4690.685,4695.13,4689.275,4695.1,2029.0,False,False,False,True,True,False
2026-05-14 17:35:00,OANDA:XAUUSD,4695.095,4695.095,4688.645,4692.6,2932.0,False,False,False,True,False,False
2026-05-14 17:40:00,OANDA:XAUUSD,4692.755,4697.5,4692.095,4695.5,1922.0,True,False,True,False,True,False
2026-05-14 17:45:00,OANDA:XAUUSD,4695.525,4700.82,4695.525,4700.54,1780.0,True,False,True,False,True,False
2026-05-14 17:50:00,OANDA:XAUUSD,4700.475,4702.755,4698.41,4699.31,1998.0,False,False,True,False,False,False
2026-05-14 17:55:00,OANDA:XAUUSD,4699.29,4701.64,4698.56,4699.73,1755.0,False,False,False,False,False,False
2026-05-14 18:00:00,OANDA:XAUUSD,4699.74,4700.2,4698.57,4699.53,1155.0,False,False,False,False,False,False
2026-05-14 18:05:00,OANDA:XAUUSD,4699.535,4700.81,4698.23,4698.555,1059.0,False,False,False,False,False,True
2026-05-14 18:10:00,OANDA:XAUUSD,4698.57,4705.63,4696.21,4697.51,3674.0,False,False,True,False,False,True
2026-05-14 18:15:00,OANDA:XAUUSD,4697.515,4698.435,4695.355,4696.825,2546.0,False,False,False,True,False,False
2026-05-14 18:20:00,OANDA:XAUUSD,4696.84,4697.825,4694.07,4694.695,2025.0,False,False,False,True,False,True
2026-05-14 18:25:00,OANDA:XAUUSD,4694.66,4698.59,4694.495,4697.47,2527.0,False,False,False,False,False,False
2026-05-14 18:30:00,OANDA:XAUUSD,4697.49,4698.03,4695.44,4696.975,1696.0,False,False,False,False,False,False
2026-05-14 18:35:00,OANDA:XAUUSD,4696.955,4697.725,4694.735,4696.31,1284.0,False,False,False,False,False,False
2026-05-14 18:40:00,OANDA:XAUUSD,4696.315,4696.315,4692.27,4693.58,1510.0,False,False,False,True,False,True
2026-05-14 18:45:00,OANDA:XAUUSD,4693.65,4695.065,4692.065,4692.95,1716.0,False,False,False,True,False,False
2026-05-14 18:50:00,OANDA:XAUUSD,4692.945,4697.77,4691.27,4696.72,2491.0,True,False,False,True,True,False
2026-05-14 18:55:00,OANDA:XAUUSD,4696.74,4697.64,4695.405,4697.09,2652.0,False,False,False,False,False,False
2026-05-14 19:00:00,OANDA:XAUUSD,4697.16,4698.935,4694.9,4695.115,3073.0,False,False,True,False,False,True
2026-05-14 19:05:00,OANDA:XAUUSD,4695.065,4698.935,4692.9,4697.42,1603.0,False,False,False,False,False,False
2026-05-14 19:10:00,OANDA:XAUUSD,4697.48,4697.925,4696.23,4697.505,955.0,False,False,False,False,False,False
2026-05-14 19:15:00,OANDA:XAUUSD,4697.54,4697.81,4694.85,4695.31,1094.0,False,False,False,False,False,True
2026-05-14 19:20:00,OANDA:XAUUSD,4695.16,4696.96,4693.42,4693.795,888.0,False,True,False,False,False,True
2026-05-14 19:25:00,OANDA:XAUUSD,4693.775,4694.2,4689.51,4691.995,2388.0,False,False,False,True,False,True
2026-05-14 19:30:00,OANDA:XAUUSD,4692.0,4695.1,4690.915,4693.95,1671.0,False,False,False,False,False,False
2026-05-14 19:35:00,OANDA:XAUUSD,4693.94,4696.065,4693.14,4695.81,933.0,True,False,False,False,True,False
2026-05-14 19:40:00,OANDA:XAUUSD,4695.78,4697.475,4695.15,4695.54,1601.0,False,False,False,False,False,False
2026-05-14 19:45:00,OANDA:XAUUSD,4695.55,4700.57,4695.06,4698.135,1849.0,True,False,True,False,True,False
2026-05-14 19:50:00,OANDA:XAUUSD,4698.145,4704.65,4697.905,4704.255,2356.0,False,False,True,False,True,False
2026-05-14 19:55:00,OANDA:XAUUSD,4704.28,4704.895,4694.175,4694.205,3436.0,False,False,True,False,False,True
2026-05-14 20:00:00,OANDA:XAUUSD,4694.175,4698.01,4692.42,4696.27,3587.0,False,False,False,True,False,False
2026-05-14 20:05:00,OANDA:XAUUSD,4696.22,4698.955,4693.97,4697.205,2100.0,False,False,False,False,False,False
2026-05-14 20:10:00,OANDA:XAUUSD,4697.28,4703.925,4696.9,4703.925,2509.0,False,False,False,False,True,False
2026-05-14 20:15:00,OANDA:XAUUSD,4703.895,4703.955,4698.855,4701.745,2259.0,False,False,False,False,False,False
2026-05-14 20:20:00,OANDA:XAUUSD,4701.755,4707.63,4701.615,4705.59,3005.0,False,False,True,False,True,False
2026-05-14 20:25:00,OANDA:XAUUSD,4705.585,4706.06,4702.29,4702.29,2136.0,False,False,False,False,False,False
2026-05-14 20:30:00,OANDA:XAUUSD,4702.35,4708.18,4700.875,4705.76,3527.0,False,False,True,False,False,False
2026-05-14 20:35:00,OANDA:XAUUSD,4705.775,4710.165,4703.595,4706.705,4111.0,False,False,True,False,False,False
2026-05-14 20:40:00,OANDA:XAUUSD,4706.72,4707.55,4698.09,4698.125,2193.0,False,True,False,True,False,True
2026-05-14 20:45:00,OANDA:XAUUSD,4698.13,4703.365,4696.015,4703.22,2496.0,False,False,False,True,False,False
2026-05-14 20:50:00,OANDA:XAUUSD,4703.225,4705.23,4701.835,4703.62,2191.0,False,False,False,False,True,False
2026-05-14 20:55:00,OANDA:XAUUSD,4703.575,4706.375,4702.955,4704.95,2464.0,False,False,False,False,False,False
2026-05-14 21:00:00,OANDA:XAUUSD,4704.945,4707.935,4696.275,4697.49,5162.0,False,False,False,False,False,True
2026-05-14 21:05:00,OANDA:XAUUSD,4697.485,4703.41,4696.68,4701.42,3323.0,False,False,False,False,False,False
2026-05-14 21:10:00,OANDA:XAUUSD,4701.38,4704.88,4700.95,4704.46,3124.0,False,False,False,False,True,False
2026-05-14 21:15:00,OANDA:XAUUSD,4704.485,4704.555,4691.77,4693.58,3965.0,False,True,False,True,False,True
2026-05-14 21:20:00,OANDA:XAUUSD,4693.585,4695.355,4689.99,4694.97,4505.0,False,False,False,True,False,False
2026-05-14 21:25:00,OANDA:XAUUSD,4694.955,4697.215,4688.235,4688.36,3562.0,False,True,False,True,False,True
2026-05-14 21:30:00,OANDA:XAUUSD,4688.445,4689.705,4681.995,4684.53,7222.0,False,True,False,True,False,True
2026-05-14 21:35:00,OANDA:XAUUSD,4684.545,4687.51,4680.7,4682.78,6593.0,False,False,False,True,False,False
2026-05-14 21:40:00,OANDA:XAUUSD,4682.8,4683.345,4666.78,4677.08,9526.0,False,False,False,True,False,True
2026-05-14 21:45:00,OANDA:XAUUSD,4677.09,4690.71,4675.995,4689.52,8863.0,False,False,False,False,True,False
2026-05-14 21:50:00,OANDA:XAUUSD,4689.555,4691.13,4680.565,4685.14,6553.0,False,False,False,False,False,False
2026-05-14 21:55:00,OANDA:XAUUSD,4685.15,4686.855,4679.065,4679.775,5831.0,False,False,False,False,False,True
2026-05-14 22:00:00,OANDA:XAUUSD,4679.835,4689.345,4677.815,4685.9,6630.0,False,False,False,False,False,False
2026-05-14 22:05:00,OANDA:XAUUSD,4685.905,4686.96,4680.935,4685.595,5745.0,False,False,False,False,False,False
2026-05-14 22:10:00,OANDA:XAUUSD,4685.6,4690.31,4685.23,4687.745,4934.0,False,False,False,False,True,False
2026-05-14 22:15:00,OANDA:XAUUSD,4687.755,4695.17,4686.955,4694.835,4473.0,True,False,True,False,True,False
2026-05-14 22:20:00,OANDA:XAUUSD,4694.865,4700.98,4693.75,4694.955,4772.0,False,False,True,False,False,False
2026-05-14 22:25:00,OANDA:XAUUSD,4694.945,4695.125,4688.46,4691.515,5471.0,False,True,False,False,False,True
2026-05-14 22:30:00,OANDA:XAUUSD,4691.555,4692.205,4686.985,4688.295,3398.0,False,False,False,False,False,True
2026-05-14 22:35:00,OANDA:XAUUSD,4688.36,4690.715,4686.09,4690.035,3329.0,False,False,False,False,False,False
2026-05-14 22:40:00,OANDA:XAUUSD,4690.065,4692.45,4686.225,4687.045,3139.0,False,False,False,False,False,False
2026-05-14 22:45:00,OANDA:XAUUSD,4687.055,4689.35,4685.035,4687.225,4110.0,False,False,False,True,False,False
2026-05-14 22:50:00,OANDA:XAUUSD,4687.2,4690.41,4682.78,4685.3,3593.0,False,False,False,True,False,False
2026-05-14 22:55:00,OANDA:XAUUSD,4685.355,4688.455,4679.26,4679.53,5100.0,False,True,False,True,False,True
2026-05-14 23:00:00,OANDA:XAUUSD,4679.62,4682.64,4677.195,4678.635,4156.0,False,False,False,True,False,True
2026-05-14 23:05:00,OANDA:XAUUSD,4678.585,4683.835,4678.26,4683.815,2648.0,False,False,False,False,True,False
2026-05-14 23:10:00,OANDA:XAUUSD,4683.82,4686.875,4682.26,4685.06,2904.0,True,False,False,False,True,False
2026-05-14 23:15:00,OANDA:XAUUSD,4685.065,4688.88,4684.54,4687.605,3176.0,False,False,False,False,True,False
2026-05-14 23:20:00,OANDA:XAUUSD,4687.615,4687.83,4684.205,4686.035,2737.0,False,False,False,False,False,False
2026-05-14 23:25:00,OANDA:XAUUSD,4686.03,4689.625,4685.625,4685.91,2841.0,False,False,True,False,False,False
2026-05-14 23:30:00,OANDA:XAUUSD,4685.895,4688.905,4684.73,4688.83,2777.0,False,False,False,False,False,False
2026-05-14 23:35:00,OANDA:XAUUSD,4688.84,4689.165,4685.275,4686.535,2928.0,False,False,False,False,False,False
2026-05-14 23:40:00,OANDA:XAUUSD,4686.52,4687.225,4681.195,4682.6,2907.0,False,True,False,True,False,True
2026-05-14 23:45:00,OANDA:XAUUSD,4682.61,4683.525,4681.05,4683.42,2492.0,False,False,False,True,False,False
2026-05-14 23:50:00,OANDA:XAUUSD,4683.45,4685.19,4681.31,4684.62,2693.0,False,False,False,False,True,False
2026-05-14 23:55:00,OANDA:XAUUSD,4684.61,4686.86,4683.5,4685.765,2263.0,False,False,False,False,True,False
2026-05-15 00:00:00,OANDA:XAUUSD,4685.815,4687.055,4678.27,4679.105,3115.0,False,True,False,True,False,True
2026-05-15 00:05:00,OANDA:XAUUSD,4678.93,4679.47,4674.62,4677.185,3808.0,False,False,False,True,False,True
2026-05-15 00:10:00,OANDA:XAUUSD,4677.19,4679.61,4674.205,4678.685,2580.0,False,False,False,True,False,False
2026-05-15 00:15:00,OANDA:XAUUSD,4678.63,4681.44,4678.615,4680.155,2211.0,False,False,False,False,True,False
2026-05-15 00:20:00,OANDA:XAUUSD,4680.165,4680.785,4677.19,4677.72,2624.0,False,True,False,False,False,True
2026-05-15 00:25:00,OANDA:XAUUSD,4677.725,4678.18,4675.43,4677.395,2682.0,False,False,False,False,False,False
2026-05-15 00:30:00,OANDA:XAUUSD,4677.41,4678.435,4673.82,4674.43,2592.0,False,True,False,True,False,True
2026-05-15 00:35:00,OANDA:XAUUSD,4674.45,4675.075,4670.51,4673.065,2884.0,False,False,False,True,False,True
2026-05-15 00:40:00,OANDA:XAUUSD,4673.04,4675.895,4672.725,4675.405,2770.0,False,False,False,False,True,False
2026-05-15 00:45:00,OANDA:XAUUSD,4675.495,4677.0,4672.735,4676.55,1814.0,False,False,False,False,True,False
2026-05-15 00:50:00,OANDA:XAUUSD,4676.5,4678.895,4675.485,4677.64,1189.0,False,False,True,False,True,False
2026-05-15 00:55:00,OANDA:XAUUSD,4677.63,4679.165,4675.35,4678.66,1647.0,False,False,True,False,False,False
2026-05-15 01:00:00,OANDA:XAUUSD,4678.675,4682.505,4678.675,4681.095,2272.0,True,False,True,False,True,False
2026-05-15 01:05:00,OANDA:XAUUSD,4681.12,4682.57,4680.005,4680.1,2521.0,False,False,True,False,False,False
2026-05-15 01:10:00,OANDA:XAUUSD,4680.13,4681.185,4678.51,4678.945,2853.0,False,False,False,False,False,True
2026-05-15 01:15:00,OANDA:XAUUSD,4678.925,4680.995,4678.215,4680.125,2224.0,False,False,False,False,False,False
2026-05-15 01:20:00,OANDA:XAUUSD,4680.08,4683.115,4679.48,4680.935,2248.0,False,False,True,False,False,False
2026-05-15 01:25:00,OANDA:XAUUSD,4680.87,4682.43,4676.945,4677.35,2882.0,False,True,False,True,False,True
2026-05-15 01:30:00,OANDA:XAUUSD,4677.345,4679.245,4676.49,4679.08,3194.0,False,False,False,True,False,False
2026-05-15 01:35:00,OANDA:XAUUSD,4679.075,4679.985,4678.465,4678.99,2573.0,False,False,False,False,False,False
2026-05-15 01:40:00,OANDA:XAUUSD,4678.985,4681.645,4678.915,4681.52,1927.0,False,False,False,False,True,False
2026-05-15 01:45:00,OANDA:XAUUSD,4681.525,4681.785,4679.835,4680.89,1345.0,False,False,False,False,False,False
2026-05-15 01:50:00,OANDA:XAUUSD,4680.895,4681.32,4678.025,4678.09,1548.0,False,True,False,False,False,True
2026-05-15 01:55:00,OANDA:XAUUSD,4678.08,4679.51,4677.74,4678.33,1792.0,False,False,False,False,False,False
2026-05-15 02:00:00,OANDA:XAUUSD,4678.34,4678.41,4668.935,4670.37,3891.0,False,True,False,True,False,True
2026-05-15 02:05:00,OANDA:XAUUSD,4670.375,4674.43,4669.18,4672.245,3065.0,False,False,False,False,False,False
2026-05-15 02:10:00,OANDA:XAUUSD,4672.295,4674.75,4671.83,4674.68,1984.0,False,False,False,False,True,False
2026-05-15 02:15:00,OANDA:XAUUSD,4674.66,4676.275,4673.965,4675.875,2101.0,False,False,False,False,True,False
2026-05-15 02:20:00,OANDA:XAUUSD,4675.895,4676.64,4674.21,4674.8,2159.0,False,False,False,False,False,False
2026-05-15 02:25:00,OANDA:XAUUSD,4674.845,4676.005,4673.11,4673.725,2049.0,False,False,False,False,False,True
2026-05-15 02:30:00,OANDA:XAUUSD,4673.72,4675.075,4672.715,4673.05,1650.0,False,False,False,False,False,True
2026-05-15 02:35:00,OANDA:XAUUSD,4673.23,4673.66,4670.395,4670.415,1710.0,False,True,False,True,False,True
2026-05-15 02:40:00,OANDA:XAUUSD,4670.425,4671.93,4668.525,4668.725,1483.0,False,True,False,True,False,True
2026-05-15 02:45:00,OANDA:XAUUSD,4668.76,4670.035,4667.165,4669.66,1306.0,False,False,False,True,False,False
2026-05-15 02:50:00,OANDA:XAUUSD,4669.72,4670.425,4668.31,4668.31,944.0,False,False,False,False,False,False
2026-05-15 02:55:00,OANDA:XAUUSD,4668.35,4672.005,4668.215,4671.8,1277.0,False,False,False,False,True,False
2026-05-15 03:00:00,OANDA:XAUUSD,4671.89,4672.02,4668.505,4669.055,1545.0,False,False,False,False,False,False
2026-05-15 03:05:00,OANDA:XAUUSD,4669.06,4669.345,4667.06,4669.16,1062.0,False,False,False,True,False,False
2026-05-15 03:10:00,OANDA:XAUUSD,4669.145,4669.325,4667.05,4667.55,1175.0,False,False,False,True,False,False
2026-05-15 03:15:00,OANDA:XAUUSD,4667.57,4668.155,4666.685,4667.43,987.0,False,False,False,True,False,False
2026-05-15 03:20:00,OANDA:XAUUSD,4667.425,4669.29,4667.245,4668.01,1658.0,False,False,False,False,False,False
2026-05-15 03:25:00,OANDA:XAUUSD,4668.005,4669.155,4663.37,4663.515,1187.0,False,True,False,True,False,True
2026-05-15 03:30:00,OANDA:XAUUSD,4663.52,4665.52,4661.47,4664.645,2140.0,False,False,False,True,False,False
2026-05-15 03:35:00,OANDA:XAUUSD,4664.705,4664.705,4659.19,4659.3,2397.0,False,True,False,True,False,True
2026-05-15 03:40:00,OANDA:XAUUSD,4659.29,4660.65,4655.605,4656.55,3582.0,False,True,False,True,False,True
2026-05-15 03:45:00,OANDA:XAUUSD,4656.565,4657.81,4653.26,4657.39,2679.0,False,False,False,True,False,False
2026-05-15 03:50:00,OANDA:XAUUSD,4657.37,4659.125,4656.21,4658.32,2897.0,False,False,False,False,True,False
2026-05-15 03:55:00,OANDA:XAUUSD,4658.47,4658.47,4653.475,4654.37,3447.0,False,False,False,False,False,True
2026-05-15 04:00:00,OANDA:XAUUSD,4654.385,4657.18,4649.725,4650.02,1656.0,False,True,False,True,False,True
2026-05-15 04:05:00,OANDA:XAUUSD,4649.985,4652.075,4649.365,4652.0,1255.0,False,False,False,True,False,False
2026-05-15 04:10:00,OANDA:XAUUSD,4651.965,4652.53,4649.59,4649.77,1490.0,False,False,False,False,False,False
2026-05-15 04:15:00,OANDA:XAUUSD,4649.78,4650.975,4648.565,4649.325,1199.0,False,False,False,True,False,True
2026-05-15 04:20:00,OANDA:XAUUSD,4649.38,4650.655,4648.455,4648.83,856.0,False,False,False,True,False,False
2026-05-15 04:25:00,OANDA:XAUUSD,4648.805,4648.815,4646.885,4648.17,1120.0,False,False,False,True,False,True
2026-05-15 04:30:00,OANDA:XAUUSD,4648.185,4648.635,4647.265,4647.755,884.0,False,False,False,False,False,False
2026-05-15 04:35:00,OANDA:XAUUSD,4647.76,4648.445,4644.31,4646.165,1458.0,False,False,False,True,False,True
2026-05-15 04:40:00,OANDA:XAUUSD,4646.14,4653.015,4645.505,4650.78,1541.0,True,False,True,False,True,False
2026-05-15 04:45:00,OANDA:XAUUSD,4650.805,4652.27,4650.26,4650.445,1079.0,False,False,False,False,False,False
2026-05-15 04:50:00,OANDA:XAUUSD,4650.425,4651.405,4649.335,4651.395,1056.0,False,False,False,False,False,False
2026-05-15 04:55:00,OANDA:XAUUSD,4651.39,4652.595,4651.045,4652.27,909.0,True,False,False,False,True,False
2026-05-15 06:00:00,OANDA:XAUUSD,4654.08,4654.155,4653.17,4653.565,58.0,False,False,True,False,True,False
2026-05-15 06:05:00,OANDA:XAUUSD,4653.575,4658.09,4652.145,4655.99,2635.0,True,False,True,False,True,False
2026-05-15 06:10:00,OANDA:XAUUSD,4655.72,4658.5,4654.465,4655.76,1490.0,False,False,True,False,False,False
2026-05-15 06:15:00,OANDA:XAUUSD,4655.745,4659.575,4655.725,4659.465,1997.0,False,False,True,False,True,False
2026-05-15 06:20:00,OANDA:XAUUSD,4659.48,4659.5,4657.565,4658.045,887.0,False,False,False,False,False,False
2026-05-15 06:25:00,OANDA:XAUUSD,4658.01,4659.57,4657.41,4658.84,971.0,False,False,False,False,False,False
2026-05-15 06:30:00,OANDA:XAUUSD,4658.82,4662.58,4658.76,4660.76,1203.0,False,False,True,False,True,False
2026-05-15 06:35:00,OANDA:XAUUSD,4660.805,4661.815,4659.07,4660.92,632.0,False,False,False,False,False,False
2026-05-15 06:40:00,OANDA:XAUUSD,4660.885,4662.67,4660.14,4661.865,601.0,False,False,True,False,True,False
2026-05-15 06:45:00,OANDA:XAUUSD,4661.965,4662.29,4661.04,4661.325,383.0,False,False,False,False,False,False
2026-05-15 06:50:00,OANDA:XAUUSD,4661.14,4662.745,4660.205,4662.61,734.0,False,False,True,False,True,False
2026-05-15 06:55:00,OANDA:XAUUSD,4662.59,4662.77,4662.135,4662.515,567.0,False,False,True,False,False,False
2026-05-15 07:00:00,OANDA:XAUUSD,4662.5,4663.325,4660.805,4663.13,961.0,False,False,True,False,True,False
2026-05-15 07:05:00,OANDA:XAUUSD,4663.13,4663.46,4661.165,4661.165,605.0,False,False,True,False,False,False
2026-05-15 07:10:00,OANDA:XAUUSD,4661.185,4662.97,4658.735,4659.045,1393.0,False,True,False,True,False,True
2026-05-15 07:15:00,OANDA:XAUUSD,4659.05,4660.565,4656.225,4658.935,1474.0,False,False,False,True,False,False
2026-05-15 07:20:00,OANDA:XAUUSD,4658.94,4659.405,4655.775,4658.2,820.0,False,False,False,True,False,False
2026-05-15 07:25:00,OANDA:XAUUSD,4658.215,4664.47,4658.1,4664.16,1451.0,False,False,True,False,True,False
2026-05-15 07:30:00,OANDA:XAUUSD,4664.095,4665.445,4650.2,4651.21,2672.0,False,True,True,True,False,True
2026-05-15 07:35:00,OANDA:XAUUSD,4651.145,4653.4,4646.85,4652.895,2204.0,False,False,False,True,False,False
2026-05-15 07:40:00,OANDA:XAUUSD,4652.885,4657.64,4652.32,4657.455,1175.0,False,False,False,False,True,False
2026-05-15 07:45:00,OANDA:XAUUSD,4657.495,4657.63,4652.545,4654.62,1785.0,False,False,False,False,False,False
2026-05-15 07:50:00,OANDA:XAUUSD,4654.58,4655.43,4651.375,4652.32,1582.0,False,True,False,False,False,True
2026-05-15 07:55:00,OANDA:XAUUSD,4652.305,4652.305,4648.21,4652.15,2076.0,False,False,False,False,False,False
2026-05-15 08:00:00,OANDA:XAUUSD,4652.22,4653.785,4642.43,4649.57,3827.0,False,False,False,True,False,False
2026-05-15 08:05:00,OANDA:XAUUSD,4649.575,4652.19,4646.64,4650.855,2287.0,False,False,False,False,False,False
2026-05-15 08:10:00,OANDA:XAUUSD,4650.935,4651.2,4645.04,4650.69,2211.0,False,False,False,False,False,False
2026-05-15 08:15:00,OANDA:XAUUSD,4650.715,4658.225,4648.965,4654.21,4634.0,False,False,True,False,True,False
2026-05-15 08:20:00,OANDA:XAUUSD,4654.185,4654.73,4644.735,4644.84,2106.0,False,True,False,False,False,True
2026-05-15 08:25:00,OANDA:XAUUSD,4644.82,4644.88,4629.36,4630.25,5021.0,False,True,False,True,False,True
2026-05-15 08:30:00,OANDA:XAUUSD,4630.315,4630.735,4622.53,4624.25,4411.0,False,True,False,True,False,True
2026-05-15 08:35:00,OANDA:XAUUSD,4624.22,4624.9,4618.66,4621.9,2962.0,False,True,False,True,False,True
2026-05-15 08:40:00,OANDA:XAUUSD,4621.83,4622.31,4613.745,4619.58,4971.0,False,False,False,True,False,False
2026-05-15 08:45:00,OANDA:XAUUSD,4619.535,4628.005,4619.13,4628.005,3706.0,False,False,False,False,True,False
2026-05-15 08:50:00,OANDA:XAUUSD,4628.02,4628.02,4617.625,4620.38,3543.0,False,False,False,False,False,False
2026-05-15 08:55:00,OANDA:XAUUSD,4620.42,4630.56,4617.665,4630.465,4107.0,False,False,False,False,True,False
2026-05-15 09:00:00,OANDA:XAUUSD,4630.475,4631.69,4619.19,4622.755,8752.0,False,False,True,False,False,False
2026-05-15 09:05:00,OANDA:XAUUSD,4622.19,4624.44,4609.585,4609.93,7198.0,False,True,False,True,False,True
2026-05-15 09:10:00,OANDA:XAUUSD,4609.94,4615.675,4607.76,4614.655,5977.0,False,False,False,True,False,False
2026-05-15 09:15:00,OANDA:XAUUSD,4614.485,4620.9,4608.855,4619.84,5771.0,True,False,False,False,True,False
2026-05-15 09:20:00,OANDA:XAUUSD,4619.845,4626.02,4616.62,4620.725,6098.0,False,False,False,False,False,False
2026-05-15 09:25:00,OANDA:XAUUSD,4620.695,4621.765,4608.42,4609.06,6869.0,False,False,False,False,False,True
2026-05-15 09:30:00,OANDA:XAUUSD,4609.075,4617.06,4607.76,4616.645,6769.0,False,False,False,False,False,False
2026-05-15 09:35:00,OANDA:XAUUSD,4616.69,4621.34,4613.85,4617.545,5342.0,True,False,False,False,True,False
2026-05-15 09:40:00,OANDA:XAUUSD,4617.7,4623.25,4617.35,4623.25,4799.0,False,False,False,False,True,False
2026-05-15 09:45:00,OANDA:XAUUSD,4623.245,4624.675,4614.525,4616.61,4300.0,False,False,False,False,False,True
2026-05-15 09:50:00,OANDA:XAUUSD,4616.615,4618.135,4607.51,4610.52,5346.0,False,False,False,True,False,True
2026-05-15 09:55:00,OANDA:XAUUSD,4610.535,4616.595,4610.155,4614.23,5399.0,False,False,False,False,False,False
2026-05-15 10:00:00,OANDA:XAUUSD,4614.265,4615.595,4610.06,4614.25,5351.0,False,False,False,False,False,False
2026-05-15 10:05:00,OANDA:XAUUSD,4614.245,4618.57,4612.755,4618.27,4447.0,False,False,False,False,True,False
2026-05-15 10:10:00,OANDA:XAUUSD,4618.37,4619.16,4612.97,4613.215,3483.0,False,False,False,False,False,False
2026-05-15 10:15:00,OANDA:XAUUSD,4613.18,4616.305,4609.45,4613.93,3176.0,False,False,False,False,False,False
2026-05-15 10:20:00,OANDA:XAUUSD,4614.075,4616.685,4612.28,4614.26,2162.0,False,False,False,False,False,False
2026-05-15 10:25:00,OANDA:XAUUSD,4614.235,4615.135,4611.56,4612.785,2221.0,False,False,False,False,False,False
2026-05-15 10:30:00,OANDA:XAUUSD,4612.755,4614.985,4609.885,4612.83,3494.0,False,False,False,False,False,False
2026-05-15 10:35:00,OANDA:XAUUSD,4612.815,4616.745,4612.24,4613.17,3839.0,False,False,False,False,False,False
2026-05-15 10:40:00,OANDA:XAUUSD,4613.195,4617.98,4610.995,4617.975,2424.0,False,False,True,False,True,False
2026-05-15 10:45:00,OANDA:XAUUSD,4617.97,4618.965,4611.73,4614.89,1872.0,False,False,True,False,False,False
2026-05-15 10:50:00,OANDA:XAUUSD,4614.865,4621.51,4612.34,4620.91,2943.0,False,False,True,False,True,False
2026-05-15 10:55:00,OANDA:XAUUSD,4620.94,4623.42,4617.38,4617.945,2943.0,False,False,True,False,False,False
2026-05-15 11:00:00,OANDA:XAUUSD,4617.885,4620.73,4614.845,4619.495,2950.0,False,False,False,False,False,False
2026-05-15 11:05:00,OANDA:XAUUSD,4619.485,4622.33,4616.81,4617.665,2338.0,False,False,False,False,False,False
2026-05-15 11:10:00,OANDA:XAUUSD,4617.825,4620.165,4616.62,4617.465,1938.0,False,False,False,False,False,False
2026-05-15 11:15:00,OANDA:XAUUSD,4617.45,4618.665,4614.52,4615.035,2206.0,False,True,False,False,False,True
2026-05-15 11:20:00,OANDA:XAUUSD,4614.925,4615.29,4610.175,4614.49,2453.0,False,False,False,True,False,True
2026-05-15 11:25:00,OANDA:XAUUSD,4614.485,4614.975,4612.13,4612.94,2248.0,False,False,False,False,False,False
2026-05-15 11:30:00,OANDA:XAUUSD,4612.76,4614.11,4607.68,4609.325,2349.0,False,False,False,True,False,True
2026-05-15 11:35:00,OANDA:XAUUSD,4609.32,4615.96,4608.92,4614.93,2261.0,False,False,False,False,True,False
2026-05-15 11:40:00,OANDA:XAUUSD,4614.91,4617.6,4613.235,4613.435,1817.0,False,False,False,False,False,False
2026-05-15 11:45:00,OANDA:XAUUSD,4613.48,4616.09,4612.945,4616.025,1144.0,False,False,False,False,False,False
2026-05-15 11:50:00,OANDA:XAUUSD,4616.02,4617.34,4612.81,4613.185,1080.0,False,False,False,False,False,False
2026-05-15 11:55:00,OANDA:XAUUSD,4613.195,4616.845,4610.68,4615.605,1904.0,False,False,False,False,False,False
2026-05-15 12:00:00,OANDA:XAUUSD,4615.61,4616.785,4613.235,4614.62,1443.0,False,False,False,False,False,False
2026-05-15 12:05:00,OANDA:XAUUSD,4614.625,4621.91,4614.625,4621.755,1755.0,True,False,True,False,True,False
2026-05-15 12:10:00,OANDA:XAUUSD,4621.75,4621.79,4618.61,4620.315,1035.0,False,False,False,False,False,False
2026-05-15 12:15:00,OANDA:XAUUSD,4620.32,4620.89,4614.245,4614.33,1311.0,False,True,False,False,False,True
2026-05-15 12:20:00,OANDA:XAUUSD,4614.335,4614.37,4607.55,4611.025,2084.0,False,True,False,True,False,True
2026-05-15 12:25:00,OANDA:XAUUSD,4611.02,4613.155,4609.67,4610.865,1910.0,False,False,False,False,False,False
2026-05-15 12:30:00,OANDA:XAUUSD,4610.915,4614.96,4610.69,4614.185,1806.0,False,False,False,False,True,False
2026-05-15 12:35:00,OANDA:XAUUSD,4614.195,4615.055,4610.605,4611.33,2156.0,False,False,False,False,False,False
2026-05-15 12:40:00,OANDA:XAUUSD,4611.32,4613.46,4604.45,4605.81,2090.0,False,True,False,True,False,True
2026-05-15 12:45:00,OANDA:XAUUSD,4605.98,4610.125,4605.165,4609.915,1838.0,False,False,False,False,False,False
2026-05-15 12:50:00,OANDA:XAUUSD,4609.91,4612.825,4608.29,4608.295,2039.0,False,False,False,False,False,False
2026-05-15 12:55:00,OANDA:XAUUSD,4608.3,4608.435,4604.875,4606.19,1955.0,False,True,False,False,False,True
2026-05-15 13:00:00,OANDA:XAUUSD,4606.3,4606.58,4599.36,4600.255,2860.0,False,True,False,True,False,True
2026-05-15 13:05:00,OANDA:XAUUSD,4600.345,4601.59,4592.85,4593.36,3029.0,False,True,False,True,False,True
2026-05-15 13:10:00,OANDA:XAUUSD,4593.185,4593.835,4588.72,4592.34,3078.0,False,False,False,True,False,True
2026-05-15 13:15:00,OANDA:XAUUSD,4592.36,4595.6,4581.595,4583.1,3616.0,False,False,False,True,False,True
2026-05-15 13:20:00,OANDA:XAUUSD,4583.15,4589.52,4581.02,4585.17,3393.0,False,False,False,True,False,False
2026-05-15 13:25:00,OANDA:XAUUSD,4585.15,4590.475,4583.635,4589.165,2738.0,False,False,False,False,False,False
2026-05-15 13:30:00,OANDA:XAUUSD,4589.115,4590.315,4567.375,4569.5,7881.0,False,True,False,True,False,True
2026-05-15 13:35:00,OANDA:XAUUSD,4569.505,4572.165,4563.9,4569.455,6912.0,False,False,False,True,False,False
2026-05-15 13:40:00,OANDA:XAUUSD,4569.525,4576.025,4566.075,4569.06,6474.0,False,False,False,False,False,False
2026-05-15 13:45:00,OANDA:XAUUSD,4569.025,4570.93,4562.66,4563.72,6829.0,False,False,False,True,False,True
2026-05-15 13:50:00,OANDA:XAUUSD,4563.81,4573.51,4563.81,4569.26,5705.0,False,False,False,False,False,False
2026-05-15 13:55:00,OANDA:XAUUSD,4569.24,4571.07,4556.71,4559.04,4922.0,False,False,False,True,False,True
2026-05-15 14:00:00,OANDA:XAUUSD,4559.02,4565.41,4556.52,4563.88,7103.0,False,False,False,True,False,False
2026-05-15 14:05:00,OANDA:XAUUSD,4563.89,4570.6,4561.835,4566.77,6316.0,False,False,False,False,True,False
2026-05-15 14:10:00,OANDA:XAUUSD,4566.765,4573.49,4564.49,4571.045,5651.0,False,False,False,False,True,False
2026-05-15 14:15:00,OANDA:XAUUSD,4571.03,4578.35,4570.345,4575.465,5415.0,False,False,True,False,True,False
2026-05-15 14:20:00,OANDA:XAUUSD,4575.435,4578.55,4573.165,4575.445,5444.0,False,False,True,False,False,False
2026-05-15 14:25:00,OANDA:XAUUSD,4575.44,4578.21,4572.6,4575.15,4308.0,False,False,False,False,False,False
2026-05-15 14:30:00,OANDA:XAUUSD,4575.18,4580.645,4574.485,4575.235,4760.0,False,False,True,False,False,False
2026-05-15 14:35:00,OANDA:XAUUSD,4575.225,4576.245,4570.845,4572.37,4248.0,False,True,False,False,False,True
2026-05-15 14:40:00,OANDA:XAUUSD,4572.395,4573.495,4567.035,4567.78,3538.0,False,False,False,True,False,True
2026-05-15 14:45:00,OANDA:XAUUSD,4567.77,4574.355,4564.535,4573.285,4287.0,False,False,False,True,False,False
2026-05-15 14:50:00,OANDA:XAUUSD,4573.24,4574.395,4569.07,4569.145,4445.0,False,False,False,False,False,False
2026-05-15 14:55:00,OANDA:XAUUSD,4569.17,4571.355,4566.445,4570.22,3870.0,False,False,False,False,False,False
2026-05-15 15:00:00,OANDA:XAUUSD,4570.205,4572.665,4566.07,4570.35,4662.0,False,False,False,False,False,False
2026-05-15 15:05:00,OANDA:XAUUSD,4570.375,4576.9,4569.305,4575.99,4035.0,True,False,True,False,True,False
2026-05-15 15:10:00,OANDA:XAUUSD,4576.035,4586.43,4575.585,4586.12,5248.0,True,False,True,False,True,False
2026-05-15 15:15:00,OANDA:XAUUSD,4586.11,4587.645,4582.15,4586.575,4252.0,False,False,True,False,True,False
2026-05-15 15:20:00,OANDA:XAUUSD,4586.56,4588.88,4582.43,4582.76,3837.0,False,False,True,False,False,False
2026-05-15 15:25:00,OANDA:XAUUSD,4582.755,4583.85,4579.29,4582.075,3351.0,False,False,False,False,False,True
2026-05-15 15:30:00,OANDA:XAUUSD,4582.07,4582.745,4577.445,4579.235,2763.0,False,False,False,False,False,True
2026-05-15 15:35:00,OANDA:XAUUSD,4579.23,4582.55,4574.98,4577.465,2619.0,False,False,False,True,False,False
2026-05-15 15:40:00,OANDA:XAUUSD,4577.1,4579.05,4575.535,4577.885,2554.0,False,False,False,False,False,False
2026-05-15 15:45:00,OANDA:XAUUSD,4577.895,4578.92,4574.41,4575.22,2479.0,False,True,False,True,False,True
2026-05-15 15:50:00,OANDA:XAUUSD,4574.965,4575.0,4568.61,4570.96,2827.0,False,True,False,True,False,True
2026-05-15 15:55:00,OANDA:XAUUSD,4570.945,4573.27,4568.89,4570.975,2386.0,False,False,False,False,False,False
2026-05-15 16:00:00,OANDA:XAUUSD,4570.985,4572.245,4557.43,4561.445,4928.0,False,True,False,True,False,True
2026-05-15 16:05:00,OANDA:XAUUSD,4561.4,4567.905,4559.985,4566.705,4334.0,False,False,False,False,False,False
2026-05-15 16:10:00,OANDA:XAUUSD,4566.735,4567.245,4563.655,4565.605,3919.0,False,False,False,False,False,False
2026-05-15 16:15:00,OANDA:XAUUSD,4565.61,4566.01,4552.835,4556.95,5419.0,False,True,False,True,False,True
2026-05-15 16:20:00,OANDA:XAUUSD,4556.715,4561.39,4554.285,4560.4,4932.0,False,False,False,False,False,False
2026-05-15 16:25:00,OANDA:XAUUSD,4560.365,4561.45,4556.445,4558.545,4522.0,False,False,False,False,False,False
2026-05-15 16:30:00,OANDA:XAUUSD,4558.4,4558.4,4550.055,4555.12,5747.0,False,False,False,True,False,True
2026-05-15 16:35:00,OANDA:XAUUSD,4555.195,4559.28,4553.025,4558.56,4251.0,False,False,False,False,True,False
2026-05-15 16:40:00,OANDA:XAUUSD,4558.545,4562.785,4557.715,4562.67,4581.0,False,False,False,False,True,False
2026-05-15 16:45:00,OANDA:XAUUSD,4562.69,4563.795,4558.32,4562.415,3060.0,False,False,True,False,False,False
2026-05-15 16:50:00,OANDA:XAUUSD,4562.425,4562.67,4556.75,4557.975,2659.0,False,True,False,False,False,True
2026-05-15 16:55:00,OANDA:XAUUSD,4557.745,4558.085,4552.925,4554.62,2591.0,False,False,False,False,False,True
2026-05-15 17:00:00,OANDA:XAUUSD,4554.605,4558.925,4550.62,4558.295,4180.0,False,False,False,True,True,False
2026-05-15 17:05:00,OANDA:XAUUSD,4558.28,4564.035,4553.405,4554.905,4094.0,False,False,True,False,False,False
2026-05-15 17:10:00,OANDA:XAUUSD,4554.915,4555.31,4545.705,4547.52,3894.0,False,True,False,True,False,True
2026-05-15 17:15:00,OANDA:XAUUSD,4547.485,4549.41,4539.53,4546.86,5003.0,False,False,False,True,False,False
2026-05-15 17:20:00,OANDA:XAUUSD,4546.88,4552.8,4544.825,4552.0,4194.0,True,False,False,False,True,False
2026-05-15 17:25:00,OANDA:XAUUSD,4552.005,4554.75,4550.405,4553.675,3673.0,False,False,False,False,True,False
2026-05-15 17:30:00,OANDA:XAUUSD,4553.515,4555.9,4551.975,4553.54,2572.0,False,False,False,False,False,False
2026-05-15 17:35:00,OANDA:XAUUSD,4553.61,4553.61,4544.56,4547.0,3703.0,False,True,False,False,False,True
2026-05-15 17:40:00,OANDA:XAUUSD,4546.995,4549.57,4542.98,4543.835,2782.0,False,True,False,False,False,True
2026-05-15 17:45:00,OANDA:XAUUSD,4543.82,4544.15,4537.785,4538.075,3374.0,False,False,False,True,False,True
2026-05-15 17:50:00,OANDA:XAUUSD,4538.0,4543.355,4531.995,4542.445,4581.0,False,False,False,True,False,False
2026-05-15 17:55:00,OANDA:XAUUSD,4542.345,4547.22,4538.16,4546.095,4547.0,True,False,False,False,True,False
2026-05-15 18:00:00,OANDA:XAUUSD,4546.115,4549.5,4544.3,4546.74,3961.0,False,False,False,False,False,False
2026-05-15 18:05:00,OANDA:XAUUSD,4546.695,4560.0,4546.305,4558.83,3779.0,True,False,True,False,True,False
2026-05-15 18:10:00,OANDA:XAUUSD,4558.835,4562.87,4556.485,4561.105,3375.0,False,False,True,False,True,False
2026-05-15 18:15:00,OANDA:XAUUSD,4561.125,4563.305,4556.82,4557.55,3562.0,False,False,True,False,False,False
2026-05-15 18:20:00,OANDA:XAUUSD,4557.535,4562.045,4555.955,4555.99,3433.0,False,False,False,False,False,True
2026-05-15 18:25:00,OANDA:XAUUSD,4555.98,4556.845,4551.755,4551.835,2639.0,False,False,False,False,False,True
2026-05-15 18:30:00,OANDA:XAUUSD,4551.825,4557.1,4551.035,4555.025,2315.0,False,False,False,False,False,False
2026-05-15 18:35:00,OANDA:XAUUSD,4555.025,4555.12,4551.24,4552.625,2443.0,False,False,False,False,False,False
2026-05-15 18:40:00,OANDA:XAUUSD,4552.525,4555.36,4549.595,4555.28,2991.0,False,False,False,True,True,False
2026-05-15 18:45:00,OANDA:XAUUSD,4555.27,4563.775,4554.46,4559.575,6361.0,True,False,True,False,True,False
2026-05-15 18:50:00,OANDA:XAUUSD,4559.78,4572.775,4557.61,4568.85,6495.0,True,False,True,False,True,False
2026-05-15 18:55:00,OANDA:XAUUSD,4568.785,4569.905,4564.1,4566.135,4746.0,False,False,False,False,False,False
2026-05-15 19:00:00,OANDA:XAUUSD,4566.12,4570.37,4562.17,4562.195,4016.0,False,False,False,False,False,True
2026-05-15 19:05:00,OANDA:XAUUSD,4562.15,4566.575,4561.095,4564.615,2879.0,False,False,False,False,False,False
2026-05-15 19:10:00,OANDA:XAUUSD,4564.585,4569.1,4563.765,4566.525,3291.0,False,False,False,False,False,False
2026-05-15 19:15:00,OANDA:XAUUSD,4566.53,4568.81,4563.58,4564.49,2574.0,False,False,False,False,False,False
2026-05-15 19:20:00,OANDA:XAUUSD,4564.52,4565.645,4563.175,4564.855,2411.0,False,False,False,False,False,False
2026-05-15 19:25:00,OANDA:XAUUSD,4564.68,4564.68,4559.165,4562.58,2732.0,False,True,False,True,False,True
2026-05-15 19:30:00,OANDA:XAUUSD,4562.555,4562.805,4558.725,4559.64,2082.0,False,False,False,True,False,False
2026-05-15 19:35:00,OANDA:XAUUSD,4559.63,4560.22,4553.96,4554.41,2569.0,False,True,False,True,False,True
2026-05-15 19:40:00,OANDA:XAUUSD,4554.41,4555.085,4551.035,4551.54,2457.0,False,False,False,True,False,True
2026-05-15 19:45:00,OANDA:XAUUSD,4551.51,4558.69,4551.3,4556.71,2906.0,False,False,False,False,True,False
2026-05-15 19:50:00,OANDA:XAUUSD,4556.7,4558.875,4553.82,4554.125,2360.0,False,False,False,False,False,False
2026-05-15 19:55:00,OANDA:XAUUSD,4554.115,4554.195,4550.005,4552.18,3197.0,False,True,False,True,False,True
2026-05-15 20:00:00,OANDA:XAUUSD,4552.19,4552.245,4546.565,4550.36,3446.0,False,False,False,True,False,False
2026-05-15 20:05:00,OANDA:XAUUSD,4550.345,4553.4,4548.965,4553.4,3403.0,False,False,False,False,True,False
2026-05-15 20:10:00,OANDA:XAUUSD,4553.495,4555.46,4545.345,4545.88,3644.0,False,False,False,True,False,True
2026-05-15 20:15:00,OANDA:XAUUSD,4545.86,4551.655,4545.14,4549.0,3682.0,False,False,False,True,False,False
2026-05-15 20:20:00,OANDA:XAUUSD,4548.98,4558.815,4548.105,4555.75,4174.0,True,False,True,False,True,False
2026-05-15 20:25:00,OANDA:XAUUSD,4555.625,4557.62,4552.83,4555.235,2832.0,False,False,False,False,False,False
2026-05-15 20:30:00,OANDA:XAUUSD,4555.22,4555.22,4548.21,4549.8,3752.0,False,False,False,False,False,True
2026-05-15 20:35:00,OANDA:XAUUSD,4549.57,4554.045,4547.665,4548.365,3643.0,False,False,False,False,False,False
2026-05-15 20:40:00,OANDA:XAUUSD,4548.135,4550.095,4543.83,4545.79,2967.0,False,False,False,True,False,True
2026-05-15 20:45:00,OANDA:XAUUSD,4545.805,4552.055,4543.9,4549.585,3429.0,False,False,False,False,False,False
2026-05-15 20:50:00,OANDA:XAUUSD,4549.605,4555.68,4547.495,4554.43,2634.0,False,False,False,False,True,False
2026-05-15 20:55:00,OANDA:XAUUSD,4554.35,4554.86,4545.895,4545.96,2830.0,False,False,False,False,False,True
2026-05-15 21:00:00,OANDA:XAUUSD,4545.965,4549.335,4538.635,4544.485,7429.0,False,False,False,True,False,True
2026-05-15 21:05:00,OANDA:XAUUSD,4544.5,4549.85,4536.285,4538.495,5678.0,False,False,False,True,False,True
2026-05-15 21:10:00,OANDA:XAUUSD,4538.515,4547.06,4538.34,4546.88,4327.0,False,False,False,False,False,False
2026-05-15 21:15:00,OANDA:XAUUSD,4546.885,4553.465,4540.84,4550.895,5044.0,True,False,False,False,True,False
2026-05-15 21:20:00,OANDA:XAUUSD,4550.875,4554.73,4549.605,4554.595,3586.0,False,False,False,False,True,False
2026-05-15 21:25:00,OANDA:XAUUSD,4554.66,4557.66,4546.505,4548.965,4973.0,False,False,True,False,False,True
2026-05-15 21:30:00,OANDA:XAUUSD,4548.94,4551.44,4541.8,4542.805,9260.0,False,True,False,False,False,True
2026-05-15 21:35:00,OANDA:XAUUSD,4542.795,4542.905,4526.53,4528.8,9689.0,False,True,False,True,False,True
2026-05-15 21:40:00,OANDA:XAUUSD,4528.79,4531.37,4520.03,4520.115,9473.0,False,False,False,True,False,True
2026-05-15 21:45:00,OANDA:XAUUSD,4520.1,4529.57,4510.985,4529.07,9797.0,False,False,False,True,False,False
2026-05-15 21:50:00,OANDA:XAUUSD,4529.07,4537.16,4526.045,4534.77,9054.0,True,False,False,False,True,False
2026-05-15 21:55:00,OANDA:XAUUSD,4534.75,4542.09,4531.22,4533.685,6519.0,False,False,False,False,False,False
2026-05-15 22:00:00,OANDA:XAUUSD,4533.645,4535.35,4525.465,4533.715,7657.0,False,False,False,False,False,False
2026-05-15 22:05:00,OANDA:XAUUSD,4533.725,4540.655,4533.495,4534.44,7327.0,False,False,False,False,False,False
2026-05-15 22:10:00,OANDA:XAUUSD,4534.42,4550.6,4534.07,4543.43,7341.0,False,False,True,False,True,False
2026-05-15 22:15:00,OANDA:XAUUSD,4543.495,4558.95,4540.56,4558.95,7688.0,True,False,True,False,True,False
2026-05-15 22:20:00,OANDA:XAUUSD,4559.02,4562.955,4556.105,4558.545,8449.0,False,False,True,False,False,False
2026-05-15 22:25:00,OANDA:XAUUSD,4558.58,4559.265,4552.525,4555.705,7692.0,False,False,False,False,False,True
2026-05-15 22:30:00,OANDA:XAUUSD,4555.68,4559.82,4553.145,4557.635,7947.0,False,False,False,False,False,False
2026-05-15 22:35:00,OANDA:XAUUSD,4557.59,4560.6,4554.4,4556.115,6632.0,False,False,False,False,False,False
2026-05-15 22:40:00,OANDA:XAUUSD,4555.945,4557.655,4550.85,4556.86,6145.0,False,False,False,False,False,False
2026-05-15 22:45:00,OANDA:XAUUSD,4556.895,4557.475,4550.385,4551.43,5385.0,False,False,False,True,False,False
2026-05-15 22:50:00,OANDA:XAUUSD,4551.49,4557.255,4546.21,4556.945,5511.0,False,False,False,True,False,False
2026-05-15 22:55:00,OANDA:XAUUSD,4556.9,4566.735,4555.025,4562.85,6558.0,False,False,True,False,True,False
2026-05-15 23:00:00,OANDA:XAUUSD,4562.865,4563.78,4552.005,4553.515,5776.0,False,False,False,False,False,True
2026-05-15 23:05:00,OANDA:XAUUSD,4553.485,4558.995,4551.84,4558.975,4889.0,False,False,False,False,False,False
2026-05-15 23:10:00,OANDA:XAUUSD,4558.9,4560.335,4550.955,4552.63,5463.0,False,False,False,False,False,False
2026-05-15 23:15:00,OANDA:XAUUSD,4552.62,4554.15,4546.325,4547.545,4509.0,False,False,False,False,False,True
2026-05-15 23:20:00,OANDA:XAUUSD,4547.655,4552.24,4543.97,4545.775,3305.0,False,False,False,True,False,True
2026-05-15 23:25:00,OANDA:XAUUSD,4545.785,4548.905,4543.025,4547.39,4765.0,False,False,False,True,False,False
2026-05-15 23:30:00,OANDA:XAUUSD,4547.265,4550.445,4543.74,4543.765,4341.0,False,False,False,False,False,False
2026-05-15 23:35:00,OANDA:XAUUSD,4543.68,4546.73,4541.895,4542.39,3593.0,False,False,False,True,False,True
2026-05-15 23:40:00,OANDA:XAUUSD,4542.31,4544.91,4540.035,4541.59,3235.0,False,False,False,True,False,True
2026-05-15 23:45:00,OANDA:XAUUSD,4541.575,4543.005,4539.22,4540.295,2696.0,False,False,False,True,False,False
2026-05-15 23:50:00,OANDA:XAUUSD,4540.305,4543.65,4536.655,4538.155,3942.0,False,False,False,True,False,True
2026-05-15 23:55:00,OANDA:XAUUSD,4538.125,4539.95,4533.86,4539.95,3800.0,False,False,False,True,False,False
2026-05-16 00:00:00,OANDA:XAUUSD,4539.995,4542.505,4533.61,4535.835,4668.0,False,False,False,True,False,False
2026-05-16 00:05:00,OANDA:XAUUSD,4535.76,4536.73,4529.625,4531.64,4578.0,False,False,False,True,False,True
2026-05-16 00:10:00,OANDA:XAUUSD,4531.635,4533.735,4529.555,4532.84,3874.0,False,False,False,True,False,False
2026-05-16 00:15:00,OANDA:XAUUSD,4532.845,4535.015,4531.55,4533.925,3350.0,False,False,False,False,True,False
2026-05-16 00:20:00,OANDA:XAUUSD,4533.97,4540.61,4533.53,4540.565,2898.0,True,False,False,False,True,False
2026-05-16 00:25:00,OANDA:XAUUSD,4540.545,4542.435,4537.315,4541.175,3472.0,False,False,False,False,True,False
2026-05-16 00:30:00,OANDA:XAUUSD,4541.24,4544.485,4540.175,4544.11,3477.0,True,False,True,False,True,False
2026-05-16 00:35:00,OANDA:XAUUSD,4544.125,4545.88,4542.985,4545.63,2413.0,False,False,True,False,True,False
2026-05-16 00:40:00,OANDA:XAUUSD,4545.71,4547.78,4543.81,4547.42,3406.0,False,False,True,False,True,False
2026-05-16 00:45:00,OANDA:XAUUSD,4547.52,4548.255,4545.115,4545.49,3120.0,False,False,True,False,False,False
2026-05-16 00:50:00,OANDA:XAUUSD,4545.48,4547.365,4541.94,4542.72,3146.0,False,False,False,False,False,True
2026-05-16 00:55:00,OANDA:XAUUSD,4542.7,4545.135,4542.075,4544.4,2498.0,False,False,False,False,False,False
2026-05-16 01:00:00,OANDA:XAUUSD,4544.23,4552.405,4543.105,4550.07,5257.0,True,False,True,False,True,False
2026-05-16 01:05:00,OANDA:XAUUSD,4550.22,4555.39,4549.745,4554.715,3392.0,True,False,True,False,True,False
2026-05-16 01:10:00,OANDA:XAUUSD,4554.78,4558.15,4554.51,4557.04,3394.0,False,False,True,False,True,False
2026-05-16 01:15:00,OANDA:XAUUSD,4557.045,4557.525,4554.52,4555.85,2934.0,False,False,False,False,False,False
2026-05-16 01:20:00,OANDA:XAUUSD,4555.835,4563.765,4555.32,4562.125,3707.0,False,False,True,False,True,False
2026-05-16 01:25:00,OANDA:XAUUSD,4562.165,4564.605,4556.62,4557.84,3702.0,False,False,True,False,False,False
2026-05-16 01:30:00,OANDA:XAUUSD,4557.825,4563.345,4557.76,4562.685,2773.0,False,False,False,False,False,False
2026-05-16 01:35:00,OANDA:XAUUSD,4562.65,4563.7,4560.24,4563.17,2612.0,False,False,False,False,False,False
2026-05-16 01:40:00,OANDA:XAUUSD,4563.155,4563.67,4560.67,4560.855,2739.0,False,False,False,False,False,False
2026-05-16 01:45:00,OANDA:XAUUSD,4560.86,4562.745,4559.885,4560.665,2306.0,False,True,False,False,False,True
2026-05-16 01:50:00,OANDA:XAUUSD,4560.66,4560.66,4558.335,4558.375,2583.0,False,False,False,False,False,True
2026-05-16 01:55:00,OANDA:XAUUSD,4558.385,4560.56,4557.22,4559.65,1666.0,False,False,False,True,False,False
2026-05-16 02:00:00,OANDA:XAUUSD,4559.685,4561.345,4558.275,4559.19,1984.0,False,False,False,False,False,False
2026-05-16 02:05:00,OANDA:XAUUSD,4559.23,4559.8,4556.11,4558.645,2201.0,False,False,False,True,False,False
2026-05-16 02:10:00,OANDA:XAUUSD,4558.64,4562.04,4558.035,4561.79,1773.0,False,False,False,False,True,False
2026-05-16 02:15:00,OANDA:XAUUSD,4561.785,4563.115,4553.065,4554.63,3784.0,False,False,True,True,False,True
2026-05-16 02:20:00,OANDA:XAUUSD,4554.645,4560.01,4554.535,4558.74,2960.0,False,False,False,False,False,False
2026-05-16 02:25:00,OANDA:XAUUSD,4558.745,4559.565,4556.465,4558.275,2778.0,False,False,False,False,False,False
2026-05-16 02:30:00,OANDA:XAUUSD,4558.3,4559.02,4552.415,4555.255,3656.0,False,False,False,True,False,True
2026-05-16 02:35:00,OANDA:XAUUSD,4555.43,4558.135,4554.8,4558.1,2503.0,False,False,False,False,False,False
2026-05-16 02:40:00,OANDA:XAUUSD,4558.095,4558.5,4555.715,4557.68,2229.0,False,False,False,False,False,False
2026-05-16 02:45:00,OANDA:XAUUSD,4557.675,4560.195,4556.68,4559.305,2185.0,True,False,True,False,True,False
2026-05-16 02:50:00,OANDA:XAUUSD,4559.34,4562.85,4559.34,4561.08,2059.0,False,False,True,False,True,False
2026-05-16 02:55:00,OANDA:XAUUSD,4561.085,4561.415,4558.415,4559.25,2530.0,False,False,False,False,False,True
2026-05-16 03:00:00,OANDA:XAUUSD,4559.255,4560.18,4554.31,4554.385,3151.0,False,True,False,True,False,True
2026-05-16 03:05:00,OANDA:XAUUSD,4554.395,4555.82,4551.61,4551.8,2749.0,False,True,False,True,False,True
2026-05-16 03:10:00,OANDA:XAUUSD,4551.825,4552.185,4549.53,4550.41,2720.0,False,False,False,True,False,True
2026-05-16 03:15:00,OANDA:XAUUSD,4550.415,4552.51,4549.015,4552.31,2065.0,False,False,False,True,True,False
2026-05-16 03:20:00,OANDA:XAUUSD,4552.3,4552.825,4550.115,4550.115,1534.0,False,False,False,False,False,False
2026-05-16 03:25:00,OANDA:XAUUSD,4550.13,4551.1,4548.66,4550.285,1763.0,False,False,False,True,False,False
2026-05-16 03:30:00,OANDA:XAUUSD,4550.38,4553.98,4549.88,4550.65,2027.0,False,False,False,False,False,False
2026-05-16 03:35:00,OANDA:XAUUSD,4550.685,4555.335,4549.765,4554.83,1908.0,False,False,True,False,True,False
2026-05-16 03:40:00,OANDA:XAUUSD,4554.845,4555.375,4552.65,4553.655,2014.0,False,False,True,False,False,False
2026-05-16 03:45:00,OANDA:XAUUSD,4553.645,4554.59,4551.72,4552.205,1861.0,False,True,False,False,False,True
2026-05-16 03:50:00,OANDA:XAUUSD,4552.125,4552.125,4548.515,4549.41,2827.0,False,True,False,True,False,True
2026-05-16 03:55:00,OANDA:XAUUSD,4549.395,4549.395,4545.1,4546.005,2781.0,False,True,False,True,False,True
2026-05-16 04:00:00,OANDA:XAUUSD,4546.01,4546.47,4539.225,4540.215,2035.0,False,True,False,True,False,True
2026-05-16 04:05:00,OANDA:XAUUSD,4540.245,4540.59,4536.365,4537.0,2345.0,False,False,False,True,False,True
2026-05-16 04:10:00,OANDA:XAUUSD,4537.045,4540.66,4536.76,4538.525,1818.0,False,False,False,False,False,False
2026-05-16 04:15:00,OANDA:XAUUSD,4538.525,4538.525,4535.655,4536.915,1714.0,False,False,False,True,False,False
2026-05-16 04:20:00,OANDA:XAUUSD,4536.895,4538.035,4533.34,4537.56,1826.0,False,False,False,True,False,False
2026-05-16 04:25:00,OANDA:XAUUSD,4537.565,4539.45,4536.595,4539.44,1389.0,True,False,False,False,True,False
2026-05-16 04:30:00,OANDA:XAUUSD,4539.46,4544.23,4539.375,4541.31,1988.0,False,False,True,False,True,False
2026-05-16 04:35:00,OANDA:XAUUSD,4541.325,4542.1,4539.41,4540.865,1482.0,False,False,False,False,False,False
2026-05-16 04:40:00,OANDA:XAUUSD,4540.84,4541.615,4539.33,4540.705,1442.0,False,False,False,False,False,False
2026-05-16 04:45:00,OANDA:XAUUSD,4540.72,4541.77,4538.3,4538.5,1729.0,False,True,False,False,False,True
2026-05-16 04:50:00,OANDA:XAUUSD,4538.52,4538.955,4536.78,4538.555,1983.0,False,False,False,False,False,False
2026-05-16 04:55:00,OANDA:XAUUSD,4538.525,4540.9,4537.81,4540.645,1137.0,True,False,False,False,True,False
2026-05-18 06:00:00,OANDA:XAUUSD,4545.805,4546.035,4545.195,4545.49,67.0,True,False,True,False,True,False
2026-05-18 06:05:00,OANDA:XAUUSD,4545.5,4554.915,4545.395,4553.255,2543.0,True,False,True,False,True,False
2026-05-18 06:10:00,OANDA:XAUUSD,4553.23,4554.695,4547.655,4548.4,1978.0,False,False,False,False,False,False
2026-05-18 06:15:00,OANDA:XAUUSD,4548.415,4550.05,4544.18,4544.82,1385.0,False,True,False,False,False,True
2026-05-18 06:20:00,OANDA:XAUUSD,4544.825,4546.505,4538.175,4545.43,1995.0,False,False,False,False,False,False
2026-05-18 06:25:00,OANDA:XAUUSD,4545.315,4545.7,4538.855,4541.145,933.0,False,False,False,False,False,False
2026-05-18 06:30:00,OANDA:XAUUSD,4541.13,4551.26,4541.03,4544.65,1657.0,False,False,False,False,False,False
2026-05-18 06:35:00,OANDA:XAUUSD,4544.645,4552.905,4544.645,4551.25,1764.0,False,False,False,False,False,False
2026-05-18 06:40:00,OANDA:XAUUSD,4551.105,4553.91,4547.945,4549.92,2030.0,False,False,True,False,False,False
2026-05-18 06:45:00,OANDA:XAUUSD,4549.68,4554.46,4549.44,4551.77,1820.0,False,False,True,False,False,False
2026-05-18 06:50:00,OANDA:XAUUSD,4551.76,4552.005,4546.97,4547.115,1993.0,False,False,False,False,False,True
2026-05-18 06:55:00,OANDA:XAUUSD,4547.11,4550.02,4543.67,4546.05,2272.0,False,False,False,False,False,True
2026-05-18 07:00:00,OANDA:XAUUSD,4546.06,4548.035,4543.755,4545.46,1583.0,False,False,False,False,False,False
2026-05-18 07:05:00,OANDA:XAUUSD,4545.41,4545.415,4539.56,4541.725,2079.0,False,False,False,True,False,True
2026-05-18 07:10:00,OANDA:XAUUSD,4541.7,4546.0,4540.185,4541.63,2094.0,False,False,False,False,False,False
2026-05-18 07:15:00,OANDA:XAUUSD,4541.665,4543.525,4538.755,4539.77,1484.0,False,False,False,True,False,True
2026-05-18 07:20:00,OANDA:XAUUSD,4539.86,4544.785,4539.86,4541.89,1685.0,False,False,False,False,False,False
2026-05-18 07:25:00,OANDA:XAUUSD,4541.885,4543.895,4538.115,4538.275,2636.0,False,True,False,True,False,True
2026-05-18 07:30:00,OANDA:XAUUSD,4538.28,4539.715,4535.055,4539.15,2503.0,False,False,False,True,False,False
2026-05-18 07:35:00,OANDA:XAUUSD,4539.22,4541.825,4537.035,4539.345,1593.0,False,False,False,False,False,False
2026-05-18 07:40:00,OANDA:XAUUSD,4539.65,4541.255,4532.685,4539.17,2947.0,False,False,False,True,False,False
2026-05-18 07:45:00,OANDA:XAUUSD,4539.16,4540.45,4532.25,4537.995,3230.0,False,False,False,True,False,False
2026-05-18 07:50:00,OANDA:XAUUSD,4538.055,4544.32,4537.495,4541.14,2017.0,False,False,True,False,True,False
2026-05-18 07:55:00,OANDA:XAUUSD,4541.175,4542.405,4535.5,4537.21,2219.0,False,False,False,False,False,True
2026-05-18 08:00:00,OANDA:XAUUSD,4537.215,4542.635,4530.155,4531.07,5481.0,False,True,False,True,False,True
2026-05-18 08:05:00,OANDA:XAUUSD,4531.08,4533.835,4523.12,4523.98,5458.0,False,True,False,True,False,True
2026-05-18 08:10:00,OANDA:XAUUSD,4523.955,4530.15,4523.92,4526.495,4402.0,False,False,False,False,False,False
2026-05-18 08:15:00,OANDA:XAUUSD,4526.515,4529.6,4523.24,4523.31,5323.0,False,False,False,False,False,True
2026-05-18 08:20:00,OANDA:XAUUSD,4523.3,4533.755,4517.14,4517.48,4629.0,False,True,False,True,False,True
2026-05-18 08:25:00,OANDA:XAUUSD,4517.475,4521.035,4514.48,4515.99,4964.0,False,False,False,True,False,True
2026-05-18 08:30:00,OANDA:XAUUSD,4515.92,4519.105,4487.82,4492.36,7330.0,False,True,False,True,False,True
2026-05-18 08:35:00,OANDA:XAUUSD,4492.485,4503.24,4489.32,4490.245,7778.0,False,False,False,False,False,False
2026-05-18 08:40:00,OANDA:XAUUSD,4490.17,4493.62,4480.415,4481.745,7029.0,False,False,False,True,False,True
2026-05-18 08:45:00,OANDA:XAUUSD,4481.485,4496.68,4480.41,4494.535,5965.0,False,False,False,True,True,False
2026-05-18 08:50:00,OANDA:XAUUSD,4494.55,4495.97,4486.49,4491.96,6080.0,False,False,False,False,False,False
2026-05-18 08:55:00,OANDA:XAUUSD,4491.945,4516.745,4491.575,4514.795,6836.0,False,False,False,False,True,False
2026-05-18 09:00:00,OANDA:XAUUSD,4514.795,4516.08,4489.535,4497.955,10088.0,False,False,False,False,False,False
2026-05-18 09:05:00,OANDA:XAUUSD,4497.9,4504.83,4492.75,4501.75,7841.0,False,False,False,False,False,False
2026-05-18 09:10:00,OANDA:XAUUSD,4501.605,4505.765,4494.28,4496.05,6479.0,False,False,False,False,False,False
2026-05-18 09:15:00,OANDA:XAUUSD,4496.02,4500.805,4493.205,4498.475,6782.0,False,False,False,False,False,False
2026-05-18 09:20:00,OANDA:XAUUSD,4498.38,4508.125,4493.68,4506.51,7372.0,False,False,False,False,True,False
2026-05-18 09:25:00,OANDA:XAUUSD,4506.49,4510.045,4498.52,4504.01,7663.0,False,False,False,False,False,False
2026-05-18 09:30:00,OANDA:XAUUSD,4504.36,4511.69,4501.425,4510.225,7255.0,False,False,True,False,True,False
2026-05-18 09:35:00,OANDA:XAUUSD,4510.195,4513.98,4499.82,4508.285,6419.0,False,False,True,False,False,False
2026-05-18 09:40:00,OANDA:XAUUSD,4508.305,4513.065,4506.13,4512.845,4318.0,False,False,False,False,False,False
2026-05-18 09:45:00,OANDA:XAUUSD,4512.855,4528.66,4511.025,4528.015,5847.0,True,False,True,False,True,False
2026-05-18 09:50:00,OANDA:XAUUSD,4527.99,4535.715,4525.97,4530.44,6472.0,False,False,True,False,True,False
2026-05-18 09:55:00,OANDA:XAUUSD,4530.425,4530.705,4525.155,4525.67,4027.0,False,False,False,False,False,True
2026-05-18 10:00:00,OANDA:XAUUSD,4525.61,4536.43,4522.355,4532.32,4305.0,False,False,True,False,True,False
2026-05-18 10:05:00,OANDA:XAUUSD,4532.26,4533.71,4525.7,4528.795,4373.0,False,False,False,False,False,False
2026-05-18 10:10:00,OANDA:XAUUSD,4528.815,4538.74,4527.945,4536.675,3549.0,False,False,True,False,True,False
2026-05-18 10:15:00,OANDA:XAUUSD,4536.785,4537.885,4531.915,4534.985,2311.0,False,False,False,False,False,False
2026-05-18 10:20:00,OANDA:XAUUSD,4535.145,4540.715,4533.085,4537.375,3703.0,False,False,True,False,False,False
2026-05-18 10:25:00,OANDA:XAUUSD,4537.555,4540.225,4533.685,4533.685,3606.0,False,False,False,False,False,False
2026-05-18 10:30:00,OANDA:XAUUSD,4533.635,4537.91,4529.48,4532.285,4074.0,False,False,False,False,False,True
2026-05-18 10:35:00,OANDA:XAUUSD,4532.305,4538.72,4530.735,4538.435,4045.0,False,False,False,False,True,False
2026-05-18 10:40:00,OANDA:XAUUSD,4538.495,4541.26,4535.28,4536.315,2925.0,False,False,True,False,False,False
2026-05-18 10:45:00,OANDA:XAUUSD,4536.235,4542.9,4530.765,4530.975,3572.0,False,False,True,False,False,True
2026-05-18 10:50:00,OANDA:XAUUSD,4530.985,4535.855,4530.69,4534.14,3535.0,False,False,False,False,False,False
2026-05-18 10:55:00,OANDA:XAUUSD,4534.04,4535.275,4530.96,4533.815,2762.0,False,False,False,False,False,False
2026-05-18 11:00:00,OANDA:XAUUSD,4533.785,4535.82,4529.8,4531.16,3923.0,False,False,False,True,False,False
2026-05-18 11:05:00,OANDA:XAUUSD,4531.145,4535.01,4527.61,4533.16,3502.0,False,False,False,True,False,False
2026-05-18 11:10:00,OANDA:XAUUSD,4533.205,4535.85,4526.825,4529.86,2767.0,False,False,False,True,False,False
2026-05-18 11:15:00,OANDA:XAUUSD,4529.845,4533.42,4528.455,4531.045,2587.0,False,False,False,False,False,False
2026-05-18 11:20:00,OANDA:XAUUSD,4531.095,4536.715,4529.41,4533.615,2744.0,False,False,True,False,True,False
2026-05-18 11:25:00,OANDA:XAUUSD,4533.585,4538.575,4529.6,4536.075,3135.0,False,False,True,False,False,False
2026-05-18 11:30:00,OANDA:XAUUSD,4536.04,4537.905,4526.335,4527.235,4132.0,False,False,False,True,False,True
2026-05-18 11:35:00,OANDA:XAUUSD,4527.27,4537.63,4525.565,4535.215,3527.0,False,False,False,True,False,False
2026-05-18 11:40:00,OANDA:XAUUSD,4535.225,4548.06,4533.785,4545.615,4250.0,True,False,True,False,True,False
2026-05-18 11:45:00,OANDA:XAUUSD,4545.61,4547.79,4539.365,4541.895,4663.0,False,False,False,False,False,False
2026-05-18 11:50:00,OANDA:XAUUSD,4541.9,4547.675,4539.225,4541.18,3645.0,False,False,False,False,False,False
2026-05-18 11:55:00,OANDA:XAUUSD,4541.055,4543.93,4540.6,4541.215,2634.0,False,False,False,False,False,False
2026-05-18 12:00:00,OANDA:XAUUSD,4541.21,4548.545,4541.0,4545.875,3092.0,False,False,True,False,True,False
2026-05-18 12:05:00,OANDA:XAUUSD,4545.785,4549.93,4543.25,4545.74,2476.0,False,False,True,False,False,False
2026-05-18 12:10:00,OANDA:XAUUSD,4545.76,4547.95,4543.565,4544.41,1908.0,False,False,False,False,False,False
2026-05-18 12:15:00,OANDA:XAUUSD,4544.425,4547.365,4543.98,4545.68,1899.0,False,False,False,False,False,False
2026-05-18 12:20:00,OANDA:XAUUSD,4545.615,4545.945,4536.995,4537.37,3026.0,False,True,False,True,False,True
2026-05-18 12:25:00,OANDA:XAUUSD,4537.385,4538.825,4530.235,4533.015,3337.0,False,False,False,True,False,True
2026-05-18 12:30:00,OANDA:XAUUSD,4533.02,4541.48,4532.51,4540.215,2072.0,False,False,False,False,True,False
2026-05-18 12:35:00,OANDA:XAUUSD,4540.265,4542.915,4538.535,4542.915,2245.0,False,False,False,False,True,False
2026-05-18 12:40:00,OANDA:XAUUSD,4542.945,4544.47,4539.755,4541.67,2589.0,False,False,False,False,False,False
2026-05-18 12:45:00,OANDA:XAUUSD,4541.665,4541.835,4538.62,4540.51,1399.0,False,False,False,False,False,False
2026-05-18 12:50:00,OANDA:XAUUSD,4540.535,4545.77,4537.98,4543.265,2228.0,False,False,True,False,True,False
2026-05-18 12:55:00,OANDA:XAUUSD,4543.27,4544.135,4535.355,4540.825,2515.0,False,False,False,False,False,False
2026-05-18 13:00:00,OANDA:XAUUSD,4540.775,4542.855,4533.225,4536.035,3180.0,False,False,False,True,False,False
2026-05-18 13:05:00,OANDA:XAUUSD,4536.01,4540.04,4534.07,4538.11,2360.0,False,False,False,False,False,False
2026-05-18 13:10:00,OANDA:XAUUSD,4538.155,4538.985,4535.69,4538.3,1690.0,False,False,False,False,False,False
2026-05-18 13:15:00,OANDA:XAUUSD,4538.245,4549.22,4535.23,4546.01,2714.0,True,False,True,False,True,False
2026-05-18 13:20:00,OANDA:XAUUSD,4546.015,4549.66,4541.475,4546.2,2997.0,False,False,True,False,False,False
2026-05-18 13:25:00,OANDA:XAUUSD,4546.245,4550.6,4545.195,4548.735,3350.0,False,False,True,False,False,False
2026-05-18 13:30:00,OANDA:XAUUSD,4548.86,4552.045,4539.76,4542.81,5530.0,False,False,True,False,False,True
2026-05-18 13:35:00,OANDA:XAUUSD,4542.795,4547.51,4540.655,4544.525,3653.0,False,False,False,False,False,False
2026-05-18 13:40:00,OANDA:XAUUSD,4544.475,4544.925,4538.58,4540.0,3345.0,False,False,False,False,False,True
2026-05-18 13:45:00,OANDA:XAUUSD,4539.975,4543.12,4537.545,4538.965,3235.0,False,False,False,True,False,False
2026-05-18 13:50:00,OANDA:XAUUSD,4539.075,4540.17,4535.1,4536.56,2593.0,False,False,False,True,False,True
2026-05-18 13:55:00,OANDA:XAUUSD,4536.545,4539.175,4530.205,4531.245,3313.0,False,False,False,True,False,True
2026-05-18 14:00:00,OANDA:XAUUSD,4531.19,4539.52,4530.005,4535.49,4352.0,False,False,False,True,False,False
2026-05-18 14:05:00,OANDA:XAUUSD,4535.48,4540.66,4533.425,4538.055,4564.0,False,False,False,False,False,False
2026-05-18 14:10:00,OANDA:XAUUSD,4538.05,4538.33,4532.61,4537.735,3020.0,False,False,False,False,False,False
2026-05-18 14:15:00,OANDA:XAUUSD,4537.6,4541.755,4534.535,4536.76,2806.0,False,False,True,False,False,False
2026-05-18 14:20:00,OANDA:XAUUSD,4536.745,4544.17,4534.83,4543.605,3718.0,False,False,True,False,True,False
2026-05-18 14:25:00,OANDA:XAUUSD,4543.6,4548.235,4537.495,4537.815,4298.0,False,False,True,False,False,False
2026-05-18 14:30:00,OANDA:XAUUSD,4537.81,4547.345,4534.74,4539.94,4906.0,False,False,False,False,False,False
2026-05-18 14:35:00,OANDA:XAUUSD,4539.91,4542.405,4538.04,4538.37,3073.0,False,False,False,False,False,False
2026-05-18 14:40:00,OANDA:XAUUSD,4538.355,4540.995,4535.28,4540.92,3065.0,False,False,False,False,False,False
2026-05-18 14:45:00,OANDA:XAUUSD,4540.915,4546.305,4538.83,4543.8,3515.0,True,False,False,False,True,False
2026-05-18 14:50:00,OANDA:XAUUSD,4543.67,4546.405,4542.56,4546.22,2000.0,False,False,False,False,False,False
2026-05-18 14:55:00,OANDA:XAUUSD,4546.25,4547.935,4544.9,4546.855,2659.0,False,False,True,False,True,False
2026-05-18 15:00:00,OANDA:XAUUSD,4546.875,4549.575,4543.545,4544.11,3403.0,False,False,True,False,False,True
2026-05-18 15:05:00,OANDA:XAUUSD,4544.065,4548.15,4543.435,4546.495,2479.0,False,False,False,False,False,False
2026-05-18 15:10:00,OANDA:XAUUSD,4546.475,4546.55,4542.325,4543.92,2418.0,False,False,False,False,False,False
2026-05-18 15:15:00,OANDA:XAUUSD,4543.805,4546.045,4541.985,4542.095,2506.0,False,True,False,True,False,True
2026-05-18 15:20:00,OANDA:XAUUSD,4542.015,4542.3,4538.465,4539.44,2123.0,False,False,False,True,False,True
2026-05-18 15:25:00,OANDA:XAUUSD,4539.395,4551.4,4539.265,4550.65,4448.0,True,False,True,False,True,False
2026-05-18 15:30:00,OANDA:XAUUSD,4550.655,4560.095,4550.515,4554.75,5612.0,True,False,True,False,True,False
2026-05-18 15:35:00,OANDA:XAUUSD,4554.785,4555.51,4551.775,4552.93,3326.0,False,False,False,False,False,False
2026-05-18 15:40:00,OANDA:XAUUSD,4552.91,4554.8,4547.855,4549.08,2987.0,False,False,False,False,False,True
2026-05-18 15:45:00,OANDA:XAUUSD,4549.105,4551.785,4543.605,4543.82,2727.0,False,True,False,False,False,True
2026-05-18 15:50:00,OANDA:XAUUSD,4543.825,4546.365,4540.09,4544.8,3714.0,False,False,False,False,False,False
2026-05-18 15:55:00,OANDA:XAUUSD,4544.78,4548.76,4542.885,4546.295,3328.0,False,False,False,False,False,False
2026-05-18 16:00:00,OANDA:XAUUSD,4546.285,4548.98,4544.87,4546.475,3421.0,False,False,False,False,False,False
2026-05-18 16:05:00,OANDA:XAUUSD,4546.47,4548.63,4543.915,4544.18,2608.0,False,False,False,False,False,True
2026-05-18 16:10:00,OANDA:XAUUSD,4544.195,4547.42,4542.44,4546.815,2032.0,False,False,False,False,False,False
2026-05-18 16:15:00,OANDA:XAUUSD,4546.79,4546.805,4542.94,4545.875,1910.0,False,False,False,False,False,False
2026-05-18 16:20:00,OANDA:XAUUSD,4545.86,4550.09,4545.85,4550.01,2284.0,True,False,True,False,True,False
2026-05-18 16:25:00,OANDA:XAUUSD,4550.015,4551.45,4546.99,4548.355,2457.0,False,False,True,False,False,False
2026-05-18 16:30:00,OANDA:XAUUSD,4548.35,4553.425,4546.08,4551.885,2321.0,False,False,True,False,True,False
2026-05-18 16:35:00,OANDA:XAUUSD,4551.865,4552.045,4548.18,4551.565,1913.0,False,False,False,False,False,False
2026-05-18 16:40:00,OANDA:XAUUSD,4551.51,4551.53,4547.995,4548.16,1568.0,False,False,False,False,False,True
2026-05-18 16:45:00,OANDA:XAUUSD,4548.32,4553.87,4548.125,4552.265,1846.0,True,False,True,False,True,False
2026-05-18 16:50:00,OANDA:XAUUSD,4552.25,4557.135,4551.62,4556.11,2197.0,False,False,True,False,True,False
2026-05-18 16:55:00,OANDA:XAUUSD,4556.035,4556.755,4549.97,4549.97,1855.0,False,False,False,False,False,True
2026-05-18 17:00:00,OANDA:XAUUSD,4549.96,4552.125,4541.245,4542.58,3150.0,False,True,False,True,False,True
2026-05-18 17:05:00,OANDA:XAUUSD,4542.6,4547.44,4541.66,4547.36,1652.0,False,False,False,False,False,False
2026-05-18 17:10:00,OANDA:XAUUSD,4547.365,4548.12,4545.345,4546.6,1598.0,False,False,False,False,False,False
2026-05-18 17:15:00,OANDA:XAUUSD,4546.575,4548.725,4545.65,4546.475,1674.0,False,False,False,False,False,False
2026-05-18 17:20:00,OANDA:XAUUSD,4546.515,4549.075,4546.18,4546.65,1883.0,False,False,False,False,False,False
2026-05-18 17:25:00,OANDA:XAUUSD,4546.52,4548.4,4544.53,4544.99,1416.0,False,True,False,False,False,True
2026-05-18 17:30:00,OANDA:XAUUSD,4544.645,4545.71,4540.69,4543.62,2654.0,False,False,False,True,False,True
2026-05-18 17:35:00,OANDA:XAUUSD,4543.43,4546.765,4543.43,4546.2,2190.0,False,False,False,False,True,False
2026-05-18 17:40:00,OANDA:XAUUSD,4546.165,4546.165,4540.645,4543.255,1879.0,False,True,False,True,False,True
2026-05-18 17:45:00,OANDA:XAUUSD,4543.24,4543.42,4540.735,4541.79,1972.0,False,False,False,False,False,False
2026-05-18 17:50:00,OANDA:XAUUSD,4541.77,4543.915,4540.38,4543.2,1690.0,False,False,False,True,False,False
2026-05-18 17:55:00,OANDA:XAUUSD,4543.195,4544.73,4542.74,4543.205,669.0,False,False,False,False,False,False
2026-05-18 18:00:00,OANDA:XAUUSD,4543.165,4545.235,4540.35,4540.575,2029.0,False,True,False,True,False,True
2026-05-18 18:05:00,OANDA:XAUUSD,4540.58,4542.445,4537.28,4538.555,2543.0,False,False,False,True,False,True
2026-05-18 18:10:00,OANDA:XAUUSD,4538.55,4540.7,4535.865,4539.53,2131.0,False,False,False,True,False,False
2026-05-18 18:15:00,OANDA:XAUUSD,4539.515,4542.705,4539.01,4542.37,1418.0,False,False,False,False,True,False
2026-05-18 18:20:00,OANDA:XAUUSD,4542.445,4542.67,4538.355,4539.565,1867.0,False,False,False,False,False,False
2026-05-18 18:25:00,OANDA:XAUUSD,4539.57,4540.825,4538.655,4539.89,1221.0,False,False,False,False,False,False
2026-05-18 18:30:00,OANDA:XAUUSD,4539.88,4540.835,4532.775,4532.88,1910.0,False,False,False,True,False,True
2026-05-18 18:35:00,OANDA:XAUUSD,4532.895,4539.82,4532.145,4538.285,2558.0,False,False,False,True,False,False
2026-05-18 18:40:00,OANDA:XAUUSD,4538.275,4544.21,4537.805,4543.915,1875.0,True,False,True,False,True,False
2026-05-18 18:45:00,OANDA:XAUUSD,4543.97,4547.955,4542.18,4543.17,2073.0,False,False,True,False,False,False
2026-05-18 18:50:00,OANDA:XAUUSD,4543.1,4543.445,4537.36,4539.435,1497.0,False,True,False,False,False,True
2026-05-18 18:55:00,OANDA:XAUUSD,4539.44,4540.51,4536.745,4540.495,1674.0,False,False,False,False,False,False
2026-05-18 19:00:00,OANDA:XAUUSD,4540.49,4542.025,4538.17,4538.56,2375.0,False,False,False,False,False,False
2026-05-18 19:05:00,OANDA:XAUUSD,4538.55,4539.755,4532.49,4532.53,2693.0,False,False,False,True,False,True
2026-05-18 19:10:00,OANDA:XAUUSD,4532.545,4539.815,4529.96,4539.785,2722.0,False,False,False,True,True,False
2026-05-18 19:15:00,OANDA:XAUUSD,4539.69,4540.1,4536.76,4539.245,1724.0,False,False,False,False,False,False
2026-05-18 19:20:00,OANDA:XAUUSD,4539.265,4540.09,4531.8,4536.19,2545.0,False,False,False,False,False,True
2026-05-18 19:25:00,OANDA:XAUUSD,4536.165,4537.965,4534.68,4536.115,1651.0,False,False,False,False,False,False
2026-05-18 19:30:00,OANDA:XAUUSD,4536.11,4545.55,4535.77,4541.94,3842.0,True,False,True,False,True,False
2026-05-18 19:35:00,OANDA:XAUUSD,4541.965,4555.705,4541.95,4555.705,5171.0,True,False,True,False,True,False
2026-05-18 19:40:00,OANDA:XAUUSD,4555.93,4567.17,4551.7,4562.025,9363.0,False,False,True,False,True,False
2026-05-18 19:45:00,OANDA:XAUUSD,4562.02,4564.595,4555.105,4555.49,6101.0,False,False,False,False,False,False
2026-05-18 19:50:00,OANDA:XAUUSD,4555.635,4556.075,4551.47,4551.685,4406.0,False,True,False,False,False,True
2026-05-18 19:55:00,OANDA:XAUUSD,4551.695,4555.1,4549.62,4550.925,3547.0,False,False,False,False,False,True
2026-05-18 20:00:00,OANDA:XAUUSD,4550.965,4552.755,4547.41,4551.0,3073.0,False,False,False,False,False,False
2026-05-18 20:05:00,OANDA:XAUUSD,4551.09,4556.77,4551.09,4555.79,3476.0,False,False,False,False,True,False
2026-05-18 20:10:00,OANDA:XAUUSD,4555.785,4556.175,4551.5,4553.67,3567.0,False,False,False,False,False,False
2026-05-18 20:15:00,OANDA:XAUUSD,4553.65,4555.36,4547.235,4547.565,3630.0,False,False,False,True,False,True
2026-05-18 20:20:00,OANDA:XAUUSD,4547.49,4553.945,4545.36,4551.675,2857.0,False,False,False,True,False,False
2026-05-18 20:25:00,OANDA:XAUUSD,4551.69,4555.0,4549.8,4550.655,2752.0,False,False,False,False,False,False
2026-05-18 20:30:00,OANDA:XAUUSD,4550.65,4562.595,4550.305,4562.01,4437.0,True,False,True,False,True,False
2026-05-18 20:35:00,OANDA:XAUUSD,4561.94,4563.185,4558.155,4561.575,6178.0,False,False,True,False,False,False
2026-05-18 20:40:00,OANDA:XAUUSD,4561.51,4569.835,4558.61,4569.585,4736.0,True,False,True,False,True,False
2026-05-18 20:45:00,OANDA:XAUUSD,4569.555,4575.065,4568.12,4572.245,5119.0,False,False,True,False,True,False
2026-05-18 20:50:00,OANDA:XAUUSD,4572.18,4574.235,4562.76,4563.345,4053.0,False,False,False,False,False,True
2026-05-18 20:55:00,OANDA:XAUUSD,4563.4,4572.555,4562.735,4571.425,3568.0,False,False,False,False,False,False
2026-05-18 21:00:00,OANDA:XAUUSD,4571.43,4576.845,4564.6,4565.39,7396.0,False,False,True,False,False,False
2026-05-18 21:05:00,OANDA:XAUUSD,4565.455,4568.705,4562.665,4563.73,4807.0,False,False,False,False,False,True
2026-05-18 21:10:00,OANDA:XAUUSD,4563.74,4569.68,4561.975,4567.805,4266.0,False,False,False,True,False,False
2026-05-18 21:15:00,OANDA:XAUUSD,4567.8,4568.65,4564.045,4566.21,2791.0,False,False,False,False,False,False
2026-05-18 21:20:00,OANDA:XAUUSD,4566.22,4573.21,4565.61,4573.0,2623.0,True,False,False,False,True,False
2026-05-18 21:25:00,OANDA:XAUUSD,4572.96,4576.44,4571.225,4572.1,3567.0,False,False,False,False,False,False
2026-05-18 21:30:00,OANDA:XAUUSD,4572.31,4579.905,4567.23,4578.565,6445.0,False,False,True,False,True,False
2026-05-18 21:35:00,OANDA:XAUUSD,4578.595,4578.61,4570.88,4573.685,7123.0,False,False,False,False,False,False
2026-05-18 21:40:00,OANDA:XAUUSD,4573.605,4575.75,4564.81,4566.465,7520.0,False,False,False,False,False,True
2026-05-18 21:45:00,OANDA:XAUUSD,4566.48,4576.48,4563.835,4574.315,7256.0,False,False,False,True,False,False
2026-05-18 21:50:00,OANDA:XAUUSD,4574.285,4584.165,4573.13,4583.47,6174.0,False,False,True,False,True,False
2026-05-18 21:55:00,OANDA:XAUUSD,4583.46,4584.375,4574.995,4575.75,4209.0,False,False,True,False,False,False
2026-05-18 22:00:00,OANDA:XAUUSD,4575.63,4575.63,4564.515,4565.5,6258.0,False,True,False,False,False,True
2026-05-18 22:05:00,OANDA:XAUUSD,4565.53,4567.555,4559.575,4566.905,7251.0,False,False,False,True,False,False
2026-05-18 22:10:00,OANDA:XAUUSD,4566.935,4569.905,4561.93,4564.345,6085.0,False,False,False,False,False,False
2026-05-18 22:15:00,OANDA:XAUUSD,4564.36,4569.09,4562.295,4566.245,5211.0,False,False,False,False,False,False
2026-05-18 22:20:00,OANDA:XAUUSD,4566.185,4567.275,4554.82,4559.445,5610.0,False,False,False,True,False,True
2026-05-18 22:25:00,OANDA:XAUUSD,4559.53,4563.495,4557.79,4561.655,4861.0,False,False,False,False,False,False
2026-05-18 22:30:00,OANDA:XAUUSD,4561.565,4563.175,4545.115,4549.64,6453.0,False,True,False,True,False,True
2026-05-18 22:35:00,OANDA:XAUUSD,4549.635,4550.865,4543.255,4546.67,7354.0,False,False,False,True,False,False
2026-05-18 22:40:00,OANDA:XAUUSD,4546.65,4549.57,4538.82,4547.875,7090.0,False,False,False,True,False,False
2026-05-18 22:45:00,OANDA:XAUUSD,4547.885,4548.32,4537.81,4543.21,5660.0,False,False,False,True,False,False
2026-05-18 22:50:00,OANDA:XAUUSD,4543.225,4548.605,4541.285,4541.955,4822.0,False,False,False,False,False,False
2026-05-18 22:55:00,OANDA:XAUUSD,4541.92,4547.36,4541.355,4546.53,4005.0,False,False,False,False,False,False
2026-05-18 23:00:00,OANDA:XAUUSD,4546.555,4548.02,4531.85,4537.57,8413.0,False,False,False,True,False,True
2026-05-18 23:05:00,OANDA:XAUUSD,4537.575,4544.595,4533.94,4536.89,5926.0,False,False,False,False,False,False
2026-05-18 23:10:00,OANDA:XAUUSD,4536.905,4542.955,4536.56,4540.735,4538.0,False,False,False,False,False,False
2026-05-18 23:15:00,OANDA:XAUUSD,4540.71,4542.745,4534.395,4536.71,3969.0,False,False,False,False,False,False
2026-05-18 23:20:00,OANDA:XAUUSD,4536.705,4540.635,4535.805,4539.125,4094.0,False,False,False,False,False,False
2026-05-18 23:25:00,OANDA:XAUUSD,4539.04,4540.455,4534.63,4534.715,3151.0,False,False,False,False,False,True
2026-05-18 23:30:00,OANDA:XAUUSD,4534.7,4541.585,4534.17,4540.975,3126.0,False,False,False,False,True,False
2026-05-18 23:35:00,OANDA:XAUUSD,4540.98,4542.3,4538.295,4541.97,3279.0,False,False,False,False,True,False
2026-05-18 23:40:00,OANDA:XAUUSD,4542.0,4544.46,4538.685,4538.755,3249.0,False,False,True,False,False,False
2026-05-18 23:45:00,OANDA:XAUUSD,4538.815,4543.725,4538.14,4541.255,2670.0,False,False,False,False,False,False
2026-05-18 23:50:00,OANDA:XAUUSD,4541.22,4544.525,4539.785,4544.245,2676.0,False,False,True,False,True,False
2026-05-18 23:55:00,OANDA:XAUUSD,4544.25,4547.045,4542.305,4543.71,3246.0,False,False,True,False,False,False
2026-05-19 00:00:00,OANDA:XAUUSD,4543.715,4544.6,4540.295,4541.69,2895.0,False,False,False,False,False,True
2026-05-19 00:05:00,OANDA:XAUUSD,4541.715,4544.58,4541.225,4543.635,2514.0,False,False,False,False,False,False
2026-05-19 00:10:00,OANDA:XAUUSD,4543.655,4549.12,4542.895,4548.82,2772.0,True,False,True,False,True,False
2026-05-19 00:15:00,OANDA:XAUUSD,4548.815,4550.495,4546.735,4547.3,2343.0,False,False,True,False,False,False
2026-05-19 00:20:00,OANDA:XAUUSD,4547.315,4550.82,4544.625,4545.955,3647.0,False,False,True,False,False,True
2026-05-19 00:25:00,OANDA:XAUUSD,4545.96,4546.995,4533.915,4537.235,5927.0,False,True,False,True,False,True
2026-05-19 00:30:00,OANDA:XAUUSD,4537.245,4541.915,4534.325,4539.85,4885.0,False,False,False,False,False,False
2026-05-19 00:35:00,OANDA:XAUUSD,4539.75,4544.975,4539.525,4544.4,3151.0,True,False,False,False,True,False
2026-05-19 00:40:00,OANDA:XAUUSD,4544.405,4545.03,4541.95,4543.35,2814.0,False,False,False,False,False,False
2026-05-19 00:45:00,OANDA:XAUUSD,4543.345,4548.88,4542.915,4548.32,2800.0,True,False,False,False,True,False
2026-05-19 00:50:00,OANDA:XAUUSD,4548.35,4554.29,4548.305,4553.125,3775.0,True,False,True,False,True,False
2026-05-19 00:55:00,OANDA:XAUUSD,4553.11,4554.69,4549.665,4550.21,2702.0,False,False,True,False,False,False
2026-05-19 01:00:00,OANDA:XAUUSD,4550.04,4557.21,4547.92,4556.78,2773.0,True,False,True,False,True,False
2026-05-19 01:05:00,OANDA:XAUUSD,4556.775,4558.29,4554.7,4556.305,3176.0,False,False,True,False,False,False
2026-05-19 01:10:00,OANDA:XAUUSD,4556.31,4556.785,4553.035,4553.255,2548.0,False,False,False,False,False,True
2026-05-19 01:15:00,OANDA:XAUUSD,4553.23,4555.77,4552.04,4554.7,2207.0,False,False,False,False,False,False
2026-05-19 01:20:00,OANDA:XAUUSD,4554.935,4555.405,4552.455,4553.83,2334.0,False,False,False,False,False,False
2026-05-19 01:25:00,OANDA:XAUUSD,4553.755,4554.745,4551.785,4553.99,2716.0,False,False,False,False,False,False
2026-05-19 01:30:00,OANDA:XAUUSD,4553.815,4554.215,4548.895,4549.015,2361.0,False,True,False,True,False,True
2026-05-19 01:35:00,OANDA:XAUUSD,4549.065,4550.545,4547.315,4549.675,2417.0,False,False,False,True,False,False
2026-05-19 01:40:00,OANDA:XAUUSD,4549.68,4551.325,4547.815,4548.225,2052.0,False,False,False,False,False,False
2026-05-19 01:45:00,OANDA:XAUUSD,4548.225,4549.765,4546.7,4546.71,2074.0,False,False,False,True,False,True
2026-05-19 01:50:00,OANDA:XAUUSD,4546.705,4549.36,4546.5,4547.76,1987.0,False,False,False,True,False,False
2026-05-19 01:55:00,OANDA:XAUUSD,4547.825,4547.985,4545.645,4546.935,1887.0,False,False,False,True,False,False
2026-05-19 02:00:00,OANDA:XAUUSD,4546.95,4547.015,4543.9,4545.775,2755.0,False,False,False,True,False,False
2026-05-19 02:05:00,OANDA:XAUUSD,4545.835,4547.775,4543.8,4545.15,2254.0,False,False,False,True,False,False
2026-05-19 02:10:00,OANDA:XAUUSD,4545.145,4546.43,4544.135,4545.35,1266.0,False,False,False,False,False,False
2026-05-19 02:15:00,OANDA:XAUUSD,4545.36,4545.565,4541.56,4542.755,2147.0,False,True,False,True,False,True
2026-05-19 02:20:00,OANDA:XAUUSD,4542.77,4542.795,4540.615,4541.28,2127.0,False,False,False,True,False,True
2026-05-19 02:25:00,OANDA:XAUUSD,4541.295,4542.87,4536.855,4541.965,3487.0,False,False,False,True,False,False
2026-05-19 02:30:00,OANDA:XAUUSD,4541.96,4543.965,4540.705,4542.875,2490.0,False,False,False,False,True,False
2026-05-19 02:35:00,OANDA:XAUUSD,4542.87,4543.52,4539.375,4539.84,2010.0,False,False,False,False,False,True
2026-05-19 02:40:00,OANDA:XAUUSD,4539.855,4541.68,4539.11,4541.615,1660.0,False,False,False,False,False,False
2026-05-19 02:45:00,OANDA:XAUUSD,4541.635,4543.385,4540.935,4541.81,1662.0,False,False,False,False,True,False
2026-05-19 02:50:00,OANDA:XAUUSD,4541.815,4542.3,4539.85,4540.445,2173.0,False,False,False,False,False,True
2026-05-19 02:55:00,OANDA:XAUUSD,4540.39,4541.935,4534.375,4535.855,2641.0,False,False,False,True,False,True
2026-05-19 03:00:00,OANDA:XAUUSD,4535.86,4565.07,4535.335,4553.455,11022.0,True,False,True,False,True,False
2026-05-19 03:05:00,OANDA:XAUUSD,4553.525,4560.155,4551.2,4556.99,8057.0,False,False,False,False,False,False
2026-05-19 03:10:00,OANDA:XAUUSD,4557.01,4558.405,4553.485,4554.5,4371.0,False,False,False,False,False,False
2026-05-19 03:15:00,OANDA:XAUUSD,4554.525,4555.72,4551.015,4551.735,3559.0,False,False,False,False,False,True
2026-05-19 03:20:00,OANDA:XAUUSD,4551.785,4555.94,4549.85,4550.335,4333.0,False,False,False,False,False,True
2026-05-19 03:25:00,OANDA:XAUUSD,4550.365,4552.145,4546.75,4551.79,4588.0,False,False,False,False,False,False
2026-05-19 03:30:00,OANDA:XAUUSD,4551.795,4557.47,4550.405,4556.455,3674.0,True,False,False,False,True,False
2026-05-19 03:35:00,OANDA:XAUUSD,4556.47,4559.615,4555.925,4559.455,3099.0,True,False,True,False,True,False
2026-05-19 03:40:00,OANDA:XAUUSD,4559.48,4561.38,4557.86,4558.23,3477.0,False,False,True,False,False,False
2026-05-19 03:45:00,OANDA:XAUUSD,4558.185,4562.98,4557.915,4561.31,2943.0,False,False,True,False,False,False
2026-05-19 03:50:00,OANDA:XAUUSD,4561.315,4562.695,4559.89,4562.585,3351.0,False,False,False,False,False,False
2026-05-19 03:55:00,OANDA:XAUUSD,4562.475,4562.475,4557.5,4558.55,3108.0,False,False,False,False,False,True
2026-05-19 04:00:00,OANDA:XAUUSD,4558.625,4561.605,4558.08,4560.595,1546.0,False,False,False,False,False,False
2026-05-19 04:05:00,OANDA:XAUUSD,4560.565,4560.715,4558.35,4558.8,1135.0,False,False,False,False,False,False
2026-05-19 04:10:00,OANDA:XAUUSD,4558.8,4563.095,4558.55,4562.29,855.0,True,False,True,False,True,False
2026-05-19 04:15:00,OANDA:XAUUSD,4562.275,4566.67,4562.18,4564.28,1460.0,False,False,True,False,True,False
2026-05-19 04:20:00,OANDA:XAUUSD,4564.275,4566.77,4562.89,4566.62,1155.0,False,False,True,False,False,False
2026-05-19 04:25:00,OANDA:XAUUSD,4566.6,4566.835,4562.81,4563.25,1176.0,False,False,True,False,False,False
2026-05-19 04:30:00,OANDA:XAUUSD,4563.22,4564.8,4561.695,4563.02,1271.0,False,False,False,False,False,False
2026-05-19 04:35:00,OANDA:XAUUSD,4563.06,4564.315,4562.75,4562.775,736.0,False,False,False,False,False,False
2026-05-19 04:40:00,OANDA:XAUUSD,4562.76,4565.14,4562.465,4564.715,757.0,False,False,False,False,True,False
2026-05-19 04:45:00,OANDA:XAUUSD,4564.74,4565.15,4564.005,4564.005,835.0,False,False,False,False,False,False
2026-05-19 04:50:00,OANDA:XAUUSD,4563.97,4565.82,4563.28,4563.375,689.0,False,False,False,False,False,True
2026-05-19 04:55:00,OANDA:XAUUSD,4563.385,4566.87,4562.49,4566.16,944.0,True,False,True,False,True,False
2026-05-19 06:00:00,OANDA:XAUUSD,4570.36,4570.36,4570.355,4570.355,2.0,True,False,True,False,True,False
2026-05-19 06:05:00,OANDA:XAUUSD,4570.695,4573.685,4569.81,4572.145,948.0,True,False,True,False,True,False
2026-05-19 06:10:00,OANDA:XAUUSD,4572.15,4573.54,4570.58,4573.54,982.0,False,False,False,False,False,False
2026-05-19 06:15:00,OANDA:XAUUSD,4573.535,4574.735,4572.77,4574.085,863.0,False,False,True,False,True,False
2026-05-19 06:20:00,OANDA:XAUUSD,4574.11,4574.81,4571.835,4572.14,912.0,False,False,True,False,False,True
2026-05-19 06:25:00,OANDA:XAUUSD,4572.135,4573.15,4571.235,4572.96,759.0,False,False,False,False,False,False
2026-05-19 06:30:00,OANDA:XAUUSD,4572.98,4573.895,4571.605,4573.385,956.0,False,False,False,False,True,False
2026-05-19 06:35:00,OANDA:XAUUSD,4573.36,4576.135,4572.81,4576.11,787.0,True,False,True,False,True,False
2026-05-19 06:40:00,OANDA:XAUUSD,4576.1,4578.58,4575.31,4576.845,1244.0,False,False,True,False,True,False
2026-05-19 06:45:00,OANDA:XAUUSD,4576.84,4577.15,4574.875,4575.7,786.0,False,False,False,False,False,False
2026-05-19 06:50:00,OANDA:XAUUSD,4575.72,4576.02,4573.52,4573.905,703.0,False,True,False,False,False,True
2026-05-19 06:55:00,OANDA:XAUUSD,4573.935,4574.16,4572.725,4574.115,596.0,False,False,False,False,False,False
2026-05-19 07:00:00,OANDA:XAUUSD,4573.995,4581.385,4573.86,4581.22,1956.0,True,False,True,False,True,False
2026-05-19 07:05:00,OANDA:XAUUSD,4581.15,4581.875,4579.36,4580.22,1078.0,False,False,True,False,False,False
2026-05-19 07:10:00,OANDA:XAUUSD,4580.215,4587.19,4580.03,4585.795,1149.0,True,False,True,False,True,False
2026-05-19 07:15:00,OANDA:XAUUSD,4585.78,4586.995,4583.535,4586.395,834.0,False,False,False,False,False,False
2026-05-19 07:20:00,OANDA:XAUUSD,4586.39,4589.09,4584.21,4586.1,1094.0,False,False,True,False,False,False
2026-05-19 07:25:00,OANDA:XAUUSD,4586.125,4586.96,4585.26,4585.845,536.0,False,False,False,False,False,False
2026-05-19 07:30:00,OANDA:XAUUSD,4585.86,4587.0,4582.97,4586.22,673.0,False,False,False,False,False,False
2026-05-19 07:35:00,OANDA:XAUUSD,4586.3,4588.13,4583.87,4585.055,845.0,False,False,False,False,False,False
2026-05-19 07:40:00,OANDA:XAUUSD,4585.035,4586.51,4584.24,4585.375,794.0,False,False,False,False,False,False
2026-05-19 07:45:00,OANDA:XAUUSD,4585.4,4586.645,4583.045,4583.455,972.0,False,True,False,False,False,True
2026-05-19 07:50:00,OANDA:XAUUSD,4583.37,4583.625,4582.2,4582.71,782.0,False,False,False,True,False,True
2026-05-19 07:55:00,OANDA:XAUUSD,4582.73,4583.05,4579.235,4581.995,1274.0,False,False,False,True,False,True
2026-05-19 08:00:00,OANDA:XAUUSD,4582.16,4589.58,4578.67,4579.3,3584.0,False,False,True,True,False,False
2026-05-19 08:05:00,OANDA:XAUUSD,4579.395,4585.78,4576.775,4584.31,3692.0,False,False,False,True,False,False
2026-05-19 08:10:00,OANDA:XAUUSD,4584.32,4584.685,4578.675,4578.95,2767.0,False,False,False,False,False,False
2026-05-19 08:15:00,OANDA:XAUUSD,4579.01,4581.2,4574.955,4580.245,2311.0,False,False,False,True,False,False
2026-05-19 08:20:00,OANDA:XAUUSD,4580.18,4585.98,4573.505,4574.75,2913.0,False,False,False,True,False,True
2026-05-19 08:25:00,OANDA:XAUUSD,4574.66,4575.395,4568.62,4573.7,3413.0,False,False,False,True,False,False
2026-05-19 08:30:00,OANDA:XAUUSD,4573.735,4576.4,4572.465,4575.04,2329.0,False,False,False,False,False,False
2026-05-19 08:35:00,OANDA:XAUUSD,4575.03,4575.765,4568.79,4568.98,2419.0,False,False,False,False,False,True
2026-05-19 08:40:00,OANDA:XAUUSD,4569.065,4574.24,4568.255,4571.015,1873.0,False,False,False,True,False,False
2026-05-19 08:45:00,OANDA:XAUUSD,4570.85,4572.52,4569.795,4571.79,1637.0,False,False,False,False,False,False
2026-05-19 08:50:00,OANDA:XAUUSD,4571.71,4571.725,4566.14,4566.44,1416.0,False,True,False,True,False,True
2026-05-19 08:55:00,OANDA:XAUUSD,4566.52,4567.095,4561.465,4563.21,1486.0,False,False,False,True,False,True
2026-05-19 09:00:00,OANDA:XAUUSD,4563.26,4567.795,4557.795,4564.505,5544.0,False,False,False,True,False,False
2026-05-19 09:05:00,OANDA:XAUUSD,4564.605,4569.59,4560.71,4564.505,3369.0,False,False,False,False,False,False
2026-05-19 09:10:00,OANDA:XAUUSD,4564.46,4568.71,4562.715,4565.93,3326.0,False,False,False,False,False,False
2026-05-19 09:15:00,OANDA:XAUUSD,4565.785,4568.59,4557.79,4559.61,3447.0,False,True,False,True,False,True
2026-05-19 09:20:00,OANDA:XAUUSD,4559.54,4560.08,4554.27,4555.9,3395.0,False,False,False,True,False,True
2026-05-19 09:25:00,OANDA:XAUUSD,4555.98,4560.375,4555.98,4559.33,2644.0,False,False,False,False,False,False
2026-05-19 09:30:00,OANDA:XAUUSD,4559.315,4562.21,4555.44,4561.665,3318.0,True,False,False,False,True,False
2026-05-19 09:35:00,OANDA:XAUUSD,4561.715,4568.5,4561.425,4568.235,3170.0,True,False,False,False,True,False
2026-05-19 09:40:00,OANDA:XAUUSD,4568.265,4572.48,4566.395,4570.81,2143.0,False,False,True,False,True,False
2026-05-19 09:45:00,OANDA:XAUUSD,4570.975,4571.9,4565.785,4566.675,1585.0,False,False,False,False,False,False
2026-05-19 09:50:00,OANDA:XAUUSD,4566.685,4568.785,4561.525,4567.605,3148.0,False,False,False,False,False,False
2026-05-19 09:55:00,OANDA:XAUUSD,4567.725,4568.125,4563.055,4564.065,2467.0,False,False,False,False,False,False
2026-05-19 10:00:00,OANDA:XAUUSD,4564.005,4564.005,4558.505,4561.465,2964.0,False,True,False,True,False,True
2026-05-19 10:05:00,OANDA:XAUUSD,4561.47,4561.58,4555.21,4555.57,3541.0,False,True,False,True,False,True
2026-05-19 10:10:00,OANDA:XAUUSD,4555.62,4558.08,4553.325,4554.65,2904.0,False,False,False,True,False,True
2026-05-19 10:15:00,OANDA:XAUUSD,4554.61,4557.7,4551.7,4557.24,2147.0,False,False,False,True,False,False
2026-05-19 10:20:00,OANDA:XAUUSD,4557.35,4560.22,4556.54,4558.34,1285.0,False,False,False,False,True,False
2026-05-19 10:25:00,OANDA:XAUUSD,4558.44,4562.59,4557.51,4559.86,1739.0,False,False,False,False,False,False
2026-05-19 10:30:00,OANDA:XAUUSD,4559.775,4560.03,4554.585,4555.19,2467.0,False,True,False,False,False,True
2026-05-19 10:35:00,OANDA:XAUUSD,4555.24,4557.355,4552.265,4553.87,2253.0,False,False,False,False,False,True
2026-05-19 10:40:00,OANDA:XAUUSD,4553.86,4559.755,4551.165,4556.38,2051.0,False,False,False,True,False,False
2026-05-19 10:45:00,OANDA:XAUUSD,4556.465,4558.155,4550.47,4552.355,2403.0,False,False,False,True,False,False
2026-05-19 10:50:00,OANDA:XAUUSD,4552.39,4554.69,4548.465,4550.81,1925.0,False,False,False,True,False,False
2026-05-19 10:55:00,OANDA:XAUUSD,4550.85,4550.9,4546.055,4547.29,1778.0,False,False,False,True,False,True
2026-05-19 11:00:00,OANDA:XAUUSD,4547.22,4550.825,4543.77,4547.31,2527.0,False,False,False,True,False,False
2026-05-19 11:05:00,OANDA:XAUUSD,4547.305,4552.925,4547.205,4549.07,1840.0,False,False,False,False,False,False
2026-05-19 11:10:00,OANDA:XAUUSD,4549.065,4552.205,4547.39,4552.02,1217.0,False,False,False,False,False,False
2026-05-19 11:15:00,OANDA:XAUUSD,4552.015,4553.215,4548.695,4551.25,1666.0,False,False,False,False,False,False
2026-05-19 11:20:00,OANDA:XAUUSD,4551.245,4552.105,4546.925,4548.43,1236.0,False,False,False,False,False,True
2026-05-19 11:25:00,OANDA:XAUUSD,4548.435,4550.795,4547.715,4549.22,1917.0,False,False,False,False,False,False
2026-05-19 11:30:00,OANDA:XAUUSD,4549.21,4550.62,4547.16,4550.16,2349.0,False,False,False,False,False,False
2026-05-19 11:35:00,OANDA:XAUUSD,4550.165,4555.16,4549.87,4554.815,1412.0,False,False,True,False,True,False
2026-05-19 11:40:00,OANDA:XAUUSD,4554.77,4554.77,4547.76,4547.84,1500.0,False,True,False,False,False,True
2026-05-19 11:45:00,OANDA:XAUUSD,4547.75,4548.885,4544.725,4547.26,1431.0,False,False,False,True,False,True
2026-05-19 11:50:00,OANDA:XAUUSD,4547.265,4549.51,4546.405,4548.87,975.0,False,False,False,False,False,False
2026-05-19 11:55:00,OANDA:XAUUSD,4548.795,4549.225,4543.96,4545.19,1758.0,False,True,False,True,False,True
2026-05-19 12:00:00,OANDA:XAUUSD,4545.18,4545.47,4541.64,4544.4,1424.0,False,False,False,True,False,False
2026-05-19 12:05:00,OANDA:XAUUSD,4544.195,4545.895,4541.31,4542.315,1632.0,False,False,False,True,False,False
2026-05-19 12:10:00,OANDA:XAUUSD,4542.475,4544.095,4538.82,4540.29,2076.0,False,False,False,True,False,True
2026-05-19 12:15:00,OANDA:XAUUSD,4540.33,4542.725,4538.585,4540.4,1264.0,False,False,False,True,False,False
2026-05-19 12:20:00,OANDA:XAUUSD,4540.485,4543.215,4540.36,4542.715,1141.0,False,False,False,False,False,False
2026-05-19 12:25:00,OANDA:XAUUSD,4542.72,4542.76,4538.345,4540.435,1267.0,False,False,False,True,False,False
2026-05-19 12:30:00,OANDA:XAUUSD,4540.465,4541.0,4538.075,4538.945,1006.0,False,False,False,True,False,False
2026-05-19 12:35:00,OANDA:XAUUSD,4538.93,4542.19,4538.92,4540.525,1178.0,False,False,False,False,False,False
2026-05-19 12:40:00,OANDA:XAUUSD,4540.64,4542.42,4539.48,4539.935,1090.0,False,False,False,False,False,False
2026-05-19 12:45:00,OANDA:XAUUSD,4539.89,4542.715,4539.865,4540.86,1566.0,False,False,False,False,False,False
2026-05-19 12:50:00,OANDA:XAUUSD,4540.935,4542.96,4540.285,4542.615,1478.0,False,False,True,False,False,False
2026-05-19 12:55:00,OANDA:XAUUSD,4542.56,4543.835,4541.665,4542.605,769.0,False,False,True,False,False,False
2026-05-19 13:00:00,OANDA:XAUUSD,4542.71,4545.045,4541.87,4544.605,1479.0,False,False,True,False,True,False
2026-05-19 13:05:00,OANDA:XAUUSD,4544.62,4545.425,4540.36,4545.425,1567.0,False,False,True,False,True,False
2026-05-19 13:10:00,OANDA:XAUUSD,4545.42,4546.675,4543.675,4544.955,1156.0,False,False,True,False,False,False
2026-05-19 13:15:00,OANDA:XAUUSD,4544.96,4545.58,4541.455,4542.18,1284.0,False,True,False,False,False,True
2026-05-19 13:20:00,OANDA:XAUUSD,4542.145,4542.77,4531.085,4535.43,2666.0,False,True,False,True,False,True
2026-05-19 13:25:00,OANDA:XAUUSD,4535.395,4540.83,4533.485,4538.525,2819.0,False,False,False,False,False,False
2026-05-19 13:30:00,OANDA:XAUUSD,4538.665,4540.505,4533.13,4537.105,3966.0,False,False,False,False,False,False
2026-05-19 13:35:00,OANDA:XAUUSD,4537.21,4541.565,4534.83,4540.02,2982.0,False,False,False,False,False,False
2026-05-19 13:40:00,OANDA:XAUUSD,4539.92,4544.355,4538.245,4538.745,2897.0,False,False,False,False,False,False
2026-05-19 13:45:00,OANDA:XAUUSD,4538.725,4541.88,4533.24,4533.945,3654.0,False,False,False,False,False,True
2026-05-19 13:50:00,OANDA:XAUUSD,4533.93,4541.685,4533.455,4540.095,2635.0,False,False,False,False,False,False
2026-05-19 13:55:00,OANDA:XAUUSD,4540.07,4543.67,4538.895,4540.915,2939.0,False,False,False,False,False,False
2026-05-19 14:00:00,OANDA:XAUUSD,4540.93,4541.77,4533.68,4538.865,4167.0,False,False,False,False,False,True
2026-05-19 14:05:00,OANDA:XAUUSD,4538.87,4540.72,4536.315,4537.925,3458.0,False,False,False,False,False,False
2026-05-19 14:10:00,OANDA:XAUUSD,4537.92,4546.135,4537.37,4542.225,3624.0,True,False,True,False,True,False
2026-05-19 14:15:00,OANDA:XAUUSD,4542.23,4550.45,4541.24,4550.325,3432.0,False,False,True,False,True,False
2026-05-19 14:20:00,OANDA:XAUUSD,4550.27,4551.365,4545.865,4549.665,2538.0,False,False,True,False,False,False
2026-05-19 14:25:00,OANDA:XAUUSD,4549.62,4553.97,4547.61,4547.645,3783.0,False,False,True,False,False,False
2026-05-19 14:30:00,OANDA:XAUUSD,4547.635,4551.37,4545.38,4550.52,3948.0,False,False,False,False,False,False
2026-05-19 14:35:00,OANDA:XAUUSD,4550.375,4552.615,4546.36,4552.46,2660.0,False,False,False,False,True,False
2026-05-19 14:40:00,OANDA:XAUUSD,4552.465,4553.05,4548.945,4552.275,2668.0,False,False,False,False,False,False
2026-05-19 14:45:00,OANDA:XAUUSD,4552.265,4552.83,4543.15,4543.2,2795.0,False,True,False,True,False,True
2026-05-19 14:50:00,OANDA:XAUUSD,4543.195,4547.655,4543.19,4547.065,1450.0,False,False,False,False,False,False
2026-05-19 14:55:00,OANDA:XAUUSD,4547.035,4549.84,4547.0,4548.33,1810.0,False,False,False,False,True,False
2026-05-19 15:00:00,OANDA:XAUUSD,4548.315,4549.04,4544.345,4548.155,3112.0,False,False,False,False,False,False
2026-05-19 15:05:00,OANDA:XAUUSD,4548.17,4555.35,4547.085,4552.895,2899.0,False,False,True,False,True,False
2026-05-19 15:10:00,OANDA:XAUUSD,4552.89,4553.815,4547.24,4548.825,2914.0,False,False,False,False,False,False
2026-05-19 15:15:00,OANDA:XAUUSD,4548.88,4550.28,4546.825,4548.79,2219.0,False,False,False,False,False,False
2026-05-19 15:20:00,OANDA:XAUUSD,4548.795,4550.06,4545.02,4547.15,1965.0,False,False,False,False,False,False
2026-05-19 15:25:00,OANDA:XAUUSD,4547.13,4548.455,4543.225,4548.455,1978.0,False,False,False,True,False,False
2026-05-19 15:30:00,OANDA:XAUUSD,4548.445,4549.57,4543.92,4544.25,2211.0,False,False,False,False,False,False
2026-05-19 15:35:00,OANDA:XAUUSD,4544.265,4547.965,4542.67,4543.36,2479.0,False,False,False,True,False,True
2026-05-19 15:40:00,OANDA:XAUUSD,4543.435,4545.055,4541.575,4542.37,2131.0,False,False,False,True,False,True
2026-05-19 15:45:00,OANDA:XAUUSD,4542.35,4554.375,4542.225,4551.18,3020.0,True,False,True,False,True,False
2026-05-19 15:50:00,OANDA:XAUUSD,4551.16,4554.0,4548.12,4552.345,2322.0,False,False,False,False,False,False
2026-05-19 15:55:00,OANDA:XAUUSD,4552.35,4559.535,4552.35,4557.28,2809.0,False,False,True,False,True,False
2026-05-19 16:00:00,OANDA:XAUUSD,4557.25,4559.25,4552.64,4552.945,2611.0,False,False,False,False,False,False
2026-05-19 16:05:00,OANDA:XAUUSD,4552.94,4553.055,4543.97,4544.465,2683.0,False,True,False,False,False,True
2026-05-19 16:10:00,OANDA:XAUUSD,4544.42,4548.08,4542.595,4546.59,3017.0,False,False,False,False,False,False
2026-05-19 16:15:00,OANDA:XAUUSD,4546.6,4548.165,4544.29,4544.29,2769.0,False,False,False,False,False,False
2026-05-19 16:20:00,OANDA:XAUUSD,4544.285,4545.065,4539.26,4540.885,1768.0,False,True,False,True,False,True
2026-05-19 16:25:00,OANDA:XAUUSD,4540.88,4541.125,4536.405,4538.495,2530.0,False,False,False,True,False,True
2026-05-19 16:30:00,OANDA:XAUUSD,4538.58,4544.39,4537.015,4544.39,2051.0,True,False,False,False,True,False
2026-05-19 16:35:00,OANDA:XAUUSD,4544.37,4545.13,4542.58,4543.425,1753.0,False,False,False,False,False,False
2026-05-19 16:40:00,OANDA:XAUUSD,4543.44,4543.96,4542.435,4543.445,1530.0,False,False,False,False,False,False
2026-05-19 16:45:00,OANDA:XAUUSD,4543.46,4548.82,4543.2,4546.145,2119.0,False,False,True,False,True,False
2026-05-19 16:50:00,OANDA:XAUUSD,4546.18,4547.525,4538.46,4542.78,2111.0,False,False,False,False,False,True
2026-05-19 16:55:00,OANDA:XAUUSD,4542.75,4544.505,4542.07,4543.05,1527.0,False,False,False,False,False,False
2026-05-19 17:00:00,OANDA:XAUUSD,4543.035,4543.035,4540.21,4541.655,1571.0,False,True,False,False,False,True
2026-05-19 17:05:00,OANDA:XAUUSD,4541.66,4541.76,4537.05,4540.835,1840.0,False,False,False,True,False,False
2026-05-19 17:10:00,OANDA:XAUUSD,4540.85,4541.245,4537.305,4539.835,1604.0,False,False,False,False,False,False
2026-05-19 17:15:00,OANDA:XAUUSD,4539.635,4540.355,4536.205,4540.17,2246.0,False,False,False,True,False,False
2026-05-19 17:20:00,OANDA:XAUUSD,4540.175,4546.89,4539.95,4546.695,1739.0,True,False,True,False,True,False
2026-05-19 17:25:00,OANDA:XAUUSD,4546.83,4546.935,4540.365,4540.705,2426.0,False,False,True,False,False,False
2026-05-19 17:30:00,OANDA:XAUUSD,4540.62,4543.23,4536.76,4539.46,3120.0,False,False,False,False,False,True
2026-05-19 17:35:00,OANDA:XAUUSD,4539.465,4542.315,4537.31,4539.435,2247.0,False,False,False,False,False,False
2026-05-19 17:40:00,OANDA:XAUUSD,4539.41,4540.72,4538.185,4539.71,2103.0,False,False,False,False,False,False
2026-05-19 17:45:00,OANDA:XAUUSD,4539.72,4541.49,4538.545,4540.975,2212.0,False,False,False,False,True,False
2026-05-19 17:50:00,OANDA:XAUUSD,4540.955,4543.75,4539.33,4543.485,1798.0,False,False,False,False,True,False
2026-05-19 17:55:00,OANDA:XAUUSD,4543.5,4544.87,4540.81,4542.035,2009.0,False,False,True,False,False,False
2026-05-19 18:00:00,OANDA:XAUUSD,4542.01,4542.035,4536.69,4536.79,2033.0,False,False,False,True,False,True
2026-05-19 18:05:00,OANDA:XAUUSD,4536.76,4542.21,4536.15,4540.46,1702.0,False,False,False,True,False,False
2026-05-19 18:10:00,OANDA:XAUUSD,4540.44,4542.535,4538.955,4541.775,1622.0,False,False,False,False,False,False
2026-05-19 18:15:00,OANDA:XAUUSD,4541.765,4542.12,4538.41,4539.645,1619.0,False,False,False,False,False,False
2026-05-19 18:20:00,OANDA:XAUUSD,4539.68,4541.825,4539.02,4541.05,1329.0,False,False,False,False,False,False
2026-05-19 18:25:00,OANDA:XAUUSD,4541.02,4541.08,4539.27,4540.1,1130.0,False,False,False,False,False,False
2026-05-19 18:30:00,OANDA:XAUUSD,4540.175,4542.58,4539.055,4541.61,1436.0,False,False,True,False,True,False
2026-05-19 18:35:00,OANDA:XAUUSD,4541.605,4543.22,4534.355,4541.14,3390.0,False,False,True,True,False,False
2026-05-19 18:40:00,OANDA:XAUUSD,4541.145,4541.59,4525.68,4529.27,4185.0,False,False,False,True,False,True
2026-05-19 18:45:00,OANDA:XAUUSD,4529.255,4534.71,4527.87,4533.095,3508.0,False,False,False,False,False,False
2026-05-19 18:50:00,OANDA:XAUUSD,4533.11,4536.07,4532.335,4535.47,2633.0,True,False,False,False,True,False
2026-05-19 18:55:00,OANDA:XAUUSD,4535.365,4544.925,4535.355,4544.925,3448.0,True,False,True,False,True,False
2026-05-19 19:00:00,OANDA:XAUUSD,4544.855,4548.01,4543.02,4543.61,2789.0,False,False,True,False,False,False
2026-05-19 19:05:00,OANDA:XAUUSD,4543.605,4543.7,4540.645,4541.28,1611.0,False,True,False,False,False,True
2026-05-19 19:10:00,OANDA:XAUUSD,4541.26,4542.265,4536.025,4536.845,2713.0,False,False,False,False,False,True
2026-05-19 19:15:00,OANDA:XAUUSD,4536.87,4542.15,4535.815,4541.18,1929.0,False,False,False,False,False,False
2026-05-19 19:20:00,OANDA:XAUUSD,4541.17,4542.14,4539.035,4541.38,1939.0,False,False,False,False,False,False
2026-05-19 19:25:00,OANDA:XAUUSD,4541.425,4542.205,4536.995,4539.35,2463.0,False,False,False,False,False,False
2026-05-19 19:30:00,OANDA:XAUUSD,4539.34,4540.855,4537.7,4539.33,2333.0,False,False,False,False,False,False
2026-05-19 19:35:00,OANDA:XAUUSD,4539.325,4539.43,4536.88,4538.15,1815.0,False,False,False,False,False,False
2026-05-19 19:40:00,OANDA:XAUUSD,4538.145,4543.195,4537.28,4542.095,1938.0,False,False,True,False,True,False
2026-05-19 19:45:00,OANDA:XAUUSD,4542.09,4542.42,4537.27,4540.15,2034.0,False,False,False,False,False,False
2026-05-19 19:50:00,OANDA:XAUUSD,4540.155,4540.315,4534.475,4535.05,1487.0,False,True,False,True,False,True
2026-05-19 19:55:00,OANDA:XAUUSD,4535.12,4535.135,4529.915,4530.89,2401.0,False,False,False,True,False,True
2026-05-19 20:00:00,OANDA:XAUUSD,4530.905,4536.04,4527.6,4535.61,2577.0,False,False,False,True,True,False
2026-05-19 20:05:00,OANDA:XAUUSD,4535.63,4542.595,4533.49,4542.33,2629.0,True,False,False,False,True,False
2026-05-19 20:10:00,OANDA:XAUUSD,4542.23,4546.71,4541.345,4542.23,2604.0,False,False,True,False,False,False
2026-05-19 20:15:00,OANDA:XAUUSD,4542.22,4543.76,4536.8,4540.04,2260.0,False,False,False,False,False,True
2026-05-19 20:20:00,OANDA:XAUUSD,4540.125,4544.235,4539.745,4543.765,1915.0,False,False,False,False,True,False
2026-05-19 20:25:00,OANDA:XAUUSD,4543.79,4544.165,4540.545,4543.145,1993.0,False,False,False,False,False,False
2026-05-19 20:30:00,OANDA:XAUUSD,4543.135,4546.985,4542.06,4543.82,2323.0,False,False,True,False,False,False
2026-05-19 20:35:00,OANDA:XAUUSD,4543.84,4547.28,4541.35,4542.47,1960.0,False,False,True,False,False,False
2026-05-19 20:40:00,OANDA:XAUUSD,4542.475,4546.495,4536.82,4537.48,3895.0,False,True,False,False,False,True
2026-05-19 20:45:00,OANDA:XAUUSD,4537.475,4540.08,4535.595,4539.525,2088.0,False,False,False,True,False,False
2026-05-19 20:50:00,OANDA:XAUUSD,4539.605,4541.515,4537.345,4541.21,1848.0,False,False,False,False,True,False
2026-05-19 20:55:00,OANDA:XAUUSD,4541.205,4541.75,4536.925,4537.305,2075.0,False,False,False,False,False,True
2026-05-19 21:00:00,OANDA:XAUUSD,4537.385,4537.7,4522.09,4523.82,3877.0,False,True,False,True,False,True
2026-05-19 21:05:00,OANDA:XAUUSD,4523.765,4525.365,4515.025,4522.86,6079.0,False,False,False,True,False,False
2026-05-19 21:10:00,OANDA:XAUUSD,4522.82,4526.625,4519.66,4524.62,4528.0,False,False,False,False,False,False
2026-05-19 21:15:00,OANDA:XAUUSD,4524.615,4526.405,4516.475,4517.31,3876.0,False,False,False,False,False,True
2026-05-19 21:20:00,OANDA:XAUUSD,4517.3,4519.87,4503.72,4505.165,7267.0,False,True,False,True,False,True
2026-05-19 21:25:00,OANDA:XAUUSD,4505.2,4505.2,4491.135,4492.295,7899.0,False,True,False,True,False,True
2026-05-19 21:30:00,OANDA:XAUUSD,4492.445,4495.75,4464.78,4481.7,13231.0,False,True,False,True,False,True
2026-05-19 21:35:00,OANDA:XAUUSD,4481.705,4487.125,4471.54,4483.64,11260.0,False,False,False,False,False,False
2026-05-19 21:40:00,OANDA:XAUUSD,4483.44,4483.72,4470.405,4476.415,10696.0,False,False,False,False,False,False
2026-05-19 21:45:00,OANDA:XAUUSD,4476.42,4482.735,4474.215,4481.51,9373.0,False,False,False,False,False,False
2026-05-19 21:50:00,OANDA:XAUUSD,4481.445,4505.185,4480.03,4504.685,8577.0,True,False,False,False,True,False
2026-05-19 21:55:00,OANDA:XAUUSD,4504.7,4511.48,4497.995,4504.175,8773.0,False,False,True,False,False,False
2026-05-19 22:00:00,OANDA:XAUUSD,4504.055,4512.555,4495.905,4511.64,9364.0,False,False,True,False,True,False
2026-05-19 22:05:00,OANDA:XAUUSD,4511.715,4514.23,4494.805,4503.96,9797.0,False,False,True,False,False,False
2026-05-19 22:10:00,OANDA:XAUUSD,4503.94,4504.1,4492.295,4492.66,8077.0,False,False,False,False,False,True
2026-05-19 22:15:00,OANDA:XAUUSD,4492.71,4500.955,4492.03,4494.995,6341.0,False,False,False,False,False,False
2026-05-19 22:20:00,OANDA:XAUUSD,4495.27,4496.085,4484.84,4486.85,8043.0,False,False,False,True,False,True
2026-05-19 22:25:00,OANDA:XAUUSD,4486.86,4494.425,4484.495,4490.21,6493.0,False,False,False,True,False,False
2026-05-19 22:30:00,OANDA:XAUUSD,4490.165,4498.16,4488.68,4490.205,7333.0,False,False,False,False,False,False
2026-05-19 22:35:00,OANDA:XAUUSD,4490.17,4498.775,4489.125,4489.86,7467.0,False,False,False,False,False,False
2026-05-19 22:40:00,OANDA:XAUUSD,4489.885,4497.955,4487.565,4494.71,7318.0,False,False,False,False,False,False
2026-05-19 22:45:00,OANDA:XAUUSD,4494.785,4496.35,4487.89,4490.17,5766.0,False,False,False,False,False,False
2026-05-19 22:50:00,OANDA:XAUUSD,4490.19,4494.255,4486.305,4486.875,5252.0,False,False,False,False,False,True
2026-05-19 22:55:00,OANDA:XAUUSD,4486.845,4496.79,4486.78,4494.165,4616.0,False,False,False,False,False,False
2026-05-19 23:00:00,OANDA:XAUUSD,4494.095,4500.155,4494.095,4496.935,5147.0,False,False,True,False,True,False
2026-05-19 23:05:00,OANDA:XAUUSD,4496.945,4500.175,4489.845,4498.56,5689.0,False,False,True,False,False,False
2026-05-19 23:10:00,OANDA:XAUUSD,4498.565,4500.005,4495.665,4499.265,4227.0,False,False,False,False,False,False
2026-05-19 23:15:00,OANDA:XAUUSD,4499.345,4505.11,4498.41,4500.64,3797.0,False,False,True,False,True,False
2026-05-19 23:20:00,OANDA:XAUUSD,4500.65,4502.46,4494.06,4495.15,4037.0,False,False,False,False,False,True
2026-05-19 23:25:00,OANDA:XAUUSD,4495.125,4500.3,4494.535,4499.005,3174.0,False,False,False,False,False,False
2026-05-19 23:30:00,OANDA:XAUUSD,4499.03,4507.76,4498.01,4503.305,4183.0,False,False,True,False,True,False
2026-05-19 23:35:00,OANDA:XAUUSD,4503.285,4505.445,4498.825,4503.135,3964.0,False,False,False,False,False,False
2026-05-19 23:40:00,OANDA:XAUUSD,4503.14,4505.24,4500.65,4502.215,3001.0,False,False,False,False,False,False
2026-05-19 23:45:00,OANDA:XAUUSD,4502.22,4504.14,4500.34,4504.135,3092.0,False,False,False,False,False,False
2026-05-19 23:50:00,OANDA:XAUUSD,4504.11,4505.845,4501.84,4503.15,2024.0,False,False,False,False,False,False
2026-05-19 23:55:00,OANDA:XAUUSD,4503.095,4509.48,4503.095,4508.63,2260.0,False,False,True,False,True,False
2026-05-20 00:00:00,OANDA:XAUUSD,4508.64,4510.405,4505.46,4505.895,2764.0,False,False,True,False,False,False
2026-05-20 00:05:00,OANDA:XAUUSD,4505.875,4505.875,4497.565,4498.685,3501.0,False,True,False,True,False,True
2026-05-20 00:10:00,OANDA:XAUUSD,4498.675,4501.385,4496.385,4501.15,3193.0,False,False,False,True,False,False
2026-05-20 00:15:00,OANDA:XAUUSD,4501.145,4503.225,4499.04,4500.525,2557.0,False,False,False,False,False,False
2026-05-20 00:20:00,OANDA:XAUUSD,4500.535,4506.125,4500.335,4505.71,3116.0,True,False,False,False,True,False
2026-05-20 00:25:00,OANDA:XAUUSD,4505.77,4512.145,4505.77,4508.965,3710.0,True,False,True,False,True,False
2026-05-20 00:30:00,OANDA:XAUUSD,4508.955,4512.7,4506.69,4507.435,3951.0,False,False,True,False,False,False
2026-05-20 00:35:00,OANDA:XAUUSD,4507.425,4509.965,4505.925,4508.825,2603.0,False,False,False,False,False,False
2026-05-20 00:40:00,OANDA:XAUUSD,4509.04,4509.67,4505.7,4506.135,2478.0,False,False,False,False,False,False
2026-05-20 00:45:00,OANDA:XAUUSD,4506.13,4506.735,4504.77,4506.21,2508.0,False,False,False,False,False,False
2026-05-20 00:50:00,OANDA:XAUUSD,4506.22,4507.945,4504.89,4505.67,2271.0,False,False,False,False,False,False
2026-05-20 00:55:00,OANDA:XAUUSD,4505.675,4509.39,4505.07,4507.9,2024.0,False,False,False,False,False,False
2026-05-20 01:00:00,OANDA:XAUUSD,4507.725,4509.81,4505.945,4506.915,2726.0,False,False,False,False,False,False
2026-05-20 01:05:00,OANDA:XAUUSD,4506.915,4509.365,4505.845,4508.13,2059.0,False,False,False,False,False,False
2026-05-20 01:10:00,OANDA:XAUUSD,4508.17,4510.81,4506.36,4510.43,1883.0,False,False,True,False,True,False
2026-05-20 01:15:00,OANDA:XAUUSD,4510.445,4511.125,4507.855,4508.16,1830.0,False,False,True,False,False,False
2026-05-20 01:20:00,OANDA:XAUUSD,4508.155,4508.16,4503.555,4503.775,2332.0,False,False,False,True,False,True
2026-05-20 01:25:00,OANDA:XAUUSD,4503.825,4508.56,4503.825,4507.13,2435.0,False,False,False,False,False,False
2026-05-20 01:30:00,OANDA:XAUUSD,4507.12,4508.495,4504.135,4504.315,2182.0,False,False,False,False,False,False
2026-05-20 01:35:00,OANDA:XAUUSD,4504.32,4507.03,4503.75,4507.03,2354.0,False,False,False,False,False,False
2026-05-20 01:40:00,OANDA:XAUUSD,4507.005,4507.075,4502.935,4504.675,3458.0,False,False,False,True,False,False
2026-05-20 01:45:00,OANDA:XAUUSD,4504.69,4505.065,4500.64,4500.91,2192.0,False,True,False,True,False,True
2026-05-20 01:50:00,OANDA:XAUUSD,4500.925,4501.99,4499.31,4499.785,1993.0,False,False,False,True,False,True
2026-05-20 01:55:00,OANDA:XAUUSD,4499.8,4501.405,4499.545,4500.9,2037.0,False,False,False,False,False,False
2026-05-20 02:00:00,OANDA:XAUUSD,4500.915,4501.64,4499.87,4501.19,2454.0,False,False,False,False,False,False
2026-05-20 02:05:00,OANDA:XAUUSD,4501.225,4503.84,4499.91,4503.355,1986.0,False,False,False,False,True,False
2026-05-20 02:10:00,OANDA:XAUUSD,4503.35,4503.805,4501.095,4501.205,1787.0,False,False,False,False,False,False
2026-05-20 02:15:00,OANDA:XAUUSD,4501.2,4502.38,4499.775,4499.9,2080.0,False,True,False,False,False,True
2026-05-20 02:20:00,OANDA:XAUUSD,4499.895,4500.0,4495.605,4498.675,3290.0,False,False,False,True,False,True
2026-05-20 02:25:00,OANDA:XAUUSD,4498.68,4500.26,4495.95,4496.22,3131.0,False,False,False,False,False,False
2026-05-20 02:30:00,OANDA:XAUUSD,4496.215,4499.11,4493.44,4497.88,3966.0,False,False,False,True,False,False
2026-05-20 02:35:00,OANDA:XAUUSD,4497.875,4500.21,4496.35,4500.035,2352.0,False,False,False,False,True,False
2026-05-20 02:40:00,OANDA:XAUUSD,4500.005,4500.96,4498.275,4499.17,2863.0,False,False,False,False,False,False
2026-05-20 02:45:00,OANDA:XAUUSD,4499.155,4500.13,4498.135,4499.4,2338.0,False,False,False,False,False,False
2026-05-20 02:50:00,OANDA:XAUUSD,4499.535,4499.745,4493.67,4493.94,2195.0,False,True,False,False,False,True
2026-05-20 02:55:00,OANDA:XAUUSD,4493.935,4494.88,4490.33,4493.65,4109.0,False,False,False,True,False,True
2026-05-20 03:00:00,OANDA:XAUUSD,4493.63,4496.68,4493.15,4493.985,3150.0,False,False,False,False,False,False
2026-05-20 03:05:00,OANDA:XAUUSD,4494.085,4496.39,4494.085,4495.63,2524.0,False,False,False,False,False,False
2026-05-20 03:10:00,OANDA:XAUUSD,4495.64,4497.84,4495.41,4497.1,2593.0,False,False,False,False,True,False
2026-05-20 03:15:00,OANDA:XAUUSD,4497.115,4497.44,4492.18,4492.915,2828.0,False,True,False,False,False,True
2026-05-20 03:20:00,OANDA:XAUUSD,4492.89,4493.17,4486.585,4486.8,2912.0,False,True,False,True,False,True
2026-05-20 03:25:00,OANDA:XAUUSD,4486.765,4488.94,4485.755,4487.215,2686.0,False,False,False,True,False,False
2026-05-20 03:30:00,OANDA:XAUUSD,4487.22,4490.075,4486.435,4486.585,2678.0,False,False,False,False,False,False
2026-05-20 03:35:00,OANDA:XAUUSD,4486.625,4488.985,4486.495,4487.81,2375.0,False,False,False,False,False,False
2026-05-20 03:40:00,OANDA:XAUUSD,4487.79,4488.905,4486.08,4488.41,2200.0,False,False,False,False,False,False
2026-05-20 03:45:00,OANDA:XAUUSD,4488.395,4488.985,4486.105,4486.76,2411.0,False,False,False,False,False,False
2026-05-20 03:50:00,OANDA:XAUUSD,4486.63,4487.125,4483.62,4483.725,3237.0,False,True,False,True,False,True
2026-05-20 03:55:00,OANDA:XAUUSD,4483.73,4484.055,4481.285,4483.5,3737.0,False,False,False,True,False,True
2026-05-20 04:00:00,OANDA:XAUUSD,4483.44,4484.4,4481.07,4482.775,2301.0,False,False,False,True,False,False
2026-05-20 04:05:00,OANDA:XAUUSD,4482.76,4486.375,4481.875,4485.655,1377.0,True,False,False,False,True,False
2026-05-20 04:10:00,OANDA:XAUUSD,4485.695,4487.32,4484.47,4485.79,1177.0,False,False,False,False,False,False
2026-05-20 04:15:00,OANDA:XAUUSD,4485.755,4485.895,4483.49,4485.435,940.0,False,False,False,False,False,False
2026-05-20 04:20:00,OANDA:XAUUSD,4485.4,4488.355,4485.215,4487.36,896.0,False,False,True,False,True,False
2026-05-20 04:25:00,OANDA:XAUUSD,4487.35,4487.605,4485.745,4486.35,846.0,False,False,False,False,False,False
2026-05-20 04:30:00,OANDA:XAUUSD,4486.345,4486.425,4483.49,4484.13,669.0,False,True,False,False,False,True
2026-05-20 04:35:00,OANDA:XAUUSD,4484.195,4484.97,4483.415,4483.51,997.0,False,False,False,True,False,False
2026-05-20 04:40:00,OANDA:XAUUSD,4483.5,4484.735,4482.085,4483.625,975.0,False,False,False,True,False,False
2026-05-20 04:45:00,OANDA:XAUUSD,4483.63,4484.45,4482.82,4483.32,682.0,False,False,False,False,False,False
2026-05-20 04:50:00,OANDA:XAUUSD,4483.34,4484.44,4482.345,4482.705,508.0,False,False,False,False,False,True
2026-05-20 04:55:00,OANDA:XAUUSD,4482.785,4484.34,4481.8,4482.115,608.0,True,False,False,True,False,True
2026-05-20 06:00:00,OANDA:XAUUSD,4484.735,4484.745,4484.735,4484.74,4.0,False,False,False,False,True,False
2026-05-20 06:05:00,OANDA:XAUUSD,4484.78,4485.845,4482.255,4484.57,758.0,False,False,True,False,False,True
2026-05-20 06:10:00,OANDA:XAUUSD,4484.395,4484.8,4482.74,4482.895,685.0,False,False,False,False,False,False
2026-05-20 06:15:00,OANDA:XAUUSD,4482.91,4482.96,4478.455,4480.385,1142.0,False,True,False,True,False,True
2026-05-20 06:20:00,OANDA:XAUUSD,4480.4,4481.5,4479.595,4480.875,856.0,False,False,False,False,False,False
2026-05-20 06:25:00,OANDA:XAUUSD,4480.87,4480.955,4478.565,4479.555,796.0,False,False,False,False,False,True
2026-05-20 06:30:00,OANDA:XAUUSD,4479.56,4484.225,4477.45,4483.69,1200.0,False,False,False,True,True,False
2026-05-20 06:35:00,OANDA:XAUUSD,4483.72,4485.975,4480.155,4480.86,1118.0,False,False,True,False,False,False
2026-05-20 06:40:00,OANDA:XAUUSD,4480.765,4484.61,4479.995,4482.22,1287.0,False,False,False,False,False,False
2026-05-20 06:45:00,OANDA:XAUUSD,4482.215,4483.985,4480.2,4482.34,1318.0,False,False,False,False,False,False
2026-05-20 06:50:00,OANDA:XAUUSD,4482.35,4483.195,4479.615,4481.585,1524.0,False,False,False,False,False,False
2026-05-20 06:55:00,OANDA:XAUUSD,4481.59,4484.895,4481.485,4484.73,1230.0,False,False,False,False,True,False
2026-05-20 07:00:00,OANDA:XAUUSD,4484.61,4484.61,4479.995,4483.79,1401.0,False,False,False,False,False,False
2026-05-20 07:05:00,OANDA:XAUUSD,4483.825,4484.795,4481.785,4484.04,786.0,False,False,False,False,False,False
2026-05-20 07:10:00,OANDA:XAUUSD,4484.105,4486.94,4483.675,4486.47,986.0,False,False,True,False,True,False
2026-05-20 07:15:00,OANDA:XAUUSD,4486.41,4488.76,4483.535,4488.35,1134.0,False,False,True,False,True,False
2026-05-20 07:20:00,OANDA:XAUUSD,4488.29,4488.75,4484.96,4486.8,1042.0,False,False,False,False,False,False
2026-05-20 07:25:00,OANDA:XAUUSD,4486.795,4487.705,4485.69,4486.21,602.0,False,False,False,False,False,False
2026-05-20 07:30:00,OANDA:XAUUSD,4486.285,4493.89,4485.69,4493.22,1585.0,True,False,True,False,True,False
2026-05-20 07:35:00,OANDA:XAUUSD,4493.215,4494.605,4489.38,4493.635,1516.0,False,False,True,False,False,False
2026-05-20 07:40:00,OANDA:XAUUSD,4493.625,4496.595,4491.725,4492.6,1455.0,False,False,True,False,False,False
2026-05-20 07:45:00,OANDA:XAUUSD,4492.58,4494.53,4490.095,4493.715,1423.0,False,False,False,False,False,False
2026-05-20 07:50:00,OANDA:XAUUSD,4493.68,4494.815,4490.4,4491.075,1068.0,False,False,False,False,False,False
2026-05-20 07:55:00,OANDA:XAUUSD,4491.09,4492.975,4488.315,4489.485,1055.0,False,True,False,False,False,True
2026-05-20 08:00:00,OANDA:XAUUSD,4489.51,4490.005,4482.405,4486.305,3414.0,False,True,False,True,False,True
2026-05-20 08:05:00,OANDA:XAUUSD,4486.315,4487.055,4479.82,4484.345,3519.0,False,False,False,True,False,False
2026-05-20 08:10:00,OANDA:XAUUSD,4484.355,4490.71,4481.87,4488.645,3776.0,False,False,False,False,True,False
2026-05-20 08:15:00,OANDA:XAUUSD,4488.655,4490.82,4482.67,4483.865,4142.0,False,False,False,False,False,False
2026-05-20 08:20:00,OANDA:XAUUSD,4483.83,4492.06,4481.5,4492.06,4556.0,False,False,False,False,True,False
2026-05-20 08:25:00,OANDA:XAUUSD,4492.145,4502.18,4490.295,4501.905,4960.0,True,False,True,False,True,False
2026-05-20 08:30:00,OANDA:XAUUSD,4501.87,4507.43,4500.325,4503.185,4166.0,False,False,True,False,True,False
2026-05-20 08:35:00,OANDA:XAUUSD,4503.34,4505.845,4500.045,4502.02,3538.0,False,False,False,False,False,False
2026-05-20 08:40:00,OANDA:XAUUSD,4501.98,4507.1,4501.365,4505.155,3811.0,False,False,False,False,False,False
2026-05-20 08:45:00,OANDA:XAUUSD,4505.135,4508.85,4503.14,4504.85,3673.0,False,False,True,False,False,False
2026-05-20 08:50:00,OANDA:XAUUSD,4504.835,4505.415,4500.585,4503.725,2817.0,False,False,False,False,False,False
2026-05-20 08:55:00,OANDA:XAUUSD,4503.775,4503.985,4498.385,4501.185,2746.0,False,False,False,True,False,False
2026-05-20 09:00:00,OANDA:XAUUSD,4501.175,4506.29,4490.125,4494.025,6203.0,False,True,False,True,False,True
2026-05-20 09:05:00,OANDA:XAUUSD,4494.065,4495.795,4488.17,4495.32,3470.0,False,False,False,True,False,False
2026-05-20 09:10:00,OANDA:XAUUSD,4495.39,4500.56,4491.47,4492.67,3491.0,False,False,False,False,False,False
2026-05-20 09:15:00,OANDA:XAUUSD,4492.685,4496.375,4491.915,4495.695,3047.0,False,False,False,False,False,False
2026-05-20 09:20:00,OANDA:XAUUSD,4495.715,4496.96,4483.415,4484.755,2822.0,False,True,False,True,False,True
2026-05-20 09:25:00,OANDA:XAUUSD,4484.77,4485.95,4472.73,4473.625,4046.0,False,True,False,True,False,True
2026-05-20 09:30:00,OANDA:XAUUSD,4473.68,4477.295,4467.91,4473.625,5121.0,False,False,False,True,False,False
2026-05-20 09:35:00,OANDA:XAUUSD,4473.64,4473.64,4456.095,4468.245,6873.0,False,False,False,True,False,False
2026-05-20 09:40:00,OANDA:XAUUSD,4468.25,4469.195,4461.915,4466.835,5282.0,False,False,False,False,False,False
2026-05-20 09:45:00,OANDA:XAUUSD,4466.845,4474.0,4463.32,4472.705,3794.0,True,False,False,False,True,False
2026-05-20 09:50:00,OANDA:XAUUSD,4472.47,4488.65,4472.47,4481.81,5392.0,True,False,True,False,True,False
2026-05-20 09:55:00,OANDA:XAUUSD,4481.83,4482.92,4478.865,4481.485,2923.0,False,False,False,False,False,False
2026-05-20 10:00:00,OANDA:XAUUSD,4481.54,4485.445,4480.42,4485.41,2841.0,False,False,False,False,True,False
2026-05-20 10:05:00,OANDA:XAUUSD,4485.415,4487.205,4478.845,4479.745,3299.0,False,False,False,False,False,True
2026-05-20 10:10:00,OANDA:XAUUSD,4479.795,4482.0,4476.4,4481.435,3035.0,False,False,False,False,False,False
2026-05-20 10:15:00,OANDA:XAUUSD,4481.495,4482.755,4476.47,4477.485,1761.0,False,False,False,False,False,False
2026-05-20 10:20:00,OANDA:XAUUSD,4477.365,4487.24,4476.645,4484.785,2691.0,False,False,True,False,True,False
2026-05-20 10:25:00,OANDA:XAUUSD,4484.855,4485.045,4479.595,4481.645,3293.0,False,False,False,False,False,False
2026-05-20 10:30:00,OANDA:XAUUSD,4481.685,4483.69,4466.12,4470.78,5289.0,False,True,False,True,False,True
2026-05-20 10:35:00,OANDA:XAUUSD,4470.765,4471.48,4465.825,4470.0,4417.0,False,False,False,True,False,False
2026-05-20 10:40:00,OANDA:XAUUSD,4469.985,4471.985,4460.82,4460.845,4142.0,False,True,False,True,False,True
2026-05-20 10:45:00,OANDA:XAUUSD,4460.83,4465.225,4459.72,4464.68,4262.0,False,False,False,True,False,False
2026-05-20 10:50:00,OANDA:XAUUSD,4464.665,4466.4,4461.985,4463.455,2337.0,False,False,False,False,False,False
2026-05-20 10:55:00,OANDA:XAUUSD,4463.5,4466.28,4458.68,4465.395,2771.0,False,False,False,True,False,False
2026-05-20 11:00:00,OANDA:XAUUSD,4465.305,4467.265,4460.165,4463.16,3549.0,False,False,False,False,False,False
2026-05-20 11:05:00,OANDA:XAUUSD,4463.155,4463.85,4453.39,4456.825,4178.0,False,False,False,True,False,True
2026-05-20 11:10:00,OANDA:XAUUSD,4456.85,4461.28,4456.1,4458.03,2611.0,False,False,False,False,False,False
2026-05-20 11:15:00,OANDA:XAUUSD,4457.965,4464.15,4457.24,4462.71,2183.0,False,False,False,False,True,False
2026-05-20 11:20:00,OANDA:XAUUSD,4462.355,4463.375,4460.36,4462.48,1899.0,False,False,False,False,False,False
2026-05-20 11:25:00,OANDA:XAUUSD,4462.475,4464.42,4459.815,4461.11,2215.0,False,False,False,False,False,False
2026-05-20 11:30:00,OANDA:XAUUSD,4460.99,4461.81,4457.765,4459.045,2524.0,False,False,False,False,False,True
2026-05-20 11:35:00,OANDA:XAUUSD,4459.09,4466.335,4458.965,4464.62,2189.0,False,False,True,False,True,False
2026-05-20 11:40:00,OANDA:XAUUSD,4464.59,4466.17,4460.44,4460.72,1942.0,False,False,False,False,False,False
2026-05-20 11:45:00,OANDA:XAUUSD,4460.69,4461.77,4458.42,4459.785,1275.0,False,False,False,False,False,True
2026-05-20 11:50:00,OANDA:XAUUSD,4459.715,4461.64,4458.66,4460.9,1154.0,False,False,False,False,False,False
2026-05-20 11:55:00,OANDA:XAUUSD,4460.97,4465.345,4460.17,4463.96,849.0,True,False,False,False,True,False
2026-05-20 12:00:00,OANDA:XAUUSD,4463.955,4470.34,4463.55,4468.845,2366.0,True,False,True,False,True,False
2026-05-20 12:05:00,OANDA:XAUUSD,4468.85,4469.46,4466.78,4467.725,876.0,False,False,False,False,False,False
2026-05-20 12:10:00,OANDA:XAUUSD,4467.7,4469.725,4465.4,4469.275,1226.0,False,False,False,False,False,False
2026-05-20 12:15:00,OANDA:XAUUSD,4469.33,4470.75,4465.58,4465.79,809.0,False,False,True,False,False,False
2026-05-20 12:20:00,OANDA:XAUUSD,4465.76,4467.285,4463.28,4467.065,1476.0,False,False,False,False,False,False
2026-05-20 12:25:00,OANDA:XAUUSD,4467.005,4467.445,4462.505,4465.34,1245.0,False,False,False,True,False,False
2026-05-20 12:30:00,OANDA:XAUUSD,4465.24,4465.98,4462.275,4462.88,1093.0,False,False,False,True,False,False
2026-05-20 12:35:00,OANDA:XAUUSD,4462.9,4465.67,4460.68,4464.395,1876.0,False,False,False,True,False,False
2026-05-20 12:40:00,OANDA:XAUUSD,4464.37,4465.73,4460.57,4463.205,1286.0,False,False,False,True,False,False
2026-05-20 12:45:00,OANDA:XAUUSD,4463.355,4463.48,4456.8,4460.135,1982.0,False,False,False,True,False,True
2026-05-20 12:50:00,OANDA:XAUUSD,4460.085,4463.23,4459.47,4461.515,1307.0,False,False,False,False,False,False
2026-05-20 12:55:00,OANDA:XAUUSD,4461.51,4463.18,4460.145,4462.14,805.0,False,False,False,False,False,False
2026-05-20 13:00:00,OANDA:XAUUSD,4462.07,4471.685,4461.79,4471.18,1651.0,True,False,True,False,True,False
2026-05-20 13:05:00,OANDA:XAUUSD,4471.12,4472.965,4467.56,4468.555,1566.0,False,False,True,False,False,False
2026-05-20 13:10:00,OANDA:XAUUSD,4468.56,4469.9,4467.285,4469.48,1109.0,False,False,False,False,False,False
2026-05-20 13:15:00,OANDA:XAUUSD,4469.37,4472.225,4467.45,4471.745,1630.0,True,False,False,False,True,False
2026-05-20 13:20:00,OANDA:XAUUSD,4471.695,4475.43,4471.015,4471.21,1634.0,False,False,True,False,False,False
2026-05-20 13:25:00,OANDA:XAUUSD,4471.195,4471.81,4467.315,4468.535,1605.0,False,False,False,False,False,True
2026-05-20 13:30:00,OANDA:XAUUSD,4468.53,4479.125,4468.175,4477.395,3357.0,True,False,True,False,True,False
2026-05-20 13:35:00,OANDA:XAUUSD,4477.36,4478.78,4475.27,4476.83,2681.0,False,False,False,False,False,False
2026-05-20 13:40:00,OANDA:XAUUSD,4476.88,4478.31,4471.78,4472.47,2505.0,False,True,False,False,False,True
2026-05-20 13:45:00,OANDA:XAUUSD,4472.49,4472.56,4463.46,4465.68,2489.0,False,False,False,True,False,True
2026-05-20 13:50:00,OANDA:XAUUSD,4465.7,4472.61,4464.62,4471.615,2306.0,False,False,False,False,False,False
2026-05-20 13:55:00,OANDA:XAUUSD,4471.445,4475.495,4471.275,4472.855,2304.0,False,False,False,False,True,False
2026-05-20 14:00:00,OANDA:XAUUSD,4472.83,4477.72,4470.66,4473.02,3161.0,False,False,False,False,False,False
2026-05-20 14:05:00,OANDA:XAUUSD,4472.975,4474.63,4469.155,4469.67,3091.0,False,False,False,False,False,True
2026-05-20 14:10:00,OANDA:XAUUSD,4469.66,4472.37,4467.665,4472.37,2818.0,False,False,False,False,False,False
2026-05-20 14:15:00,OANDA:XAUUSD,4472.415,4478.48,4471.965,4477.15,2917.0,False,False,True,False,True,False
2026-05-20 14:20:00,OANDA:XAUUSD,4477.095,4477.7,4468.55,4468.665,3341.0,False,False,False,False,False,True
2026-05-20 14:25:00,OANDA:XAUUSD,4468.725,4474.67,4467.715,4472.18,3717.0,False,False,False,False,False,False
2026-05-20 14:30:00,OANDA:XAUUSD,4472.19,4472.71,4466.685,4466.815,3169.0,False,False,False,True,False,True
2026-05-20 14:35:00,OANDA:XAUUSD,4466.78,4468.535,4461.69,4466.99,3147.0,False,False,False,True,False,False
2026-05-20 14:40:00,OANDA:XAUUSD,4466.995,4467.265,4463.985,4467.265,2627.0,False,False,False,False,False,False
2026-05-20 14:45:00,OANDA:XAUUSD,4467.27,4475.085,4465.415,4474.035,2744.0,True,False,False,False,True,False
2026-05-20 14:50:00,OANDA:XAUUSD,4474.065,4478.555,4472.345,4475.09,3614.0,False,False,True,False,True,False
2026-05-20 14:55:00,OANDA:XAUUSD,4475.095,4475.99,4471.47,4474.47,2315.0,False,False,False,False,False,False
2026-05-20 15:00:00,OANDA:XAUUSD,4474.355,4479.285,4472.08,4477.52,3897.0,False,False,True,False,True,False
2026-05-20 15:05:00,OANDA:XAUUSD,4477.51,4483.725,4475.515,4483.25,2666.0,True,False,True,False,True,False
2026-05-20 15:10:00,OANDA:XAUUSD,4483.23,4485.355,4480.515,4481.445,3002.0,False,False,True,False,False,False
2026-05-20 15:15:00,OANDA:XAUUSD,4481.45,4481.465,4478.14,4479.03,2042.0,False,False,False,False,False,True
2026-05-20 15:20:00,OANDA:XAUUSD,4479.035,4484.325,4476.465,4480.55,2544.0,False,False,False,False,False,False
2026-05-20 15:25:00,OANDA:XAUUSD,4480.545,4483.685,4479.83,4482.88,2197.0,False,False,False,False,False,False
2026-05-20 15:30:00,OANDA:XAUUSD,4482.915,4486.095,4477.745,4478.3,2689.0,False,False,True,False,False,True
2026-05-20 15:35:00,OANDA:XAUUSD,4478.32,4481.27,4476.16,4480.27,2326.0,False,False,False,True,False,False
2026-05-20 15:40:00,OANDA:XAUUSD,4480.26,4483.85,4478.785,4481.655,2495.0,False,False,False,False,True,False
2026-05-20 15:45:00,OANDA:XAUUSD,4481.63,4482.31,4476.355,4477.995,2166.0,False,False,False,False,False,True
2026-05-20 15:50:00,OANDA:XAUUSD,4478.02,4479.15,4475.105,4479.15,2098.0,False,False,False,True,False,False
2026-05-20 15:55:00,OANDA:XAUUSD,4479.1,4479.885,4476.825,4478.545,1953.0,False,False,False,False,False,False
2026-05-20 16:00:00,OANDA:XAUUSD,4478.585,4481.65,4476.81,4481.515,2429.0,False,False,False,False,True,False
2026-05-20 16:05:00,OANDA:XAUUSD,4481.51,4483.37,4477.03,4479.335,2579.0,False,False,False,False,False,False
2026-05-20 16:10:00,OANDA:XAUUSD,4479.445,4484.27,4477.5,4482.365,2931.0,False,False,True,False,False,False
2026-05-20 16:15:00,OANDA:XAUUSD,4482.375,4484.0,4479.675,4481.945,2248.0,False,False,False,False,False,False
2026-05-20 16:20:00,OANDA:XAUUSD,4481.895,4486.495,4478.535,4484.38,2864.0,False,False,True,False,True,False
2026-05-20 16:25:00,OANDA:XAUUSD,4484.37,4486.64,4482.54,4486.64,2168.0,False,False,True,False,True,False
2026-05-20 16:30:00,OANDA:XAUUSD,4486.685,4489.63,4483.16,4483.24,2347.0,False,False,True,False,False,False
2026-05-20 16:35:00,OANDA:XAUUSD,4483.29,4484.7,4478.86,4483.815,2093.0,False,False,False,False,False,False
2026-05-20 16:40:00,OANDA:XAUUSD,4483.795,4483.85,4476.875,4479.47,2197.0,False,False,False,True,False,False
2026-05-20 16:45:00,OANDA:XAUUSD,4479.455,4483.295,4479.295,4481.95,2604.0,False,False,False,False,False,False
2026-05-20 16:50:00,OANDA:XAUUSD,4482.005,4489.71,4481.5,4489.36,2273.0,True,False,True,False,True,False
2026-05-20 16:55:00,OANDA:XAUUSD,4489.36,4490.305,4483.565,4484.065,2079.0,False,False,True,False,False,False
2026-05-20 17:00:00,OANDA:XAUUSD,4484.035,4486.195,4483.535,4484.56,1718.0,False,False,False,False,False,False
2026-05-20 17:05:00,OANDA:XAUUSD,4484.58,4486.3,4481.805,4482.335,1984.0,False,True,False,False,False,True
2026-05-20 17:10:00,OANDA:XAUUSD,4482.35,4482.58,4479.87,4480.46,1639.0,False,False,False,False,False,True
2026-05-20 17:15:00,OANDA:XAUUSD,4480.405,4482.59,4479.115,4482.585,1567.0,False,False,False,True,True,False
2026-05-20 17:20:00,OANDA:XAUUSD,4482.595,4483.77,4478.745,4479.555,1817.0,False,False,False,True,False,False
2026-05-20 17:25:00,OANDA:XAUUSD,4479.56,4479.675,4472.835,4474.315,2146.0,False,False,False,True,False,True
2026-05-20 17:30:00,OANDA:XAUUSD,4474.215,4482.9,4472.805,4482.47,2606.0,True,False,False,True,True,False
2026-05-20 17:35:00,OANDA:XAUUSD,4482.48,4483.53,4480.29,4483.48,1591.0,True,False,False,False,True,False
2026-05-20 17:40:00,OANDA:XAUUSD,4483.6,4485.035,4483.31,4483.395,1573.0,False,False,True,False,False,False
2026-05-20 17:45:00,OANDA:XAUUSD,4483.48,4484.59,4481.96,4483.345,1212.0,False,False,False,False,False,False
2026-05-20 17:50:00,OANDA:XAUUSD,4483.335,4490.305,4482.745,4489.405,2204.0,False,False,True,False,True,False
2026-05-20 17:55:00,OANDA:XAUUSD,4489.41,4491.18,4484.4,4484.925,1733.0,False,False,True,False,False,False
2026-05-20 18:00:00,OANDA:XAUUSD,4484.885,4487.485,4484.68,4486.03,1727.0,False,False,False,False,False,False
2026-05-20 18:05:00,OANDA:XAUUSD,4486.05,4492.32,4486.05,4489.82,1305.0,False,False,True,False,True,False
2026-05-20 18:10:00,OANDA:XAUUSD,4489.805,4490.95,4486.82,4488.1,1372.0,False,False,False,False,False,False
2026-05-20 18:15:00,OANDA:XAUUSD,4488.09,4491.11,4487.29,4488.32,1378.0,False,False,False,False,False,False
2026-05-20 18:20:00,OANDA:XAUUSD,4488.325,4492.765,4488.19,4491.725,1591.0,False,False,True,False,True,False
2026-05-20 18:25:00,OANDA:XAUUSD,4491.645,4492.49,4488.91,4489.16,1287.0,False,False,False,False,False,False
2026-05-20 18:30:00,OANDA:XAUUSD,4489.165,4492.6,4488.725,4492.57,1495.0,False,False,False,False,True,False
2026-05-20 18:35:00,OANDA:XAUUSD,4492.535,4497.115,4492.35,4495.92,2051.0,True,False,True,False,True,False
2026-05-20 18:40:00,OANDA:XAUUSD,4495.9,4496.975,4494.015,4494.39,1606.0,False,False,False,False,False,False
2026-05-20 18:45:00,OANDA:XAUUSD,4494.43,4495.78,4492.33,4492.765,1618.0,False,False,False,False,False,True
2026-05-20 18:50:00,OANDA:XAUUSD,4492.77,4495.205,4490.335,4494.76,1516.0,False,False,False,False,False,False
2026-05-20 18:55:00,OANDA:XAUUSD,4494.765,4494.97,4492.715,4494.85,1155.0,False,False,False,False,False,False
2026-05-20 19:00:00,OANDA:XAUUSD,4494.845,4496.855,4492.845,4494.355,1645.0,False,False,False,False,False,False
2026-05-20 19:05:00,OANDA:XAUUSD,4494.415,4496.02,4494.255,4494.865,942.0,False,False,False,False,False,False
2026-05-20 19:10:00,OANDA:XAUUSD,4494.85,4496.4,4493.02,4493.14,1194.0,False,False,False,False,False,True
2026-05-20 19:15:00,OANDA:XAUUSD,4493.135,4496.725,4491.67,4491.95,1353.0,False,False,False,False,False,True
2026-05-20 19:20:00,OANDA:XAUUSD,4492.0,4496.635,4491.255,4496.1,1146.0,False,False,False,True,False,False
2026-05-20 19:25:00,OANDA:XAUUSD,4496.095,4501.29,4495.63,4500.23,1772.0,False,False,True,False,True,False
2026-05-20 19:30:00,OANDA:XAUUSD,4500.195,4500.615,4496.635,4498.745,1877.0,False,False,False,False,False,False
2026-05-20 19:35:00,OANDA:XAUUSD,4498.735,4499.54,4496.16,4498.02,1832.0,False,False,False,False,False,False
2026-05-20 19:40:00,OANDA:XAUUSD,4498.025,4498.465,4493.525,4495.37,1832.0,False,False,False,False,False,True
2026-05-20 19:45:00,OANDA:XAUUSD,4495.315,4496.89,4492.03,4493.235,1264.0,False,False,False,False,False,True
2026-05-20 19:50:00,OANDA:XAUUSD,4493.175,4498.26,4490.905,4498.26,2392.0,False,False,False,True,True,False
2026-05-20 19:55:00,OANDA:XAUUSD,4498.32,4499.545,4496.13,4499.16,1717.0,False,False,False,False,True,False
2026-05-20 20:00:00,OANDA:XAUUSD,4499.08,4501.11,4496.01,4496.535,2488.0,False,False,True,False,False,False
2026-05-20 20:05:00,OANDA:XAUUSD,4496.55,4500.145,4495.875,4497.64,2262.0,False,False,False,False,False,False
2026-05-20 20:10:00,OANDA:XAUUSD,4497.645,4497.935,4496.33,4496.625,1423.0,False,False,False,False,False,False
2026-05-20 20:15:00,OANDA:XAUUSD,4496.64,4497.185,4494.005,4494.51,1910.0,False,False,False,False,False,True
2026-05-20 20:20:00,OANDA:XAUUSD,4494.495,4497.155,4493.07,4496.5,2224.0,False,False,False,True,False,False
2026-05-20 20:25:00,OANDA:XAUUSD,4496.505,4499.805,4496.385,4499.805,2511.0,True,False,False,False,True,False
2026-05-20 20:30:00,OANDA:XAUUSD,4499.89,4504.55,4499.3,4503.765,3737.0,True,False,True,False,True,False
2026-05-20 20:35:00,OANDA:XAUUSD,4503.76,4504.835,4501.27,4503.805,2398.0,False,False,True,False,False,False
2026-05-20 20:40:00,OANDA:XAUUSD,4503.825,4504.63,4501.435,4502.91,2430.0,False,False,False,False,False,False
2026-05-20 20:45:00,OANDA:XAUUSD,4502.925,4505.435,4501.855,4503.195,2561.0,False,False,True,False,False,False
2026-05-20 20:50:00,OANDA:XAUUSD,4503.105,4503.195,4498.525,4498.58,1403.0,False,True,False,False,False,True
2026-05-20 20:55:00,OANDA:XAUUSD,4498.56,4498.865,4494.015,4496.245,2651.0,False,False,False,True,False,True
2026-05-20 21:00:00,OANDA:XAUUSD,4496.24,4501.375,4493.995,4497.85,5484.0,False,False,False,True,False,False
2026-05-20 21:05:00,OANDA:XAUUSD,4497.84,4501.84,4496.66,4498.71,3458.0,False,False,False,False,False,False
2026-05-20 21:10:00,OANDA:XAUUSD,4498.705,4506.36,4497.545,4505.425,3363.0,False,False,True,False,True,False
2026-05-20 21:15:00,OANDA:XAUUSD,4505.41,4505.555,4499.06,4499.355,4010.0,False,False,False,False,False,False
2026-05-20 21:20:00,OANDA:XAUUSD,4499.545,4500.6,4493.96,4494.285,3422.0,False,True,False,True,False,True
2026-05-20 21:25:00,OANDA:XAUUSD,4494.28,4495.065,4489.33,4489.475,3321.0,False,True,False,True,False,True
2026-05-20 21:30:00,OANDA:XAUUSD,4489.49,4493.14,4488.065,4491.71,4260.0,False,False,False,True,False,False
2026-05-20 21:35:00,OANDA:XAUUSD,4491.725,4493.14,4484.815,4485.47,4227.0,False,False,False,True,False,True
2026-05-20 21:40:00,OANDA:XAUUSD,4485.53,4490.645,4483.25,4490.025,5178.0,False,False,False,True,False,False
2026-05-20 21:45:00,OANDA:XAUUSD,4490.015,4492.285,4486.535,4487.185,3837.0,False,False,False,False,False,False
2026-05-20 21:50:00,OANDA:XAUUSD,4487.165,4489.56,4484.985,4486.135,3157.0,False,False,False,False,False,True
2026-05-20 21:55:00,OANDA:XAUUSD,4486.14,4486.535,4482.26,4483.265,4038.0,False,False,False,True,False,True
2026-05-20 22:00:00,OANDA:XAUUSD,4483.285,4485.26,4481.035,4481.56,4368.0,False,True,False,True,False,True
2026-05-20 22:05:00,OANDA:XAUUSD,4481.51,4481.845,4474.93,4476.135,4449.0,False,True,False,True,False,True
2026-05-20 22:10:00,OANDA:XAUUSD,4476.23,4480.81,4467.245,4477.165,8475.0,False,False,False,True,False,False
2026-05-20 22:15:00,OANDA:XAUUSD,4477.12,4503.86,4476.72,4498.74,16083.0,True,False,True,False,True,False
2026-05-20 22:20:00,OANDA:XAUUSD,4498.73,4510.995,4495.795,4503.075,11352.0,False,False,True,False,False,False
2026-05-20 22:25:00,OANDA:XAUUSD,4503.08,4507.14,4498.92,4506.865,9792.0,False,False,False,False,False,False
2026-05-20 22:30:00,OANDA:XAUUSD,4506.875,4528.865,4506.875,4524.655,11877.0,True,False,True,False,True,False
2026-05-20 22:35:00,OANDA:XAUUSD,4524.65,4527.015,4515.305,4523.52,10668.0,False,False,False,False,False,False
2026-05-20 22:40:00,OANDA:XAUUSD,4523.56,4523.92,4517.13,4520.85,7037.0,False,False,False,False,False,False
2026-05-20 22:45:00,OANDA:XAUUSD,4520.845,4524.4,4516.755,4522.165,6343.0,False,False,False,False,False,False
2026-05-20 22:50:00,OANDA:XAUUSD,4522.175,4529.925,4521.23,4529.6,6043.0,True,False,True,False,True,False
2026-05-20 22:55:00,OANDA:XAUUSD,4529.7,4537.355,4528.755,4531.295,6226.0,False,False,True,False,True,False
2026-05-20 23:00:00,OANDA:XAUUSD,4531.3,4535.7,4529.51,4530.345,6102.0,False,False,False,False,False,False
2026-05-20 23:05:00,OANDA:XAUUSD,4530.355,4531.945,4523.925,4526.325,4610.0,False,True,False,False,False,True
2026-05-20 23:10:00,OANDA:XAUUSD,4526.345,4526.95,4523.175,4524.57,4218.0,False,False,False,False,False,False
2026-05-20 23:15:00,OANDA:XAUUSD,4524.61,4553.045,4524.555,4543.525,14344.0,True,False,True,False,True,False
2026-05-20 23:20:00,OANDA:XAUUSD,4543.505,4545.375,4535.915,4536.435,7093.0,False,False,False,False,False,False
2026-05-20 23:25:00,OANDA:XAUUSD,4536.4,4537.53,4528.64,4529.51,5246.0,False,True,False,False,False,True
2026-05-20 23:30:00,OANDA:XAUUSD,4529.49,4535.195,4527.7,4534.97,5486.0,False,False,False,False,False,False
2026-05-20 23:35:00,OANDA:XAUUSD,4535.005,4539.365,4534.8,4537.93,4725.0,False,False,False,False,True,False
2026-05-20 23:40:00,OANDA:XAUUSD,4537.965,4539.67,4534.88,4536.99,4184.0,False,False,False,False,False,False
2026-05-20 23:45:00,OANDA:XAUUSD,4537.0,4537.91,4535.415,4537.235,3396.0,False,False,False,False,False,False
2026-05-20 23:50:00,OANDA:XAUUSD,4537.315,4537.92,4532.545,4533.42,3213.0,False,True,False,False,False,True
2026-05-20 23:55:00,OANDA:XAUUSD,4533.445,4534.15,4527.36,4529.21,3946.0,False,True,False,True,False,True
2026-05-21 00:00:00,OANDA:XAUUSD,4529.27,4532.27,4528.475,4532.06,3544.0,False,False,False,False,False,False
2026-05-21 00:05:00,OANDA:XAUUSD,4532.065,4535.35,4531.495,4533.375,3509.0,False,False,False,False,True,False
2026-05-21 00:10:00,OANDA:XAUUSD,4533.49,4534.88,4531.49,4533.6,3419.0,False,False,False,False,False,False
2026-05-21 00:15:00,OANDA:XAUUSD,4533.69,4533.69,4529.73,4530.985,3016.0,False,False,False,False,False,True
2026-05-21 00:20:00,OANDA:XAUUSD,4530.995,4531.515,4525.065,4526.215,5175.0,False,True,False,True,False,True
2026-05-21 00:25:00,OANDA:XAUUSD,4526.205,4527.82,4524.115,4526.165,4488.0,False,False,False,True,False,False
2026-05-21 00:30:00,OANDA:XAUUSD,4526.15,4529.56,4524.225,4525.735,4010.0,False,False,False,False,False,False
2026-05-21 00:35:00,OANDA:XAUUSD,4525.76,4528.785,4525.525,4527.46,3189.0,False,False,False,False,False,False
2026-05-21 00:40:00,OANDA:XAUUSD,4527.455,4533.995,4527.35,4533.95,3637.0,True,False,True,False,True,False
2026-05-21 00:45:00,OANDA:XAUUSD,4533.975,4535.065,4530.315,4532.36,2403.0,False,False,True,False,False,False
2026-05-21 00:50:00,OANDA:XAUUSD,4532.28,4533.46,4531.0,4532.765,1985.0,False,False,False,False,False,False
2026-05-21 00:55:00,OANDA:XAUUSD,4532.725,4535.555,4531.29,4534.465,2446.0,False,False,True,False,True,False
2026-05-21 01:00:00,OANDA:XAUUSD,4534.475,4534.82,4531.545,4532.16,1988.0,False,False,False,False,False,False
2026-05-21 01:05:00,OANDA:XAUUSD,4532.175,4535.815,4531.21,4535.775,2344.0,False,False,True,False,True,False
2026-05-21 01:10:00,OANDA:XAUUSD,4535.785,4538.24,4533.39,4534.58,2795.0,False,False,True,False,False,False
2026-05-21 01:15:00,OANDA:XAUUSD,4534.56,4535.82,4533.21,4535.275,2318.0,False,False,False,False,False,False
2026-05-21 01:20:00,OANDA:XAUUSD,4535.28,4536.93,4533.225,4534.035,2351.0,False,False,False,False,False,False
2026-05-21 01:25:00,OANDA:XAUUSD,4534.045,4536.42,4531.02,4532.61,3769.0,False,False,False,True,False,True
2026-05-21 01:30:00,OANDA:XAUUSD,4532.645,4535.235,4529.995,4531.05,3501.0,False,False,False,True,False,False
2026-05-21 01:35:00,OANDA:XAUUSD,4531.045,4536.605,4530.395,4535.945,3505.0,False,False,False,False,True,False
2026-05-21 01:40:00,OANDA:XAUUSD,4535.855,4536.23,4533.135,4533.195,1901.0,False,False,False,False,False,False
2026-05-21 01:45:00,OANDA:XAUUSD,4533.2,4535.275,4532.405,4533.74,2192.0,False,False,False,False,False,False
2026-05-21 01:50:00,OANDA:XAUUSD,4533.75,4534.475,4531.945,4531.95,2154.0,False,False,False,False,False,True
2026-05-21 01:55:00,OANDA:XAUUSD,4531.97,4532.57,4530.345,4531.445,1677.0,False,False,False,False,False,True
2026-05-21 02:00:00,OANDA:XAUUSD,4531.275,4533.065,4529.12,4532.34,2326.0,False,False,False,True,False,False
2026-05-21 02:05:00,OANDA:XAUUSD,4532.36,4533.67,4530.52,4532.97,2630.0,False,False,False,False,False,False
2026-05-21 02:10:00,OANDA:XAUUSD,4533.04,4534.02,4532.32,4532.95,2205.0,False,False,False,False,False,False
2026-05-21 02:15:00,OANDA:XAUUSD,4532.96,4536.75,4532.855,4536.355,2015.0,False,False,True,False,True,False
2026-05-21 02:20:00,OANDA:XAUUSD,4536.36,4536.73,4532.815,4533.78,2854.0,False,False,False,False,False,False
2026-05-21 02:25:00,OANDA:XAUUSD,4533.785,4535.28,4532.04,4535.18,3545.0,False,False,False,False,False,False
2026-05-21 02:30:00,OANDA:XAUUSD,4535.14,4539.99,4535.14,4539.955,2788.0,True,False,True,False,True,False
2026-05-21 02:35:00,OANDA:XAUUSD,4539.875,4543.575,4539.825,4543.03,2735.0,False,False,True,False,True,False
2026-05-21 02:40:00,OANDA:XAUUSD,4543.05,4543.33,4537.005,4537.3,1980.0,False,False,False,False,False,True
2026-05-21 02:45:00,OANDA:XAUUSD,4537.295,4540.765,4536.945,4539.76,2244.0,False,False,False,False,False,False
2026-05-21 02:50:00,OANDA:XAUUSD,4539.735,4543.385,4539.305,4542.17,1727.0,True,False,False,False,True,False
2026-05-21 02:55:00,OANDA:XAUUSD,4542.185,4545.16,4541.98,4542.515,1875.0,False,False,True,False,False,False
2026-05-21 03:00:00,OANDA:XAUUSD,4542.525,4544.875,4542.175,4542.71,2147.0,False,False,False,False,False,False
2026-05-21 03:05:00,OANDA:XAUUSD,4542.72,4544.26,4541.81,4543.41,1232.0,False,False,False,False,False,False
2026-05-21 03:10:00,OANDA:XAUUSD,4543.115,4545.31,4542.945,4543.91,1533.0,False,False,True,False,False,False
2026-05-21 03:15:00,OANDA:XAUUSD,4543.915,4545.905,4543.685,4545.9,2099.0,False,False,True,False,True,False
2026-05-21 03:20:00,OANDA:XAUUSD,4545.905,4546.135,4543.415,4544.25,1653.0,False,False,True,False,False,False
2026-05-21 03:25:00,OANDA:XAUUSD,4544.3,4545.76,4543.675,4545.26,2028.0,False,False,False,False,False,False
2026-05-21 03:30:00,OANDA:XAUUSD,4545.275,4547.395,4545.19,4545.65,2068.0,False,False,True,False,False,False
2026-05-21 03:35:00,OANDA:XAUUSD,4545.64,4550.38,4545.275,4548.25,2250.0,False,False,True,False,True,False
2026-05-21 03:40:00,OANDA:XAUUSD,4548.25,4549.385,4545.495,4546.4,2635.0,False,False,False,False,False,False
2026-05-21 03:45:00,OANDA:XAUUSD,4546.435,4547.7,4545.575,4546.51,2186.0,False,False,False,False,False,False
2026-05-21 03:50:00,OANDA:XAUUSD,4546.43,4548.56,4545.53,4548.015,3165.0,False,False,False,False,True,False
2026-05-21 03:55:00,OANDA:XAUUSD,4548.025,4548.5,4545.455,4545.675,3184.0,False,False,False,False,False,False
2026-05-21 04:00:00,OANDA:XAUUSD,4545.66,4548.01,4545.66,4546.79,1839.0,False,False,False,False,False,False
2026-05-21 04:05:00,OANDA:XAUUSD,4546.795,4547.145,4545.39,4546.645,1124.0,False,False,False,True,False,False
2026-05-21 04:10:00,OANDA:XAUUSD,4546.65,4550.445,4545.84,4546.81,1253.0,False,False,True,False,False,False
2026-05-21 04:15:00,OANDA:XAUUSD,4546.81,4548.53,4545.42,4547.315,1093.0,False,False,False,False,False,False
2026-05-21 04:20:00,OANDA:XAUUSD,4547.22,4547.22,4543.155,4545.25,3029.0,False,False,False,True,False,True
2026-05-21 04:25:00,OANDA:XAUUSD,4545.24,4546.525,4545.055,4545.635,1992.0,False,False,False,False,False,False
2026-05-21 04:30:00,OANDA:XAUUSD,4545.655,4546.33,4543.655,4544.07,1920.0,False,False,False,False,False,True
2026-05-21 04:35:00,OANDA:XAUUSD,4544.07,4545.125,4543.195,4543.74,1083.0,False,False,False,False,False,False
2026-05-21 04:40:00,OANDA:XAUUSD,4543.65,4544.29,4542.595,4543.61,1250.0,False,False,False,True,False,False
2026-05-21 04:45:00,OANDA:XAUUSD,4543.415,4544.785,4542.495,4542.995,665.0,False,False,False,True,False,False
2026-05-21 04:50:00,OANDA:XAUUSD,4543.055,4544.145,4542.18,4543.09,633.0,False,False,False,True,False,False
2026-05-21 04:55:00,OANDA:XAUUSD,4543.05,4544.23,4542.665,4543.705,864.0,True,False,False,False,False,False
2026-05-21 06:00:00,OANDA:XAUUSD,4544.62,4544.64,4544.51,4544.525,22.0,False,False,False,False,True,False
2026-05-21 06:05:00,OANDA:XAUUSD,4544.505,4546.92,4539.135,4539.62,1642.0,False,True,True,True,False,True
2026-05-21 06:10:00,OANDA:XAUUSD,4539.57,4542.615,4538.68,4540.195,2057.0,False,False,False,True,False,False
2026-05-21 06:15:00,OANDA:XAUUSD,4540.19,4540.665,4537.425,4538.0,1525.0,False,False,False,True,False,True
2026-05-21 06:20:00,OANDA:XAUUSD,4538.015,4538.685,4535.35,4537.06,1647.0,False,False,False,True,False,True
2026-05-21 06:25:00,OANDA:XAUUSD,4537.02,4539.345,4536.445,4538.81,1180.0,False,False,False,False,True,False
2026-05-21 06:30:00,OANDA:XAUUSD,4538.8,4542.675,4538.63,4541.435,1247.0,True,False,False,False,True,False
2026-05-21 06:35:00,OANDA:XAUUSD,4541.45,4543.345,4540.72,4542.74,960.0,False,False,True,False,True,False
2026-05-21 06:40:00,OANDA:XAUUSD,4542.725,4543.045,4540.35,4542.205,1255.0,False,False,False,False,False,False
2026-05-21 06:45:00,OANDA:XAUUSD,4542.155,4544.665,4540.525,4541.185,1496.0,False,False,True,False,False,False
2026-05-21 06:50:00,OANDA:XAUUSD,4541.205,4542.13,4537.205,4540.82,1773.0,False,False,False,False,False,False
2026-05-21 06:55:00,OANDA:XAUUSD,4540.8,4542.005,4537.73,4539.9,1477.0,False,False,False,False,False,False
2026-05-21 07:00:00,OANDA:XAUUSD,4539.91,4542.26,4539.91,4542.26,1106.0,False,False,False,False,True,False
2026-05-21 07:05:00,OANDA:XAUUSD,4542.24,4543.29,4538.685,4538.685,1250.0,False,False,False,False,False,True
2026-05-21 07:10:00,OANDA:XAUUSD,4538.68,4540.365,4537.925,4539.955,931.0,False,False,False,False,False,False
2026-05-21 07:15:00,OANDA:XAUUSD,4539.94,4540.64,4538.965,4539.015,759.0,False,False,False,False,False,False
2026-05-21 07:20:00,OANDA:XAUUSD,4538.965,4539.35,4536.44,4537.45,1414.0,False,True,False,True,False,True
2026-05-21 07:25:00,OANDA:XAUUSD,4537.455,4538.81,4534.74,4538.7,1329.0,False,False,False,True,False,False
2026-05-21 07:30:00,OANDA:XAUUSD,4538.715,4541.4,4538.18,4540.16,1014.0,True,False,False,False,True,False
2026-05-21 07:35:00,OANDA:XAUUSD,4540.155,4545.69,4540.06,4545.685,806.0,True,False,True,False,True,False
2026-05-21 07:40:00,OANDA:XAUUSD,4545.69,4545.69,4542.545,4543.04,1390.0,False,False,False,False,False,False
2026-05-21 07:45:00,OANDA:XAUUSD,4543.035,4547.525,4541.93,4545.395,1525.0,False,False,True,False,False,False
2026-05-21 07:50:00,OANDA:XAUUSD,4545.435,4545.57,4543.1,4545.115,1014.0,False,False,False,False,False,False
2026-05-21 07:55:00,OANDA:XAUUSD,4545.1,4546.74,4544.205,4546.74,1211.0,False,False,False,False,True,False
2026-05-21 08:00:00,OANDA:XAUUSD,4546.87,4549.04,4540.205,4542.44,3666.0,False,False,True,False,False,True
2026-05-21 08:05:00,OANDA:XAUUSD,4542.455,4545.12,4540.44,4544.455,3266.0,False,False,False,False,False,False
2026-05-21 08:10:00,OANDA:XAUUSD,4544.475,4545.785,4542.92,4544.815,4018.0,False,False,False,False,False,False
2026-05-21 08:15:00,OANDA:XAUUSD,4544.795,4553.355,4539.99,4546.06,4576.0,False,False,True,True,True,False
2026-05-21 08:20:00,OANDA:XAUUSD,4546.055,4546.6,4538.965,4541.145,3445.0,False,False,False,True,False,False
2026-05-21 08:25:00,OANDA:XAUUSD,4541.135,4545.125,4537.365,4543.68,3372.0,False,False,False,True,False,False
2026-05-21 08:30:00,OANDA:XAUUSD,4543.675,4545.165,4539.625,4544.35,2555.0,False,False,False,False,False,False
2026-05-21 08:35:00,OANDA:XAUUSD,4544.345,4544.995,4542.185,4542.32,2705.0,False,False,False,False,False,False
2026-05-21 08:40:00,OANDA:XAUUSD,4542.35,4544.155,4541.375,4543.755,1561.0,False,False,False,False,False,False
2026-05-21 08:45:00,OANDA:XAUUSD,4543.72,4544.91,4541.97,4544.305,2402.0,False,False,False,False,True,False
2026-05-21 08:50:00,OANDA:XAUUSD,4544.345,4548.78,4543.585,4547.72,1689.0,False,False,True,False,True,False
2026-05-21 08:55:00,OANDA:XAUUSD,4547.68,4548.275,4544.9,4545.16,2242.0,False,False,False,False,False,False
2026-05-21 09:00:00,OANDA:XAUUSD,4545.19,4549.4,4539.92,4543.59,6571.0,False,False,True,True,False,True
2026-05-21 09:05:00,OANDA:XAUUSD,4543.615,4551.005,4541.07,4549.65,4567.0,True,False,True,False,True,False
2026-05-21 09:10:00,OANDA:XAUUSD,4549.67,4560.26,4549.525,4560.145,4406.0,True,False,True,False,True,False
2026-05-21 09:15:00,OANDA:XAUUSD,4560.19,4561.29,4558.22,4559.51,3498.0,False,False,True,False,False,False
2026-05-21 09:20:00,OANDA:XAUUSD,4559.375,4567.835,4557.135,4565.055,2711.0,False,False,True,False,True,False
2026-05-21 09:25:00,OANDA:XAUUSD,4565.12,4567.79,4560.475,4567.305,4152.0,False,False,False,False,False,False
2026-05-21 09:30:00,OANDA:XAUUSD,4567.33,4569.55,4561.975,4563.2,4645.0,False,False,True,False,False,False
2026-05-21 09:35:00,OANDA:XAUUSD,4563.215,4567.125,4561.9,4565.85,3792.0,False,False,False,False,False,False
2026-05-21 09:40:00,OANDA:XAUUSD,4565.845,4570.895,4565.67,4567.76,2505.0,False,False,True,False,True,False
2026-05-21 09:45:00,OANDA:XAUUSD,4567.745,4568.36,4565.295,4565.295,2622.0,False,False,False,False,False,True
2026-05-21 09:50:00,OANDA:XAUUSD,4565.3,4565.84,4559.005,4559.85,2855.0,False,True,False,True,False,True
2026-05-21 09:55:00,OANDA:XAUUSD,4559.85,4561.915,4559.41,4561.01,3045.0,False,False,False,False,False,False
2026-05-21 10:00:00,OANDA:XAUUSD,4561.0,4564.92,4556.89,4557.07,2777.0,False,False,False,True,False,True
2026-05-21 10:05:00,OANDA:XAUUSD,4557.05,4559.585,4555.18,4555.77,3236.0,False,True,False,True,False,True
2026-05-21 10:10:00,OANDA:XAUUSD,4555.735,4556.025,4550.68,4551.75,3452.0,False,True,False,True,False,True
2026-05-21 10:15:00,OANDA:XAUUSD,4551.725,4553.335,4547.34,4548.95,2552.0,False,True,False,True,False,True
2026-05-21 10:20:00,OANDA:XAUUSD,4549.12,4549.52,4546.285,4548.11,1778.0,False,False,False,True,False,False
2026-05-21 10:25:00,OANDA:XAUUSD,4548.1,4548.725,4539.91,4540.605,1551.0,False,True,False,True,False,True
2026-05-21 10:30:00,OANDA:XAUUSD,4540.56,4542.55,4534.295,4537.335,5038.0,False,False,False,True,False,True
2026-05-21 10:35:00,OANDA:XAUUSD,4537.255,4541.925,4537.255,4540.135,2747.0,False,False,False,False,False,False
2026-05-21 10:40:00,OANDA:XAUUSD,4540.155,4540.545,4534.155,4536.53,2750.0,False,False,False,True,False,True
2026-05-21 10:45:00,OANDA:XAUUSD,4536.51,4537.41,4531.615,4534.585,3208.0,False,False,False,True,False,False
2026-05-21 10:50:00,OANDA:XAUUSD,4534.565,4536.785,4533.51,4533.86,2456.0,False,False,False,False,False,False
2026-05-21 10:55:00,OANDA:XAUUSD,4533.875,4536.0,4532.66,4533.24,1604.0,False,False,False,False,False,True
2026-05-21 11:00:00,OANDA:XAUUSD,4533.23,4535.5,4531.515,4535.13,1967.0,False,False,False,True,False,False
2026-05-21 11:05:00,OANDA:XAUUSD,4535.115,4537.885,4534.595,4537.21,1856.0,True,False,False,False,True,False
2026-05-21 11:10:00,OANDA:XAUUSD,4537.19,4539.19,4536.83,4538.12,1310.0,False,False,True,False,True,False
2026-05-21 11:15:00,OANDA:XAUUSD,4538.19,4538.19,4533.08,4535.46,1462.0,False,False,False,False,False,True
2026-05-21 11:20:00,OANDA:XAUUSD,4535.455,4540.28,4535.44,4537.735,1576.0,False,False,True,False,False,False
2026-05-21 11:25:00,OANDA:XAUUSD,4537.715,4538.34,4534.185,4535.745,1658.0,False,False,False,False,False,False
2026-05-21 11:30:00,OANDA:XAUUSD,4535.73,4537.225,4533.415,4534.22,1477.0,False,False,False,False,False,False
2026-05-21 11:35:00,OANDA:XAUUSD,4534.17,4534.625,4531.785,4532.62,1478.0,False,False,False,True,False,True
2026-05-21 11:40:00,OANDA:XAUUSD,4532.84,4536.21,4532.0,4534.015,1316.0,False,False,False,False,False,False
2026-05-21 11:45:00,OANDA:XAUUSD,4533.985,4534.59,4531.55,4531.885,1069.0,False,False,False,True,False,True
2026-05-21 11:50:00,OANDA:XAUUSD,4531.88,4532.125,4527.37,4528.1,1346.0,False,True,False,True,False,True
2026-05-21 11:55:00,OANDA:XAUUSD,4528.11,4529.965,4527.455,4528.4,1181.0,False,False,False,False,False,False
2026-05-21 12:00:00,OANDA:XAUUSD,4528.385,4533.015,4527.56,4531.93,1013.0,True,False,False,False,True,False
2026-05-21 12:05:00,OANDA:XAUUSD,4531.955,4533.655,4530.905,4532.605,1301.0,False,False,False,False,False,False
2026-05-21 12:10:00,OANDA:XAUUSD,4532.62,4536.475,4532.375,4536.015,972.0,True,False,True,False,True,False
2026-05-21 12:15:00,OANDA:XAUUSD,4536.025,4536.445,4534.49,4534.605,1176.0,False,False,False,False,False,False
2026-05-21 12:20:00,OANDA:XAUUSD,4534.6,4537.21,4534.525,4536.82,599.0,True,False,True,False,True,False
2026-05-21 12:25:00,OANDA:XAUUSD,4537.03,4540.355,4536.795,4540.065,1166.0,False,False,True,False,True,False
2026-05-21 12:30:00,OANDA:XAUUSD,4540.035,4540.8,4536.63,4537.105,1160.0,False,False,True,False,False,False
2026-05-21 12:35:00,OANDA:XAUUSD,4537.085,4537.58,4533.85,4537.34,958.0,False,False,False,False,False,False
2026-05-21 12:40:00,OANDA:XAUUSD,4537.385,4538.32,4536.49,4537.385,639.0,False,False,False,False,False,False
2026-05-21 12:45:00,OANDA:XAUUSD,4537.39,4537.405,4535.725,4536.54,660.0,False,False,False,False,False,False
2026-05-21 12:50:00,OANDA:XAUUSD,4536.685,4538.91,4536.05,4536.085,664.0,False,False,False,False,False,False
2026-05-21 12:55:00,OANDA:XAUUSD,4536.135,4539.35,4536.135,4538.63,709.0,False,False,False,False,False,False
2026-05-21 13:00:00,OANDA:XAUUSD,4538.72,4540.66,4536.91,4538.295,1018.0,False,False,True,False,False,False
2026-05-21 13:05:00,OANDA:XAUUSD,4538.29,4538.62,4530.88,4531.67,1689.0,False,True,False,True,False,True
2026-05-21 13:10:00,OANDA:XAUUSD,4531.675,4533.48,4529.85,4530.84,1624.0,False,False,False,True,False,True
2026-05-21 13:15:00,OANDA:XAUUSD,4530.825,4531.22,4526.405,4527.24,1308.0,False,True,False,True,False,True
2026-05-21 13:20:00,OANDA:XAUUSD,4527.25,4527.45,4524.875,4525.055,1763.0,False,False,False,True,False,True
2026-05-21 13:25:00,OANDA:XAUUSD,4525.095,4528.31,4521.67,4523.225,2346.0,False,False,False,True,False,True
2026-05-21 13:30:00,OANDA:XAUUSD,4523.24,4527.08,4518.64,4525.89,4309.0,False,False,False,True,False,False
2026-05-21 13:35:00,OANDA:XAUUSD,4525.72,4527.3,4521.435,4525.84,3110.0,False,False,False,False,False,False
2026-05-21 13:40:00,OANDA:XAUUSD,4525.835,4527.045,4524.545,4526.235,2584.0,False,False,False,False,False,False
2026-05-21 13:45:00,OANDA:XAUUSD,4526.225,4527.045,4518.44,4523.395,3790.0,False,False,False,True,False,True
2026-05-21 13:50:00,OANDA:XAUUSD,4523.475,4530.02,4522.765,4529.785,2767.0,False,False,True,False,True,False
2026-05-21 13:55:00,OANDA:XAUUSD,4529.825,4529.825,4525.805,4527.975,2565.0,False,False,False,False,False,False
2026-05-21 14:00:00,OANDA:XAUUSD,4527.995,4535.34,4526.74,4533.535,3982.0,True,False,True,False,True,False
2026-05-21 14:05:00,OANDA:XAUUSD,4533.555,4535.16,4531.135,4531.175,4119.0,False,False,False,False,False,False
2026-05-21 14:10:00,OANDA:XAUUSD,4531.165,4532.485,4527.23,4531.46,4334.0,False,False,False,False,False,False
2026-05-21 14:15:00,OANDA:XAUUSD,4531.455,4532.84,4528.63,4530.48,3917.0,False,False,False,False,False,False
2026-05-21 14:20:00,OANDA:XAUUSD,4530.45,4539.905,4529.61,4534.165,5021.0,False,False,True,False,True,False
2026-05-21 14:25:00,OANDA:XAUUSD,4534.15,4535.275,4529.945,4533.06,3668.0,False,False,False,False,False,False
2026-05-21 14:30:00,OANDA:XAUUSD,4533.055,4535.24,4528.065,4529.735,4185.0,False,False,False,False,False,True
2026-05-21 14:35:00,OANDA:XAUUSD,4529.84,4531.355,4527.535,4527.83,3332.0,False,False,False,False,False,True
2026-05-21 14:40:00,OANDA:XAUUSD,4527.865,4528.095,4523.015,4524.95,3100.0,False,True,False,True,False,True
2026-05-21 14:45:00,OANDA:XAUUSD,4524.905,4526.31,4522.02,4523.975,3596.0,False,False,False,True,False,False
2026-05-21 14:50:00,OANDA:XAUUSD,4524.065,4524.4,4520.59,4522.5,4096.0,False,False,False,True,False,False
2026-05-21 14:55:00,OANDA:XAUUSD,4522.595,4523.38,4518.905,4521.525,4334.0,False,False,False,True,False,False
2026-05-21 15:00:00,OANDA:XAUUSD,4521.49,4524.375,4519.185,4520.87,4700.0,False,False,False,False,False,False
2026-05-21 15:05:00,OANDA:XAUUSD,4520.845,4522.695,4518.18,4521.92,2600.0,False,False,False,True,False,False
2026-05-21 15:10:00,OANDA:XAUUSD,4521.87,4522.195,4519.135,4520.635,2541.0,False,False,False,False,False,False
2026-05-21 15:15:00,OANDA:XAUUSD,4520.57,4521.485,4517.335,4521.215,3889.0,False,False,False,True,False,False
2026-05-21 15:20:00,OANDA:XAUUSD,4521.225,4523.44,4517.42,4518.145,3339.0,False,False,False,False,False,False
2026-05-21 15:25:00,OANDA:XAUUSD,4518.15,4518.9,4512.075,4512.865,3484.0,False,False,False,True,False,True
2026-05-21 15:30:00,OANDA:XAUUSD,4512.895,4517.515,4512.19,4516.705,2956.0,False,False,False,False,False,False
2026-05-21 15:35:00,OANDA:XAUUSD,4516.695,4517.59,4514.45,4515.695,2171.0,False,False,False,False,False,False
2026-05-21 15:40:00,OANDA:XAUUSD,4515.72,4517.28,4514.465,4516.565,1417.0,False,False,False,False,False,False
2026-05-21 15:45:00,OANDA:XAUUSD,4516.57,4518.35,4514.44,4518.225,1729.0,False,False,False,False,True,False
2026-05-21 15:50:00,OANDA:XAUUSD,4518.21,4523.44,4516.045,4521.16,2564.0,True,False,True,False,True,False
2026-05-21 15:55:00,OANDA:XAUUSD,4521.145,4522.81,4519.68,4519.785,2168.0,False,False,False,False,False,False
2026-05-21 16:00:00,OANDA:XAUUSD,4519.85,4523.76,4518.415,4523.455,2702.0,False,False,True,False,True,False
2026-05-21 16:05:00,OANDA:XAUUSD,4523.515,4529.33,4522.32,4528.81,3242.0,True,False,True,False,True,False
2026-05-21 16:10:00,OANDA:XAUUSD,4528.795,4535.995,4527.79,4534.39,4989.0,True,False,True,False,True,False
2026-05-21 16:15:00,OANDA:XAUUSD,4534.55,4536.915,4530.16,4530.435,5692.0,False,False,True,False,False,False
2026-05-21 16:20:00,OANDA:XAUUSD,4530.395,4533.3,4529.765,4532.98,3714.0,False,False,False,False,False,False
2026-05-21 16:25:00,OANDA:XAUUSD,4532.99,4537.06,4529.495,4535.94,3638.0,False,False,True,False,True,False
2026-05-21 16:30:00,OANDA:XAUUSD,4535.95,4535.95,4528.205,4529.52,4151.0,False,False,False,False,False,False
2026-05-21 16:35:00,OANDA:XAUUSD,4529.56,4531.465,4526.42,4528.13,2748.0,False,False,False,True,False,True
2026-05-21 16:40:00,OANDA:XAUUSD,4528.12,4532.51,4527.93,4529.22,1704.0,False,False,False,False,False,False
2026-05-21 16:45:00,OANDA:XAUUSD,4529.27,4533.175,4528.285,4530.815,2602.0,False,False,False,False,False,False
2026-05-21 16:50:00,OANDA:XAUUSD,4530.79,4532.99,4530.21,4532.565,2073.0,False,False,False,False,False,False
2026-05-21 16:55:00,OANDA:XAUUSD,4532.69,4534.795,4532.535,4532.715,2356.0,False,False,False,False,False,False
2026-05-21 17:00:00,OANDA:XAUUSD,4532.685,4534.22,4531.975,4532.345,2562.0,False,False,False,False,False,True
2026-05-21 17:05:00,OANDA:XAUUSD,4532.41,4536.145,4531.975,4534.035,3141.0,False,False,True,False,False,False
2026-05-21 17:10:00,OANDA:XAUUSD,4534.03,4540.635,4533.335,4538.055,3072.0,True,False,True,False,True,False
2026-05-21 17:15:00,OANDA:XAUUSD,4538.02,4541.395,4536.67,4540.645,2620.0,False,False,True,False,True,False
2026-05-21 17:20:00,OANDA:XAUUSD,4540.75,4542.725,4537.245,4537.425,2605.0,False,False,True,False,False,False
2026-05-21 17:25:00,OANDA:XAUUSD,4537.44,4539.73,4535.65,4537.07,2066.0,False,False,False,False,False,True
2026-05-21 17:30:00,OANDA:XAUUSD,4536.97,4543.06,4533.565,4535.47,2745.0,False,False,True,False,False,True
2026-05-21 17:35:00,OANDA:XAUUSD,4535.48,4536.965,4532.56,4532.655,2323.0,False,False,False,True,False,True
2026-05-21 17:40:00,OANDA:XAUUSD,4532.665,4534.925,4529.795,4530.065,2203.0,False,True,False,True,False,True
2026-05-21 17:45:00,OANDA:XAUUSD,4530.115,4532.17,4528.03,4531.67,2109.0,False,False,False,True,False,False
2026-05-21 17:50:00,OANDA:XAUUSD,4531.695,4533.25,4531.575,4532.85,1648.0,False,False,False,False,True,False
2026-05-21 17:55:00,OANDA:XAUUSD,4532.86,4533.23,4529.955,4530.855,1761.0,False,False,False,False,False,True
2026-05-21 18:00:00,OANDA:XAUUSD,4530.845,4533.77,4530.28,4533.705,2389.0,False,False,False,False,True,False
2026-05-21 18:05:00,OANDA:XAUUSD,4533.71,4535.435,4530.955,4534.775,2329.0,False,False,True,False,True,False
2026-05-21 18:10:00,OANDA:XAUUSD,4534.765,4535.345,4529.995,4532.695,2330.0,False,False,False,False,False,False
2026-05-21 18:15:00,OANDA:XAUUSD,4532.68,4534.975,4530.885,4534.555,2838.0,False,False,False,False,False,False
2026-05-21 18:20:00,OANDA:XAUUSD,4534.56,4534.765,4532.265,4534.5,2261.0,False,False,False,False,False,False
2026-05-21 18:25:00,OANDA:XAUUSD,4534.485,4534.895,4510.845,4518.27,10321.0,False,True,False,True,False,True
2026-05-21 18:30:00,OANDA:XAUUSD,4518.305,4518.545,4508.23,4514.725,7868.0,False,False,False,True,False,False
2026-05-21 18:35:00,OANDA:XAUUSD,4514.66,4518.185,4507.74,4508.96,6385.0,False,False,False,True,False,False
2026-05-21 18:40:00,OANDA:XAUUSD,4508.93,4518.425,4504.895,4517.285,6080.0,False,False,False,True,False,False
2026-05-21 18:45:00,OANDA:XAUUSD,4517.275,4518.015,4513.925,4516.765,4664.0,False,False,False,False,False,False
2026-05-21 18:50:00,OANDA:XAUUSD,4516.745,4517.495,4510.955,4515.955,5031.0,False,False,False,False,False,False
2026-05-21 18:55:00,OANDA:XAUUSD,4515.975,4516.58,4510.975,4511.77,4963.0,False,False,False,False,False,False
2026-05-21 19:00:00,OANDA:XAUUSD,4511.82,4520.295,4510.78,4516.435,4360.0,False,False,True,False,False,False
2026-05-21 19:05:00,OANDA:XAUUSD,4516.42,4518.43,4515.155,4516.925,2242.0,False,False,False,False,False,False
2026-05-21 19:10:00,OANDA:XAUUSD,4516.93,4518.425,4515.38,4516.53,2458.0,False,False,False,False,False,False
2026-05-21 19:15:00,OANDA:XAUUSD,4516.52,4519.91,4515.91,4519.195,1985.0,False,False,False,False,True,False
2026-05-21 19:20:00,OANDA:XAUUSD,4519.185,4521.3,4514.99,4516.045,3342.0,False,False,True,False,False,False
2026-05-21 19:25:00,OANDA:XAUUSD,4515.9,4516.09,4512.565,4514.175,1344.0,False,False,False,False,False,True
2026-05-21 19:30:00,OANDA:XAUUSD,4514.245,4516.085,4510.49,4510.885,1492.0,False,True,False,True,False,True
2026-05-21 19:35:00,OANDA:XAUUSD,4510.945,4512.27,4508.23,4510.9,2507.0,False,False,False,True,False,False
2026-05-21 19:40:00,OANDA:XAUUSD,4510.875,4514.305,4510.445,4512.455,2792.0,False,False,False,False,True,False
2026-05-21 19:45:00,OANDA:XAUUSD,4512.395,4515.255,4512.045,4513.4,2111.0,False,False,False,False,False,False
2026-05-21 19:50:00,OANDA:XAUUSD,4513.405,4517.36,4512.9,4514.26,2399.0,False,False,True,False,False,False
2026-05-21 19:55:00,OANDA:XAUUSD,4514.25,4514.5,4511.01,4514.08,2714.0,False,False,False,False,False,False
2026-05-21 20:00:00,OANDA:XAUUSD,4514.1,4516.87,4514.08,4515.525,3231.0,False,False,False,False,True,False
2026-05-21 20:05:00,OANDA:XAUUSD,4515.52,4518.395,4513.735,4517.935,2747.0,False,False,True,False,True,False
2026-05-21 20:10:00,OANDA:XAUUSD,4517.945,4519.47,4513.68,4514.635,2722.0,False,False,True,False,False,False
2026-05-21 20:15:00,OANDA:XAUUSD,4514.64,4514.755,4509.795,4512.555,2598.0,False,True,False,True,False,True
2026-05-21 20:20:00,OANDA:XAUUSD,4512.535,4512.975,4506.21,4506.675,3519.0,False,True,False,True,False,True
2026-05-21 20:25:00,OANDA:XAUUSD,4506.69,4508.105,4503.775,4507.39,2926.0,False,False,False,True,False,False
2026-05-21 20:30:00,OANDA:XAUUSD,4507.27,4517.7,4505.755,4514.7,5723.0,True,False,False,False,True,False
2026-05-21 20:35:00,OANDA:XAUUSD,4514.715,4517.13,4508.725,4511.885,4955.0,False,False,False,False,False,False
2026-05-21 20:40:00,OANDA:XAUUSD,4511.9,4515.115,4510.31,4515.02,4093.0,False,False,False,False,False,False
2026-05-21 20:45:00,OANDA:XAUUSD,4515.0,4518.14,4509.895,4510.47,3597.0,False,False,True,False,False,False
2026-05-21 20:50:00,OANDA:XAUUSD,4510.44,4510.96,4507.32,4508.37,3519.0,False,True,False,False,False,True
2026-05-21 20:55:00,OANDA:XAUUSD,4508.375,4509.845,4502.08,4504.25,3711.0,False,False,False,True,False,True
2026-05-21 21:00:00,OANDA:XAUUSD,4504.245,4512.31,4499.415,4512.125,6828.0,False,False,False,True,True,False
2026-05-21 21:05:00,OANDA:XAUUSD,4512.145,4512.81,4501.87,4504.98,5200.0,False,False,False,False,False,False
2026-05-21 21:10:00,OANDA:XAUUSD,4504.985,4505.28,4500.92,4502.28,3486.0,False,False,False,False,False,False
2026-05-21 21:15:00,OANDA:XAUUSD,4502.195,4505.555,4496.895,4499.22,5230.0,False,False,False,True,False,True
2026-05-21 21:20:00,OANDA:XAUUSD,4499.21,4503.145,4496.59,4498.285,4957.0,False,False,False,True,False,False
2026-05-21 21:25:00,OANDA:XAUUSD,4498.325,4500.915,4495.45,4500.915,3343.0,False,False,False,True,False,False
2026-05-21 21:30:00,OANDA:XAUUSD,4501.065,4501.41,4490.115,4494.07,7403.0,False,False,False,True,False,True
2026-05-21 21:35:00,OANDA:XAUUSD,4494.06,4496.06,4488.63,4492.145,7652.0,False,False,False,True,False,False
2026-05-21 21:40:00,OANDA:XAUUSD,4492.325,4502.81,4491.99,4497.815,6984.0,False,False,False,False,True,False
2026-05-21 21:45:00,OANDA:XAUUSD,4497.805,4503.765,4494.96,4500.175,7155.0,False,False,True,False,False,False
2026-05-21 21:50:00,OANDA:XAUUSD,4500.15,4521.095,4499.455,4518.28,9552.0,True,False,True,False,True,False
2026-05-21 21:55:00,OANDA:XAUUSD,4518.225,4520.795,4511.96,4513.455,8289.0,False,False,False,False,False,False
2026-05-21 22:00:00,OANDA:XAUUSD,4513.465,4515.415,4505.56,4507.29,7018.0,False,True,False,False,False,True
2026-05-21 22:05:00,OANDA:XAUUSD,4507.545,4510.345,4502.61,4505.185,5529.0,False,False,False,False,False,True
2026-05-21 22:10:00,OANDA:XAUUSD,4505.18,4510.115,4503.845,4508.25,4529.0,False,False,False,False,False,False
2026-05-21 22:15:00,OANDA:XAUUSD,4508.225,4509.475,4498.66,4502.1,9058.0,False,False,False,True,False,True
2026-05-21 22:20:00,OANDA:XAUUSD,4502.105,4504.115,4498.17,4502.15,7432.0,False,False,False,True,False,False
2026-05-21 22:25:00,OANDA:XAUUSD,4502.185,4507.825,4501.395,4507.56,6425.0,True,False,False,False,True,False
2026-05-21 22:30:00,OANDA:XAUUSD,4507.525,4510.24,4505.285,4507.365,5908.0,False,False,False,False,False,False
2026-05-21 22:35:00,OANDA:XAUUSD,4507.38,4511.315,4506.775,4508.705,4265.0,False,False,True,False,False,False
2026-05-21 22:40:00,OANDA:XAUUSD,4508.725,4509.105,4502.57,4504.715,3200.0,False,False,False,False,False,True
2026-05-21 22:45:00,OANDA:XAUUSD,4504.6,4509.57,4501.84,4504.325,4718.0,False,False,False,False,False,False
2026-05-21 22:50:00,OANDA:XAUUSD,4504.395,4509.52,4502.08,4509.26,4340.0,False,False,False,False,False,False
2026-05-21 22:55:00,OANDA:XAUUSD,4509.275,4510.915,4507.21,4508.795,5419.0,False,False,False,False,False,False
2026-05-21 23:00:00,OANDA:XAUUSD,4508.835,4510.365,4503.23,4505.0,5810.0,False,True,False,False,False,True
2026-05-21 23:05:00,OANDA:XAUUSD,4505.005,4505.5,4496.91,4501.845,8067.0,False,False,False,True,False,True
2026-05-21 23:10:00,OANDA:XAUUSD,4501.85,4515.43,4499.63,4510.065,7378.0,True,False,True,False,True,False
2026-05-21 23:15:00,OANDA:XAUUSD,4510.02,4511.585,4507.25,4508.265,2954.0,False,False,False,False,False,False
2026-05-21 23:20:00,OANDA:XAUUSD,4508.25,4510.035,4503.255,4504.545,2881.0,False,True,False,False,False,True
2026-05-21 23:25:00,OANDA:XAUUSD,4504.455,4505.37,4502.245,4503.48,2641.0,False,False,False,False,False,False
2026-05-21 23:30:00,OANDA:XAUUSD,4503.46,4508.925,4502.57,4507.365,4254.0,True,False,False,False,True,False
2026-05-21 23:35:00,OANDA:XAUUSD,4507.36,4510.03,4506.7,4509.4,3497.0,False,False,False,False,True,False
2026-05-21 23:40:00,OANDA:XAUUSD,4509.47,4509.6,4506.575,4507.08,2505.0,False,False,False,False,False,False
2026-05-21 23:45:00,OANDA:XAUUSD,4507.12,4510.65,4506.875,4510.645,1182.0,True,False,True,False,True,False
2026-05-21 23:50:00,OANDA:XAUUSD,4510.7,4512.845,4509.665,4510.94,3243.0,False,False,True,False,True,False
2026-05-21 23:55:00,OANDA:XAUUSD,4510.95,4512.72,4509.44,4512.045,2656.0,False,False,False,False,False,False
2026-05-22 00:00:00,OANDA:XAUUSD,4512.15,4519.04,4512.15,4515.51,4475.0,True,False,True,False,True,False
2026-05-22 00:05:00,OANDA:XAUUSD,4515.5,4520.81,4515.045,4519.86,4238.0,False,False,True,False,True,False
2026-05-22 00:10:00,OANDA:XAUUSD,4519.885,4520.15,4514.675,4517.14,4980.0,False,False,False,False,False,False
2026-05-22 00:15:00,OANDA:XAUUSD,4517.1,4518.585,4514.585,4518.535,3686.0,False,False,False,False,False,False
2026-05-22 00:20:00,OANDA:XAUUSD,4518.54,4518.83,4515.485,4516.91,4472.0,False,False,False,False,False,False
2026-05-22 00:25:00,OANDA:XAUUSD,4516.89,4517.935,4515.95,4516.5,3081.0,False,False,False,False,False,False
2026-05-22 00:30:00,OANDA:XAUUSD,4516.525,4518.915,4516.16,4518.065,3257.0,False,False,False,False,True,False
2026-05-22 00:35:00,OANDA:XAUUSD,4517.995,4519.355,4516.055,4516.685,3154.0,False,False,False,False,False,False
2026-05-22 00:40:00,OANDA:XAUUSD,4516.77,4518.305,4515.51,4518.125,2237.0,False,False,False,False,False,False
2026-05-22 00:45:00,OANDA:XAUUSD,4518.13,4520.38,4517.265,4517.425,2030.0,False,False,True,False,False,False
2026-05-22 00:50:00,OANDA:XAUUSD,4517.51,4519.03,4516.38,4517.43,2052.0,False,False,False,False,False,False
2026-05-22 00:55:00,OANDA:XAUUSD,4517.535,4519.62,4517.05,4519.465,2919.0,False,False,False,False,True,False
2026-05-22 01:00:00,OANDA:XAUUSD,4519.465,4522.12,4516.245,4516.385,3265.0,False,False,True,False,False,True
2026-05-22 01:05:00,OANDA:XAUUSD,4516.39,4518.58,4514.28,4518.145,2889.0,False,False,False,True,False,False
2026-05-22 01:10:00,OANDA:XAUUSD,4518.13,4531.9,4518.045,4526.505,11384.0,True,False,True,False,True,False
2026-05-22 01:15:00,OANDA:XAUUSD,4526.51,4540.755,4526.22,4535.29,11812.0,True,False,True,False,True,False
2026-05-22 01:20:00,OANDA:XAUUSD,4535.375,4546.4,4533.355,4537.0,10704.0,False,False,True,False,False,False
2026-05-22 01:25:00,OANDA:XAUUSD,4536.985,4542.02,4535.595,4541.65,7676.0,False,False,False,False,False,False
2026-05-22 01:30:00,OANDA:XAUUSD,4541.74,4549.11,4538.76,4542.385,6435.0,False,False,True,False,True,False
2026-05-22 01:35:00,OANDA:XAUUSD,4542.42,4545.07,4541.865,4542.585,4358.0,False,False,False,False,False,False
2026-05-22 01:40:00,OANDA:XAUUSD,4542.645,4548.32,4542.445,4548.225,5673.0,False,False,False,False,True,False
2026-05-22 01:45:00,OANDA:XAUUSD,4548.235,4553.79,4544.85,4553.34,4997.0,True,False,True,False,True,False
2026-05-22 01:50:00,OANDA:XAUUSD,4553.35,4557.86,4551.775,4556.78,5506.0,False,False,True,False,True,False
2026-05-22 01:55:00,OANDA:XAUUSD,4556.785,4559.365,4551.235,4551.435,6377.0,False,False,True,False,False,True
2026-05-22 02:00:00,OANDA:XAUUSD,4551.48,4556.085,4543.865,4544.395,7549.0,False,True,False,False,False,True
2026-05-22 02:05:00,OANDA:XAUUSD,4544.385,4549.695,4543.0,4548.675,6645.0,False,False,False,False,False,False
2026-05-22 02:10:00,OANDA:XAUUSD,4548.67,4549.355,4544.365,4546.14,4814.0,False,False,False,False,False,False
2026-05-22 02:15:00,OANDA:XAUUSD,4546.065,4549.865,4544.465,4549.615,4535.0,False,False,False,False,True,False
2026-05-22 02:20:00,OANDA:XAUUSD,4549.62,4550.825,4546.775,4550.435,3695.0,False,False,False,False,True,False
2026-05-22 02:25:00,OANDA:XAUUSD,4550.45,4550.79,4547.075,4548.535,2427.0,False,False,False,False,False,False
2026-05-22 02:30:00,OANDA:XAUUSD,4548.475,4549.565,4545.17,4546.53,1649.0,False,True,False,False,False,True
2026-05-22 02:35:00,OANDA:XAUUSD,4546.535,4546.535,4543.0,4543.595,3103.0,False,False,False,True,False,True
2026-05-22 02:40:00,OANDA:XAUUSD,4543.605,4547.25,4542.925,4545.4,3137.0,False,False,False,True,False,False
2026-05-22 02:45:00,OANDA:XAUUSD,4545.32,4546.165,4535.815,4538.41,4994.0,False,True,False,True,False,True
2026-05-22 02:50:00,OANDA:XAUUSD,4538.54,4541.835,4527.895,4527.925,7852.0,False,True,False,True,False,True
2026-05-22 02:55:00,OANDA:XAUUSD,4527.935,4532.175,4527.51,4532.035,6679.0,False,False,False,True,False,False
2026-05-22 03:00:00,OANDA:XAUUSD,4532.04,4537.16,4531.555,4535.8,4947.0,False,False,False,False,True,False
2026-05-22 03:05:00,OANDA:XAUUSD,4535.8,4537.39,4529.795,4536.72,4413.0,False,False,False,False,False,False
2026-05-22 03:10:00,OANDA:XAUUSD,4536.67,4537.96,4534.62,4537.945,2367.0,True,False,False,False,True,False
2026-05-22 03:15:00,OANDA:XAUUSD,4537.96,4541.59,4537.94,4541.59,2652.0,True,False,False,False,True,False
2026-05-22 03:20:00,OANDA:XAUUSD,4541.57,4542.105,4538.975,4539.525,2339.0,False,False,True,False,False,False
2026-05-22 03:25:00,OANDA:XAUUSD,4539.52,4540.47,4537.76,4538.91,2060.0,False,False,False,False,False,True
2026-05-22 03:30:00,OANDA:XAUUSD,4538.915,4540.74,4538.625,4539.45,2530.0,False,False,False,False,False,False
2026-05-22 03:35:00,OANDA:XAUUSD,4539.455,4542.51,4539.38,4542.315,2517.0,False,False,True,False,True,False
2026-05-22 03:40:00,OANDA:XAUUSD,4542.365,4543.335,4539.155,4539.35,2692.0,False,False,True,False,False,True
2026-05-22 03:45:00,OANDA:XAUUSD,4539.365,4542.16,4539.13,4541.65,2468.0,False,False,False,False,False,False
2026-05-22 03:50:00,OANDA:XAUUSD,4541.61,4543.185,4534.755,4536.46,3757.0,False,False,False,True,False,True
2026-05-22 03:55:00,OANDA:XAUUSD,4536.465,4543.935,4535.565,4543.085,5297.0,False,False,True,False,False,False
2026-05-22 04:00:00,OANDA:XAUUSD,4543.07,4544.18,4541.435,4542.225,2504.0,False,False,True,False,False,False
2026-05-22 04:05:00,OANDA:XAUUSD,4542.24,4544.925,4541.17,4541.385,1681.0,False,False,True,False,False,True
2026-05-22 04:10:00,OANDA:XAUUSD,4541.405,4543.305,4541.19,4542.525,1155.0,False,False,False,False,False,False
2026-05-22 04:15:00,OANDA:XAUUSD,4542.525,4542.525,4541.21,4541.79,1044.0,False,False,False,False,False,False
2026-05-22 04:20:00,OANDA:XAUUSD,4541.805,4542.65,4540.545,4540.84,1129.0,False,False,False,False,False,True
2026-05-22 04:25:00,OANDA:XAUUSD,4540.87,4541.51,4540.235,4541.35,741.0,False,False,False,True,False,False
2026-05-22 04:30:00,OANDA:XAUUSD,4541.36,4542.265,4540.46,4540.875,732.0,False,False,False,False,False,False
2026-05-22 04:35:00,OANDA:XAUUSD,4540.89,4542.0,4540.32,4541.53,648.0,False,False,False,False,False,False
2026-05-22 04:40:00,OANDA:XAUUSD,4541.505,4541.84,4540.61,4540.89,405.0,False,False,False,False,False,False
2026-05-22 04:45:00,OANDA:XAUUSD,4540.825,4541.45,4540.43,4540.64,416.0,False,False,False,False,False,False
2026-05-22 04:50:00,OANDA:XAUUSD,4540.54,4542.105,4539.94,4541.775,810.0,True,False,False,True,True,False
2026-05-22 04:55:00,OANDA:XAUUSD,4541.785,4543.455,4541.58,4543.425,603.0,True,False,True,False,True,False
2026-05-22 06:00:00,OANDA:XAUUSD,4544.905,4544.915,4544.795,4544.915,7.0,False,False,True,False,True,False
2026-05-22 06:05:00,OANDA:XAUUSD,4544.91,4544.93,4540.47,4540.5,1712.0,False,True,True,False,False,True
2026-05-22 06:10:00,OANDA:XAUUSD,4540.495,4543.4,4539.8,4541.98,637.0,False,False,False,True,False,False
2026-05-22 06:15:00,OANDA:XAUUSD,4541.985,4543.305,4541.56,4542.64,687.0,False,False,False,False,False,False
2026-05-22 06:20:00,OANDA:XAUUSD,4542.6,4542.63,4541.66,4541.95,454.0,False,False,False,False,False,False
2026-05-22 06:25:00,OANDA:XAUUSD,4541.955,4541.965,4540.03,4541.185,836.0,False,False,False,False,False,True
2026-05-22 06:30:00,OANDA:XAUUSD,4541.23,4541.815,4540.515,4540.98,434.0,False,False,False,False,False,False
2026-05-22 06:35:00,OANDA:XAUUSD,4540.995,4541.67,4539.785,4540.455,470.0,False,False,False,True,False,True
2026-05-22 06:40:00,OANDA:XAUUSD,4540.435,4543.695,4540.33,4542.74,843.0,True,False,True,False,True,False
2026-05-22 06:45:00,OANDA:XAUUSD,4542.56,4543.335,4541.82,4542.27,618.0,False,False,False,False,False,False
2026-05-22 06:50:00,OANDA:XAUUSD,4542.24,4542.445,4540.995,4541.095,675.0,False,False,False,False,False,True
2026-05-22 06:55:00,OANDA:XAUUSD,4541.155,4543.62,4540.9,4543.465,653.0,True,False,False,False,True,False
2026-05-22 07:00:00,OANDA:XAUUSD,4543.47,4545.26,4542.905,4543.48,1111.0,False,False,True,False,False,False
2026-05-22 07:05:00,OANDA:XAUUSD,4543.495,4543.92,4542.67,4543.35,706.0,False,False,False,False,False,False
2026-05-22 07:10:00,OANDA:XAUUSD,4543.185,4544.345,4542.94,4543.835,649.0,False,False,False,False,False,False
2026-05-22 07:15:00,OANDA:XAUUSD,4543.82,4544.46,4541.255,4541.445,726.0,False,True,False,False,False,True
2026-05-22 07:20:00,OANDA:XAUUSD,4541.39,4541.76,4536.985,4539.18,831.0,False,True,False,True,False,True
2026-05-22 07:25:00,OANDA:XAUUSD,4539.015,4541.21,4538.895,4540.535,638.0,False,False,False,False,False,False
2026-05-22 07:30:00,OANDA:XAUUSD,4540.555,4540.555,4536.74,4537.7,995.0,False,True,False,True,False,True
2026-05-22 07:35:00,OANDA:XAUUSD,4537.635,4538.205,4535.565,4537.53,792.0,False,False,False,True,False,False
2026-05-22 07:40:00,OANDA:XAUUSD,4537.525,4537.865,4532.525,4532.6,1693.0,False,False,False,True,False,True
2026-05-22 07:45:00,OANDA:XAUUSD,4532.615,4535.99,4532.615,4535.9,1124.0,False,False,False,False,False,False
2026-05-22 07:50:00,OANDA:XAUUSD,4535.865,4536.625,4532.43,4532.82,633.0,False,False,False,True,False,False
2026-05-22 07:55:00,OANDA:XAUUSD,4532.845,4535.905,4532.845,4535.425,887.0,False,False,False,False,False,False
2026-05-22 08:00:00,OANDA:XAUUSD,4535.47,4536.955,4530.865,4532.21,1778.0,False,False,False,True,False,True
2026-05-22 08:05:00,OANDA:XAUUSD,4532.22,4534.41,4531.745,4533.56,1940.0,False,False,False,False,False,False
2026-05-22 08:10:00,OANDA:XAUUSD,4533.55,4533.56,4531.46,4531.46,1198.0,False,False,False,False,False,True
2026-05-22 08:15:00,OANDA:XAUUSD,4531.38,4534.265,4530.29,4532.23,1005.0,False,False,False,True,False,False
2026-05-22 08:20:00,OANDA:XAUUSD,4532.225,4537.35,4531.92,4534.095,1758.0,False,False,True,False,False,False
2026-05-22 08:25:00,OANDA:XAUUSD,4534.015,4536.535,4533.015,4536.26,1462.0,False,False,False,False,False,False
2026-05-22 08:30:00,OANDA:XAUUSD,4536.245,4538.805,4535.8,4536.985,1024.0,False,False,True,False,True,False
2026-05-22 08:35:00,OANDA:XAUUSD,4537.13,4541.24,4536.3,4540.115,2316.0,False,False,True,False,True,False
2026-05-22 08:40:00,OANDA:XAUUSD,4540.24,4541.08,4537.395,4537.97,2178.0,False,False,False,False,False,False
2026-05-22 08:45:00,OANDA:XAUUSD,4537.94,4538.8,4533.82,4534.575,2641.0,False,True,False,False,False,True
2026-05-22 08:50:00,OANDA:XAUUSD,4534.6,4535.98,4527.49,4529.31,2807.0,False,True,False,True,False,True
2026-05-22 08:55:00,OANDA:XAUUSD,4529.295,4530.635,4525.64,4526.71,1606.0,False,False,False,True,False,True
2026-05-22 09:00:00,OANDA:XAUUSD,4526.695,4536.235,4525.925,4530.03,5242.0,False,False,False,False,False,False
2026-05-22 09:05:00,OANDA:XAUUSD,4530.075,4531.09,4523.435,4525.385,3969.0,False,False,False,True,False,True
2026-05-22 09:10:00,OANDA:XAUUSD,4525.39,4530.095,4524.77,4529.97,1781.0,False,False,False,False,False,False
2026-05-22 09:15:00,OANDA:XAUUSD,4529.945,4532.86,4528.715,4531.535,2289.0,False,False,False,False,True,False
2026-05-22 09:20:00,OANDA:XAUUSD,4531.905,4533.47,4527.585,4528.245,2494.0,False,False,False,False,False,True
2026-05-22 09:25:00,OANDA:XAUUSD,4528.235,4532.07,4526.35,4528.98,2263.0,False,False,False,False,False,False
2026-05-22 09:30:00,OANDA:XAUUSD,4528.95,4529.805,4524.245,4525.945,2236.0,False,False,False,False,False,True
2026-05-22 09:35:00,OANDA:XAUUSD,4525.935,4526.575,4522.03,4523.045,3044.0,False,False,False,True,False,True
2026-05-22 09:40:00,OANDA:XAUUSD,4523.055,4527.99,4521.18,4525.385,3314.0,False,False,False,True,False,False
2026-05-22 09:45:00,OANDA:XAUUSD,4525.38,4529.435,4525.025,4527.97,1601.0,False,False,False,False,False,False
2026-05-22 09:50:00,OANDA:XAUUSD,4528.08,4531.92,4526.84,4527.49,1496.0,False,False,False,False,False,False
2026-05-22 09:55:00,OANDA:XAUUSD,4527.55,4528.05,4525.35,4526.38,1437.0,False,False,False,False,False,True
2026-05-22 10:00:00,OANDA:XAUUSD,4526.31,4528.64,4524.97,4526.925,1885.0,False,False,False,False,False,False
2026-05-22 10:05:00,OANDA:XAUUSD,4526.865,4527.145,4521.465,4526.08,2629.0,False,False,False,False,False,False
2026-05-22 10:10:00,OANDA:XAUUSD,4526.06,4529.66,4524.88,4527.665,1805.0,False,False,False,False,True,False
2026-05-22 10:15:00,OANDA:XAUUSD,4527.71,4529.29,4524.055,4524.18,1625.0,False,False,False,False,False,True
2026-05-22 10:20:00,OANDA:XAUUSD,4524.175,4526.04,4522.775,4524.32,783.0,False,False,False,False,False,False
2026-05-22 10:25:00,OANDA:XAUUSD,4524.41,4525.47,4523.65,4524.73,483.0,False,False,False,False,False,False
2026-05-22 10:30:00,OANDA:XAUUSD,4524.595,4524.71,4518.53,4520.11,2115.0,False,True,False,True,False,True
2026-05-22 10:35:00,OANDA:XAUUSD,4520.04,4522.78,4519.71,4522.095,1385.0,False,False,False,False,False,False
2026-05-22 10:40:00,OANDA:XAUUSD,4522.0,4524.575,4521.475,4522.735,1103.0,False,False,False,False,False,False
2026-05-22 10:45:00,OANDA:XAUUSD,4522.74,4525.265,4522.02,4524.95,1651.0,False,False,False,False,True,False
2026-05-22 10:50:00,OANDA:XAUUSD,4524.94,4527.17,4522.015,4522.155,1835.0,False,False,True,False,False,False
2026-05-22 10:55:00,OANDA:XAUUSD,4522.17,4523.515,4519.49,4523.335,1792.0,False,False,False,False,False,False
2026-05-22 11:00:00,OANDA:XAUUSD,4523.395,4525.43,4521.715,4525.275,2476.0,False,False,False,False,True,False
2026-05-22 11:05:00,OANDA:XAUUSD,4525.28,4525.53,4521.36,4522.585,3284.0,False,False,False,False,False,False
2026-05-22 11:10:00,OANDA:XAUUSD,4522.59,4524.795,4520.69,4521.275,1816.0,False,False,False,False,False,True
2026-05-22 11:15:00,OANDA:XAUUSD,4521.365,4523.01,4520.375,4521.895,1399.0,False,False,False,False,False,False
2026-05-22 11:20:00,OANDA:XAUUSD,4521.935,4523.155,4520.195,4520.76,1456.0,False,False,False,False,False,False
2026-05-22 11:25:00,OANDA:XAUUSD,4520.77,4522.45,4519.37,4521.94,1304.0,False,False,False,True,False,False
2026-05-22 11:30:00,OANDA:XAUUSD,4521.925,4526.255,4521.925,4524.23,1823.0,True,False,True,False,True,False
2026-05-22 11:35:00,OANDA:XAUUSD,4524.295,4525.99,4522.995,4524.71,727.0,False,False,False,False,False,False
2026-05-22 11:40:00,OANDA:XAUUSD,4524.76,4527.785,4523.7,4526.925,1351.0,True,False,True,False,True,False
2026-05-22 11:45:00,OANDA:XAUUSD,4526.82,4530.04,4526.765,4529.26,1085.0,False,False,True,False,True,False
2026-05-22 11:50:00,OANDA:XAUUSD,4529.195,4529.45,4526.43,4527.545,1051.0,False,False,False,False,False,False
2026-05-22 11:55:00,OANDA:XAUUSD,4527.68,4529.68,4527.25,4529.54,724.0,False,False,False,False,True,False
2026-05-22 12:00:00,OANDA:XAUUSD,4529.535,4530.125,4528.29,4528.67,629.0,False,False,True,False,False,False
2026-05-22 12:05:00,OANDA:XAUUSD,4528.74,4530.155,4528.33,4528.465,1032.0,False,False,True,False,False,False
2026-05-22 12:10:00,OANDA:XAUUSD,4528.475,4530.005,4527.79,4529.225,747.0,False,False,False,False,False,False
2026-05-22 12:15:00,OANDA:XAUUSD,4529.3,4530.01,4528.105,4528.24,917.0,False,False,False,False,False,False
2026-05-22 12:20:00,OANDA:XAUUSD,4528.185,4529.345,4527.69,4528.115,1076.0,False,False,False,False,False,False
2026-05-22 12:25:00,OANDA:XAUUSD,4528.12,4532.98,4527.95,4532.275,1871.0,True,False,True,False,True,False
2026-05-22 12:30:00,OANDA:XAUUSD,4532.27,4532.78,4529.7,4529.98,1002.0,False,False,False,False,False,False
2026-05-22 12:35:00,OANDA:XAUUSD,4529.88,4530.21,4526.245,4526.575,841.0,False,True,False,True,False,True
2026-05-22 12:40:00,OANDA:XAUUSD,4526.47,4529.265,4525.41,4529.015,1153.0,False,False,False,True,False,False
2026-05-22 12:45:00,OANDA:XAUUSD,4528.975,4529.405,4528.22,4528.37,437.0,False,False,False,False,False,False
2026-05-22 12:50:00,OANDA:XAUUSD,4528.35,4530.195,4528.275,4528.86,872.0,False,False,False,False,False,False
2026-05-22 12:55:00,OANDA:XAUUSD,4528.865,4529.5,4527.135,4527.135,911.0,False,False,False,False,False,True
2026-05-22 13:00:00,OANDA:XAUUSD,4527.09,4529.645,4523.73,4525.705,1834.0,False,False,False,True,False,True
2026-05-22 13:05:00,OANDA:XAUUSD,4525.72,4527.8,4525.635,4526.515,789.0,False,False,False,False,False,False
2026-05-22 13:10:00,OANDA:XAUUSD,4526.51,4526.855,4525.195,4525.37,408.0,False,False,False,False,False,True
2026-05-22 13:15:00,OANDA:XAUUSD,4525.375,4526.54,4523.435,4526.36,988.0,False,False,False,True,False,False
2026-05-22 13:20:00,OANDA:XAUUSD,4526.32,4528.97,4525.84,4527.21,627.0,False,False,False,False,True,False
2026-05-22 13:25:00,OANDA:XAUUSD,4527.27,4529.245,4525.85,4526.14,916.0,False,False,False,False,False,False
2026-05-22 13:30:00,OANDA:XAUUSD,4526.165,4531.325,4525.065,4528.745,2361.0,False,False,True,False,False,False
2026-05-22 13:35:00,OANDA:XAUUSD,4528.795,4534.065,4528.265,4533.775,1571.0,True,False,True,False,True,False
2026-05-22 13:40:00,OANDA:XAUUSD,4533.84,4534.325,4531.425,4534.13,2529.0,False,False,True,False,True,False
2026-05-22 13:45:00,OANDA:XAUUSD,4534.12,4534.22,4531.085,4532.47,1657.0,False,False,False,False,False,False
2026-05-22 13:50:00,OANDA:XAUUSD,4532.455,4534.225,4528.6,4528.945,1964.0,False,True,False,False,False,True
2026-05-22 13:55:00,OANDA:XAUUSD,4528.845,4528.95,4507.43,4511.7,6950.0,False,True,False,True,False,True
2026-05-22 14:00:00,OANDA:XAUUSD,4511.705,4519.465,4510.025,4519.035,6329.0,False,False,False,False,False,False
2026-05-22 14:05:00,OANDA:XAUUSD,4519.025,4523.355,4518.61,4523.02,3861.0,True,False,False,False,True,False
2026-05-22 14:10:00,OANDA:XAUUSD,4522.845,4524.515,4521.16,4521.68,2888.0,False,False,False,False,False,False
2026-05-22 14:15:00,OANDA:XAUUSD,4521.67,4523.025,4516.45,4518.735,2992.0,False,False,False,False,False,True
2026-05-22 14:20:00,OANDA:XAUUSD,4518.865,4525.715,4517.215,4522.585,3201.0,False,False,False,False,False,False
2026-05-22 14:25:00,OANDA:XAUUSD,4522.59,4526.24,4521.955,4525.5,3125.0,False,False,True,False,False,False
2026-05-22 14:30:00,OANDA:XAUUSD,4525.495,4527.58,4523.455,4525.99,3460.0,False,False,True,False,False,False
2026-05-22 14:35:00,OANDA:XAUUSD,4525.98,4527.155,4522.945,4523.2,1933.0,False,False,False,False,False,True
2026-05-22 14:40:00,OANDA:XAUUSD,4523.135,4526.81,4521.85,4526.725,2873.0,False,False,False,False,False,False
2026-05-22 14:45:00,OANDA:XAUUSD,4526.76,4528.98,4525.23,4527.375,2768.0,False,False,True,False,True,False
2026-05-22 14:50:00,OANDA:XAUUSD,4527.36,4528.495,4523.985,4525.24,2008.0,False,False,False,False,False,False
2026-05-22 14:55:00,OANDA:XAUUSD,4525.33,4527.85,4525.175,4527.02,1969.0,False,False,False,False,False,False
2026-05-22 15:00:00,OANDA:XAUUSD,4527.045,4527.32,4523.08,4526.28,2315.0,False,False,False,False,False,False
2026-05-22 15:05:00,OANDA:XAUUSD,4526.275,4526.65,4522.835,4525.335,2489.0,False,False,False,False,False,False
2026-05-22 15:10:00,OANDA:XAUUSD,4525.3,4526.215,4521.385,4522.69,2194.0,False,False,False,True,False,True
2026-05-22 15:15:00,OANDA:XAUUSD,4522.73,4525.565,4522.235,4524.94,1540.0,False,False,False,False,False,False
2026-05-22 15:20:00,OANDA:XAUUSD,4524.93,4527.375,4524.535,4526.51,1651.0,False,False,False,False,True,False
2026-05-22 15:25:00,OANDA:XAUUSD,4526.525,4527.5,4524.38,4525.9,1835.0,False,False,True,False,False,False
2026-05-22 15:30:00,OANDA:XAUUSD,4525.885,4525.92,4521.405,4522.51,2300.0,False,True,False,False,False,True
2026-05-22 15:35:00,OANDA:XAUUSD,4522.59,4523.385,4517.2,4517.21,2215.0,False,True,False,True,False,True
2026-05-22 15:40:00,OANDA:XAUUSD,4517.215,4520.89,4516.2,4519.885,2139.0,False,False,False,True,False,False
2026-05-22 15:45:00,OANDA:XAUUSD,4519.88,4520.45,4517.78,4518.59,2452.0,False,False,False,False,False,False
2026-05-22 15:50:00,OANDA:XAUUSD,4518.57,4522.93,4517.94,4521.625,1640.0,True,False,False,False,True,False
2026-05-22 15:55:00,OANDA:XAUUSD,4521.65,4523.35,4521.15,4521.87,1754.0,False,False,False,False,False,False
2026-05-22 16:00:00,OANDA:XAUUSD,4521.875,4526.065,4521.61,4525.05,2441.0,True,False,True,False,True,False
2026-05-22 16:05:00,OANDA:XAUUSD,4525.04,4527.685,4523.775,4527.14,1885.0,False,False,True,False,True,False
2026-05-22 16:10:00,OANDA:XAUUSD,4527.215,4530.02,4524.305,4524.705,2195.0,False,False,True,False,False,False
2026-05-22 16:15:00,OANDA:XAUUSD,4524.71,4528.885,4523.75,4528.18,3128.0,False,False,False,False,False,False
2026-05-22 16:20:00,OANDA:XAUUSD,4528.175,4531.32,4525.89,4528.065,3552.0,False,False,True,False,False,False
2026-05-22 16:25:00,OANDA:XAUUSD,4527.985,4528.88,4524.455,4527.055,2629.0,False,False,False,False,False,False
2026-05-22 16:30:00,OANDA:XAUUSD,4527.04,4527.48,4518.48,4520.04,3628.0,False,True,False,True,False,True
2026-05-22 16:35:00,OANDA:XAUUSD,4519.97,4524.145,4517.02,4521.85,4654.0,False,False,False,True,False,False
2026-05-22 16:40:00,OANDA:XAUUSD,4521.84,4522.99,4520.94,4522.51,2736.0,False,False,False,False,False,False
2026-05-22 16:45:00,OANDA:XAUUSD,4522.535,4524.175,4522.43,4522.59,2187.0,False,False,False,False,False,False
2026-05-22 16:50:00,OANDA:XAUUSD,4522.615,4525.2,4521.88,4524.02,2550.0,False,False,False,False,False,False
2026-05-22 16:55:00,OANDA:XAUUSD,4523.955,4524.075,4521.575,4521.835,1242.0,False,False,False,False,False,True
2026-05-22 17:00:00,OANDA:XAUUSD,4521.83,4525.035,4520.595,4524.13,2723.0,False,False,False,False,True,False
2026-05-22 17:05:00,OANDA:XAUUSD,4524.125,4525.7,4520.35,4522.46,2905.0,False,False,True,True,False,False
2026-05-22 17:10:00,OANDA:XAUUSD,4522.455,4523.45,4517.425,4517.54,2574.0,False,True,False,True,False,True
2026-05-22 17:15:00,OANDA:XAUUSD,4517.405,4519.445,4515.18,4518.63,3630.0,False,False,False,True,False,False
2026-05-22 17:20:00,OANDA:XAUUSD,4518.6,4519.78,4518.03,4519.39,2294.0,False,False,False,False,False,False
2026-05-22 17:25:00,OANDA:XAUUSD,4519.335,4520.67,4517.29,4517.935,1633.0,False,False,False,False,False,True
2026-05-22 17:30:00,OANDA:XAUUSD,4517.905,4519.665,4514.88,4519.665,2839.0,False,False,False,True,False,False
2026-05-22 17:35:00,OANDA:XAUUSD,4519.66,4524.555,4518.665,4524.475,1316.0,True,False,True,False,True,False
2026-05-22 17:40:00,OANDA:XAUUSD,4524.475,4526.155,4522.945,4525.27,1546.0,True,False,True,False,True,False
2026-05-22 17:45:00,OANDA:XAUUSD,4525.355,4528.845,4524.82,4528.53,1726.0,True,False,True,False,True,False
2026-05-22 17:50:00,OANDA:XAUUSD,4528.535,4535.96,4528.535,4533.18,2713.0,True,False,True,False,True,False
2026-05-22 17:55:00,OANDA:XAUUSD,4533.22,4535.335,4532.205,4532.255,2788.0,False,False,False,False,False,False
2026-05-22 18:00:00,OANDA:XAUUSD,4532.265,4532.645,4529.58,4529.73,1658.0,False,False,False,False,False,True
2026-05-22 18:05:00,OANDA:XAUUSD,4529.695,4536.77,4529.665,4535.555,2211.0,True,False,True,False,True,False
2026-05-22 18:10:00,OANDA:XAUUSD,4535.535,4536.82,4533.68,4533.75,1760.0,False,False,True,False,False,False
2026-05-22 18:15:00,OANDA:XAUUSD,4533.795,4534.23,4531.44,4531.505,1774.0,False,True,False,False,False,True
2026-05-22 18:20:00,OANDA:XAUUSD,4531.545,4531.585,4527.76,4529.81,1632.0,False,True,False,True,False,True
2026-05-22 18:25:00,OANDA:XAUUSD,4529.82,4530.48,4524.465,4524.715,2302.0,False,True,False,True,False,True
2026-05-22 18:30:00,OANDA:XAUUSD,4524.745,4525.435,4518.63,4518.9,2655.0,False,True,False,True,False,True
2026-05-22 18:35:00,OANDA:XAUUSD,4518.93,4520.745,4514.635,4518.0,4193.0,False,True,False,True,False,True
2026-05-22 18:40:00,OANDA:XAUUSD,4517.995,4518.21,4512.255,4512.615,2569.0,False,False,False,True,False,True
2026-05-22 18:45:00,OANDA:XAUUSD,4512.595,4514.895,4510.285,4512.965,2207.0,False,False,False,True,False,False
2026-05-22 18:50:00,OANDA:XAUUSD,4513.075,4515.275,4512.55,4512.575,1537.0,False,False,False,False,False,False
2026-05-22 18:55:00,OANDA:XAUUSD,4512.545,4515.195,4512.015,4514.705,1296.0,False,False,False,False,False,False
2026-05-22 19:00:00,OANDA:XAUUSD,4514.66,4516.58,4513.965,4516.41,2108.0,True,False,False,False,True,False
2026-05-22 19:05:00,OANDA:XAUUSD,4516.43,4517.45,4515.525,4516.58,1800.0,False,False,False,False,False,False
2026-05-22 19:10:00,OANDA:XAUUSD,4516.585,4516.585,4513.94,4515.92,1836.0,False,False,False,False,False,False
2026-05-22 19:15:00,OANDA:XAUUSD,4515.915,4515.925,4511.965,4513.26,1695.0,False,False,False,True,False,True
2026-05-22 19:20:00,OANDA:XAUUSD,4513.27,4514.035,4512.31,4512.795,2160.0,False,False,False,False,False,False
2026-05-22 19:25:00,OANDA:XAUUSD,4512.775,4515.15,4511.935,4512.18,1298.0,False,False,False,True,False,True
2026-05-22 19:30:00,OANDA:XAUUSD,4512.17,4517.635,4511.67,4517.4,1370.0,True,False,True,True,True,False
2026-05-22 19:35:00,OANDA:XAUUSD,4517.355,4520.565,4516.785,4518.99,1833.0,False,False,True,False,True,False
2026-05-22 19:40:00,OANDA:XAUUSD,4519.04,4523.195,4517.31,4521.91,2582.0,True,False,True,False,True,False
2026-05-22 19:45:00,OANDA:XAUUSD,4521.925,4525.315,4521.275,4522.69,3223.0,False,False,True,False,False,False
2026-05-22 19:50:00,OANDA:XAUUSD,4522.695,4524.2,4521.94,4523.15,2531.0,False,False,False,False,False,False
2026-05-22 19:55:00,OANDA:XAUUSD,4523.16,4523.47,4520.08,4520.635,1673.0,False,False,False,False,False,True
2026-05-22 20:00:00,OANDA:XAUUSD,4520.595,4522.33,4518.735,4521.52,2469.0,False,False,False,False,False,False
2026-05-22 20:05:00,OANDA:XAUUSD,4521.53,4523.255,4519.44,4520.2,2673.0,False,False,False,False,False,False
2026-05-22 20:10:00,OANDA:XAUUSD,4520.21,4530.035,4519.755,4529.52,6060.0,True,False,True,False,True,False
2026-05-22 20:15:00,OANDA:XAUUSD,4529.51,4535.96,4526.295,4533.305,5155.0,False,False,True,False,True,False
2026-05-22 20:20:00,OANDA:XAUUSD,4533.26,4534.255,4524.555,4527.3,4186.0,False,False,False,False,False,False
2026-05-22 20:25:00,OANDA:XAUUSD,4527.295,4528.42,4521.18,4521.89,2237.0,False,True,False,False,False,True
2026-05-22 20:30:00,OANDA:XAUUSD,4521.885,4523.795,4517.655,4518.24,3369.0,False,True,False,True,False,True
2026-05-22 20:35:00,OANDA:XAUUSD,4518.245,4519.01,4515.325,4518.095,2551.0,False,False,False,True,False,False
2026-05-22 20:40:00,OANDA:XAUUSD,4518.065,4519.845,4516.46,4518.895,2664.0,False,False,False,False,False,False
2026-05-22 20:45:00,OANDA:XAUUSD,4518.875,4520.135,4517.66,4518.73,2709.0,False,False,False,False,False,False
2026-05-22 20:50:00,OANDA:XAUUSD,4518.695,4521.64,4518.57,4519.84,2400.0,False,False,False,False,False,False
2026-05-22 20:55:00,OANDA:XAUUSD,4520.02,4528.495,4519.13,4528.24,3371.0,False,False,True,False,True,False
2026-05-22 21:00:00,OANDA:XAUUSD,4528.225,4530.445,4520.835,4523.975,5857.0,False,False,True,False,False,False
2026-05-22 21:05:00,OANDA:XAUUSD,4523.985,4532.96,4522.75,4532.075,3211.0,False,False,True,False,True,False
2026-05-22 21:10:00,OANDA:XAUUSD,4532.15,4534.495,4527.085,4528.325,6649.0,False,False,True,False,False,False
2026-05-22 21:15:00,OANDA:XAUUSD,4528.31,4529.985,4525.77,4527.27,4490.0,False,False,False,False,False,False
2026-05-22 21:20:00,OANDA:XAUUSD,4527.265,4528.36,4523.475,4523.715,2817.0,False,True,False,False,False,True
2026-05-22 21:25:00,OANDA:XAUUSD,4523.73,4524.455,4521.425,4522.23,3680.0,False,False,False,False,False,True
2026-05-22 21:30:00,OANDA:XAUUSD,4522.22,4527.365,4520.055,4522.815,6019.0,False,False,False,True,False,False
2026-05-22 21:35:00,OANDA:XAUUSD,4522.865,4524.535,4518.55,4519.985,5020.0,False,False,False,True,False,True
2026-05-22 21:40:00,OANDA:XAUUSD,4519.965,4520.13,4511.19,4517.895,6989.0,False,False,False,True,False,True
2026-05-22 21:45:00,OANDA:XAUUSD,4517.82,4519.095,4510.32,4511.13,5404.0,False,False,False,True,False,True
2026-05-22 21:50:00,OANDA:XAUUSD,4511.23,4517.695,4510.47,4517.025,4165.0,False,False,False,False,False,False
2026-05-22 21:55:00,OANDA:XAUUSD,4517.02,4517.02,4511.755,4514.02,2630.0,False,False,False,False,False,False
2026-05-22 22:00:00,OANDA:XAUUSD,4513.6,4513.73,4503.02,4508.025,9120.0,False,True,False,True,False,True
2026-05-22 22:05:00,OANDA:XAUUSD,4508.04,4510.94,4504.56,4510.26,6869.0,False,False,False,False,False,False
2026-05-22 22:10:00,OANDA:XAUUSD,4510.28,4511.195,4492.655,4497.725,6173.0,False,True,False,True,False,True
2026-05-22 22:15:00,OANDA:XAUUSD,4497.6,4500.565,4492.56,4498.2,9742.0,False,False,False,True,False,False
2026-05-22 22:20:00,OANDA:XAUUSD,4498.21,4499.565,4491.93,4494.755,6953.0,False,False,False,True,False,False
2026-05-22 22:25:00,OANDA:XAUUSD,4494.735,4500.12,4492.14,4499.12,5694.0,False,False,False,False,False,False
2026-05-22 22:30:00,OANDA:XAUUSD,4499.165,4502.42,4497.325,4500.915,4931.0,False,False,False,False,True,False
2026-05-22 22:35:00,OANDA:XAUUSD,4500.885,4504.295,4498.43,4500.59,4212.0,False,False,False,False,False,False
2026-05-22 22:40:00,OANDA:XAUUSD,4500.6,4506.075,4500.36,4504.5,4087.0,False,False,True,False,True,False
2026-05-22 22:45:00,OANDA:XAUUSD,4504.38,4507.325,4503.975,4503.985,3160.0,False,False,True,False,False,False
2026-05-22 22:50:00,OANDA:XAUUSD,4504.11,4504.675,4501.46,4503.72,2699.0,False,True,False,False,False,True
2026-05-22 22:55:00,OANDA:XAUUSD,4503.715,4503.845,4500.33,4500.615,2400.0,False,False,False,False,False,True
2026-05-22 23:00:00,OANDA:XAUUSD,4500.73,4506.15,4500.245,4505.875,3144.0,True,False,False,False,True,False
2026-05-22 23:05:00,OANDA:XAUUSD,4505.88,4511.445,4505.53,4511.265,4189.0,True,False,True,False,True,False
2026-05-22 23:10:00,OANDA:XAUUSD,4511.235,4512.01,4509.625,4511.175,3915.0,False,False,True,False,False,False
2026-05-22 23:15:00,OANDA:XAUUSD,4511.31,4516.805,4511.06,4515.865,3112.0,True,False,True,False,True,False
2026-05-22 23:20:00,OANDA:XAUUSD,4515.775,4515.86,4513.735,4514.47,2676.0,False,False,False,False,False,False
2026-05-22 23:25:00,OANDA:XAUUSD,4514.485,4519.34,4513.555,4519.33,3958.0,True,False,True,False,True,False
2026-05-22 23:30:00,OANDA:XAUUSD,4519.35,4522.555,4518.66,4519.42,3828.0,False,False,True,False,True,False
2026-05-22 23:35:00,OANDA:XAUUSD,4519.425,4521.835,4518.545,4520.8,2865.0,False,False,False,False,False,False
2026-05-22 23:40:00,OANDA:XAUUSD,4520.77,4521.3,4517.32,4518.255,2212.0,False,False,False,False,False,True
2026-05-22 23:45:00,OANDA:XAUUSD,4518.3,4519.73,4514.615,4514.98,2460.0,False,False,False,False,False,True
2026-05-22 23:50:00,OANDA:XAUUSD,4515.03,4518.285,4514.75,4517.02,2023.0,False,False,False,False,False,False
2026-05-22 23:55:00,OANDA:XAUUSD,4517.045,4521.98,4517.045,4519.975,2738.0,False,False,False,False,True,False
2026-05-23 00:00:00,OANDA:XAUUSD,4520.085,4520.535,4517.05,4519.04,4447.0,False,False,False,False,False,False
2026-05-23 00:05:00,OANDA:XAUUSD,4519.035,4519.775,4517.0,4517.905,2764.0,False,False,False,False,False,False
2026-05-23 00:10:00,OANDA:XAUUSD,4517.91,4520.035,4517.645,4519.46,2734.0,False,False,False,False,False,False
2026-05-23 00:15:00,OANDA:XAUUSD,4519.4,4519.4,4516.89,4517.065,2531.0,False,False,False,False,False,True
2026-05-23 00:20:00,OANDA:XAUUSD,4517.045,4520.665,4516.93,4520.325,2831.0,True,False,False,False,True,False
2026-05-23 00:25:00,OANDA:XAUUSD,4520.33,4524.23,4520.17,4523.785,2784.0,True,False,True,False,True,False
2026-05-23 00:30:00,OANDA:XAUUSD,4523.825,4526.915,4521.83,4522.345,2393.0,False,False,True,False,False,False
2026-05-23 00:35:00,OANDA:XAUUSD,4522.355,4522.94,4518.775,4519.68,2165.0,False,True,False,False,False,True
2026-05-23 00:40:00,OANDA:XAUUSD,4519.67,4519.71,4512.535,4515.065,2591.0,False,True,False,True,False,True
2026-05-23 00:45:00,OANDA:XAUUSD,4515.02,4517.985,4513.485,4513.66,2542.0,False,False,False,False,False,False
2026-05-23 00:50:00,OANDA:XAUUSD,4513.69,4514.735,4512.56,4513.97,2755.0,False,False,False,False,False,False
2026-05-23 00:55:00,OANDA:XAUUSD,4513.98,4515.22,4512.38,4515.05,2547.0,True,False,False,True,True,False
2026-05-23 01:00:00,OANDA:XAUUSD,4515.1,4519.3,4514.925,4518.735,2668.0,True,False,False,False,True,False
2026-05-23 01:05:00,OANDA:XAUUSD,4518.715,4520.375,4518.005,4520.22,2433.0,False,False,True,False,True,False
2026-05-23 01:10:00,OANDA:XAUUSD,4520.24,4521.025,4519.14,4519.48,1949.0,False,False,True,False,False,False
2026-05-23 01:15:00,OANDA:XAUUSD,4519.36,4520.27,4514.47,4514.88,2111.0,False,True,False,False,False,True
2026-05-23 01:20:00,OANDA:XAUUSD,4514.845,4516.95,4513.215,4515.73,3142.0,False,False,False,False,False,False
2026-05-23 01:25:00,OANDA:XAUUSD,4516.21,4526.02,4515.685,4525.51,6488.0,True,False,True,False,True,False
2026-05-23 01:30:00,OANDA:XAUUSD,4525.395,4527.995,4520.09,4520.175,7350.0,False,False,True,False,False,False
2026-05-23 01:35:00,OANDA:XAUUSD,4520.18,4524.12,4519.565,4523.595,3099.0,False,False,False,False,False,False
2026-05-23 01:40:00,OANDA:XAUUSD,4523.61,4524.475,4522.285,4522.295,2055.0,False,False,False,False,False,False
2026-05-23 01:45:00,OANDA:XAUUSD,4522.365,4522.93,4520.93,4521.435,1785.0,False,True,False,False,False,True
2026-05-23 01:50:00,OANDA:XAUUSD,4521.42,4522.25,4519.0,4519.725,2787.0,False,False,False,False,False,True
2026-05-23 01:55:00,OANDA:XAUUSD,4519.735,4521.615,4518.685,4519.255,2658.0,False,False,False,True,False,False
2026-05-23 02:00:00,OANDA:XAUUSD,4519.245,4519.535,4512.11,4515.705,3619.0,False,True,False,True,False,True
2026-05-23 02:05:00,OANDA:XAUUSD,4515.715,4517.25,4514.21,4515.615,2576.0,False,False,False,False,False,False
2026-05-23 02:10:00,OANDA:XAUUSD,4515.685,4515.685,4512.83,4513.915,2386.0,False,False,False,False,False,True
2026-05-23 02:15:00,OANDA:XAUUSD,4513.905,4516.275,4512.595,4515.13,2140.0,False,False,False,False,False,False
2026-05-23 02:20:00,OANDA:XAUUSD,4515.14,4517.89,4515.065,4516.71,1257.0,False,False,False,False,True,False
2026-05-23 02:25:00,OANDA:XAUUSD,4516.72,4517.78,4515.405,4515.405,1587.0,False,False,False,False,False,False
2026-05-23 02:30:00,OANDA:XAUUSD,4515.41,4517.175,4514.045,4517.1,1590.0,False,False,False,False,False,False
2026-05-23 02:35:00,OANDA:XAUUSD,4517.08,4520.34,4514.825,4518.355,2053.0,False,False,True,False,True,False
2026-05-23 02:40:00,OANDA:XAUUSD,4518.395,4518.665,4514.855,4515.265,1749.0,False,False,False,False,False,False
2026-05-23 02:45:00,OANDA:XAUUSD,4515.28,4516.07,4513.135,4513.215,2014.0,False,False,False,True,False,True
2026-05-23 02:50:00,OANDA:XAUUSD,4513.23,4515.93,4513.025,4515.475,1331.0,False,False,False,True,False,False
2026-05-23 02:55:00,OANDA:XAUUSD,4515.48,4515.9,4513.33,4515.27,2757.0,False,False,False,False,False,False
2026-05-23 03:00:00,OANDA:XAUUSD,4515.28,4516.05,4509.5,4510.745,4506.0,False,True,False,True,False,True
2026-05-23 03:05:00,OANDA:XAUUSD,4510.77,4511.18,4507.79,4508.63,3363.0,False,False,False,True,False,True
2026-05-23 03:10:00,OANDA:XAUUSD,4508.625,4509.855,4507.01,4507.365,2717.0,False,False,False,True,False,True
2026-05-23 03:15:00,OANDA:XAUUSD,4507.375,4509.16,4507.05,4509.06,1908.0,False,False,False,False,False,False
2026-05-23 03:20:00,OANDA:XAUUSD,4509.065,4509.065,4507.295,4507.9,1362.0,False,False,False,False,False,False
2026-05-23 03:25:00,OANDA:XAUUSD,4507.865,4508.7,4506.335,4507.33,1395.0,False,False,False,True,False,False
2026-05-23 03:30:00,OANDA:XAUUSD,4507.335,4508.42,4504.34,4508.135,2271.0,False,False,False,True,False,False
2026-05-23 03:35:00,OANDA:XAUUSD,4508.14,4509.805,4507.355,4509.295,1503.0,True,False,False,False,True,False
2026-05-23 03:40:00,OANDA:XAUUSD,4509.27,4510.94,4508.735,4509.755,1687.0,False,False,True,False,False,False
2026-05-23 03:45:00,OANDA:XAUUSD,4509.76,4510.125,4507.135,4507.66,2037.0,False,True,False,False,False,True
2026-05-23 03:50:00,OANDA:XAUUSD,4507.645,4508.35,4506.735,4507.78,2274.0,False,False,False,False,False,False
2026-05-23 03:55:00,OANDA:XAUUSD,4507.815,4509.475,4507.42,4508.45,3942.0,False,False,False,False,True,False
2026-05-23 04:00:00,OANDA:XAUUSD,4508.48,4509.535,4505.035,4506.47,2880.0,False,False,False,True,False,True
2026-05-23 04:05:00,OANDA:XAUUSD,4506.4,4507.45,4505.51,4507.27,1077.0,False,False,False,False,False,False
2026-05-23 04:10:00,OANDA:XAUUSD,4507.255,4508.395,4506.585,4508.2,1099.0,False,False,False,False,True,False
2026-05-23 04:15:00,OANDA:XAUUSD,4508.205,4509.62,4507.1,4509.275,1272.0,True,False,True,False,True,False
2026-05-23 04:20:00,OANDA:XAUUSD,4509.27,4510.475,4509.05,4509.85,665.0,False,False,True,False,True,False
2026-05-23 04:25:00,OANDA:XAUUSD,4509.81,4510.69,4508.48,4510.415,543.0,False,False,True,False,False,False
2026-05-23 04:30:00,OANDA:XAUUSD,4510.365,4510.6,4506.075,4507.295,1947.0,False,True,False,False,False,True
2026-05-23 04:35:00,OANDA:XAUUSD,4507.3,4507.73,4506.095,4506.99,1101.0,False,False,False,False,False,False
2026-05-23 04:40:00,OANDA:XAUUSD,4506.93,4507.005,4504.8,4505.06,1385.0,False,False,False,True,False,True
2026-05-23 04:45:00,OANDA:XAUUSD,4504.98,4508.61,4504.17,4507.03,2044.0,False,False,False,True,True,False
2026-05-23 04:50:00,OANDA:XAUUSD,4507.025,4507.37,4505.06,4507.135,1759.0,False,False,False,False,False,False
2026-05-23 04:55:00,OANDA:XAUUSD,4507.1,4509.92,4506.715,4509.69,1116.0,True,False,False,False,True,False
2026-05-25 06:00:00,OANDA:XAUUSD,4550.54,4551.665,4550.49,4550.78,65.0,True,False,True,False,True,False
2026-05-25 06:05:00,OANDA:XAUUSD,4550.815,4557.425,4549.82,4554.4,3665.0,True,False,True,False,True,False
2026-05-25 06:10:00,OANDA:XAUUSD,4554.585,4557.895,4552.315,4555.29,2760.0,False,False,True,False,False,False
2026-05-25 06:15:00,OANDA:XAUUSD,4555.44,4556.515,4548.91,4552.385,2959.0,False,False,False,False,False,False
2026-05-25 06:20:00,OANDA:XAUUSD,4552.39,4555.89,4552.045,4554.72,2149.0,False,False,False,False,False,False
2026-05-25 06:25:00,OANDA:XAUUSD,4554.685,4555.645,4551.23,4552.39,2377.0,False,False,False,False,False,False
2026-05-25 06:30:00,OANDA:XAUUSD,4552.395,4561.22,4551.985,4559.155,3926.0,True,False,True,False,True,False
2026-05-25 06:35:00,OANDA:XAUUSD,4559.135,4559.65,4557.31,4558.225,2076.0,False,False,False,False,False,False
2026-05-25 06:40:00,OANDA:XAUUSD,4558.245,4558.785,4556.925,4558.495,1762.0,False,False,False,False,False,False
2026-05-25 06:45:00,OANDA:XAUUSD,4558.47,4565.825,4558.255,4565.415,3084.0,True,False,True,False,True,False
2026-05-25 06:50:00,OANDA:XAUUSD,4565.42,4565.475,4562.25,4562.495,3016.0,False,False,False,False,False,False
2026-05-25 06:55:00,OANDA:XAUUSD,4562.51,4565.765,4561.97,4565.33,1931.0,False,False,False,False,False,False
2026-05-25 07:00:00,OANDA:XAUUSD,4565.36,4568.705,4565.27,4568.31,2482.0,True,False,True,False,True,False
2026-05-25 07:05:00,OANDA:XAUUSD,4568.27,4574.23,4567.835,4572.725,2351.0,True,False,True,False,True,False
2026-05-25 07:10:00,OANDA:XAUUSD,4572.735,4576.57,4572.735,4574.685,1640.0,False,False,True,False,True,False
2026-05-25 07:15:00,OANDA:XAUUSD,4574.675,4577.805,4573.83,4574.585,1623.0,False,False,True,False,False,False
2026-05-25 07:20:00,OANDA:XAUUSD,4574.6,4578.645,4574.405,4577.165,1467.0,False,False,True,False,False,False
2026-05-25 07:25:00,OANDA:XAUUSD,4577.185,4578.16,4574.02,4575.12,1182.0,False,False,False,False,False,False
2026-05-25 07:30:00,OANDA:XAUUSD,4575.135,4578.92,4575.09,4578.265,1319.0,False,False,True,False,True,False
2026-05-25 07:35:00,OANDA:XAUUSD,4578.275,4579.235,4577.815,4578.735,1579.0,False,False,True,False,False,False
2026-05-25 07:40:00,OANDA:XAUUSD,4578.72,4580.21,4577.305,4577.595,1582.0,False,False,True,False,False,True
2026-05-25 07:45:00,OANDA:XAUUSD,4577.59,4578.45,4575.575,4577.04,1513.0,False,True,False,False,False,True
2026-05-25 07:50:00,OANDA:XAUUSD,4577.05,4577.05,4574.15,4575.125,1211.0,False,True,False,False,False,True
2026-05-25 07:55:00,OANDA:XAUUSD,4575.105,4575.12,4565.685,4567.08,2099.0,False,True,False,True,False,True
2026-05-25 08:00:00,OANDA:XAUUSD,4567.07,4571.66,4566.33,4568.98,2959.0,False,False,False,False,False,False
2026-05-25 08:05:00,OANDA:XAUUSD,4568.945,4574.4,4568.265,4573.085,2267.0,False,False,False,False,True,False
2026-05-25 08:10:00,OANDA:XAUUSD,4573.09,4575.805,4570.445,4572.73,2660.0,False,False,False,False,False,False
2026-05-25 08:15:00,OANDA:XAUUSD,4572.74,4573.535,4569.985,4571.585,1928.0,False,False,False,False,False,False
2026-05-25 08:20:00,OANDA:XAUUSD,4571.575,4574.655,4570.085,4574.64,1532.0,False,False,False,False,True,False
2026-05-25 08:25:00,OANDA:XAUUSD,4574.67,4575.61,4570.15,4572.335,1567.0,False,False,False,False,False,False
2026-05-25 08:30:00,OANDA:XAUUSD,4572.285,4574.8,4571.95,4573.985,1747.0,False,False,False,False,False,False
2026-05-25 08:35:00,OANDA:XAUUSD,4574.0,4575.68,4572.415,4575.185,1360.0,False,False,False,False,True,False
2026-05-25 08:40:00,OANDA:XAUUSD,4575.145,4575.145,4570.875,4571.685,1462.0,False,False,False,False,False,True
2026-05-25 08:45:00,OANDA:XAUUSD,4571.695,4579.575,4571.065,4576.71,2074.0,False,False,True,False,True,False
2026-05-25 08:50:00,OANDA:XAUUSD,4576.685,4577.655,4571.8,4573.83,2606.0,False,False,False,False,False,False
2026-05-25 08:55:00,OANDA:XAUUSD,4573.81,4574.69,4566.435,4569.72,3209.0,False,False,False,True,False,True
2026-05-25 09:00:00,OANDA:XAUUSD,4569.715,4576.585,4567.06,4568.485,6111.0,False,False,False,False,False,False
2026-05-25 09:05:00,OANDA:XAUUSD,4568.515,4569.96,4560.605,4562.155,4417.0,False,True,False,True,False,True
2026-05-25 09:10:00,OANDA:XAUUSD,4562.15,4567.055,4561.59,4565.815,3735.0,False,False,False,False,False,False
2026-05-25 09:15:00,OANDA:XAUUSD,4565.85,4566.69,4562.54,4566.46,3001.0,False,False,False,False,False,False
2026-05-25 09:20:00,OANDA:XAUUSD,4566.47,4573.29,4565.725,4571.69,2290.0,True,False,False,False,True,False
2026-05-25 09:25:00,OANDA:XAUUSD,4571.715,4575.495,4568.87,4573.5,2670.0,False,False,False,False,True,False
2026-05-25 09:30:00,OANDA:XAUUSD,4573.45,4574.78,4568.92,4569.135,2628.0,False,False,False,False,False,False
2026-05-25 09:35:00,OANDA:XAUUSD,4569.145,4571.945,4569.02,4570.795,2979.0,False,False,False,False,False,False
2026-05-25 09:40:00,OANDA:XAUUSD,4570.8,4571.315,4563.42,4563.63,2582.0,False,True,False,False,False,True
2026-05-25 09:45:00,OANDA:XAUUSD,4563.47,4565.065,4560.34,4563.885,2720.0,False,False,False,True,False,False
2026-05-25 09:50:00,OANDA:XAUUSD,4563.87,4567.395,4561.48,4566.61,2110.0,False,False,False,False,True,False
2026-05-25 09:55:00,OANDA:XAUUSD,4566.555,4567.075,4561.185,4563.08,1854.0,False,False,False,False,False,False
2026-05-25 10:00:00,OANDA:XAUUSD,4563.09,4565.6,4561.465,4562.65,2192.0,False,False,False,False,False,False
2026-05-25 10:05:00,OANDA:XAUUSD,4562.745,4568.4,4562.425,4567.75,1740.0,False,False,False,False,True,False
2026-05-25 10:10:00,OANDA:XAUUSD,4567.82,4568.12,4561.235,4562.13,2016.0,False,False,False,False,False,True
2026-05-25 10:15:00,OANDA:XAUUSD,4562.165,4562.54,4558.955,4561.725,1537.0,False,False,False,True,False,False
2026-05-25 10:20:00,OANDA:XAUUSD,4561.805,4563.665,4559.69,4562.955,1324.0,False,False,False,False,True,False
2026-05-25 10:25:00,OANDA:XAUUSD,4562.98,4563.135,4559.865,4562.95,1083.0,False,False,False,False,False,False
2026-05-25 10:30:00,OANDA:XAUUSD,4562.985,4565.59,4561.675,4563.895,1723.0,False,False,False,False,True,False
2026-05-25 10:35:00,OANDA:XAUUSD,4563.885,4565.81,4561.975,4565.505,2176.0,False,False,False,False,False,False
2026-05-25 10:40:00,OANDA:XAUUSD,4565.47,4569.925,4564.555,4569.925,1858.0,False,False,True,False,True,False
2026-05-25 10:45:00,OANDA:XAUUSD,4569.94,4570.51,4562.23,4563.455,2245.0,False,False,True,False,False,True
2026-05-25 10:50:00,OANDA:XAUUSD,4563.46,4565.105,4562.0,4562.0,1310.0,False,False,False,False,False,True
2026-05-25 10:55:00,OANDA:XAUUSD,4562.005,4562.985,4559.53,4561.43,1803.0,False,False,False,True,False,True
2026-05-25 11:00:00,OANDA:XAUUSD,4561.435,4564.6,4561.16,4563.285,1941.0,False,False,False,False,True,False
2026-05-25 11:05:00,OANDA:XAUUSD,4563.29,4563.57,4560.565,4563.215,1524.0,False,False,False,False,False,False
2026-05-25 11:10:00,OANDA:XAUUSD,4563.24,4563.745,4561.545,4563.285,1166.0,False,False,False,False,False,False
2026-05-25 11:15:00,OANDA:XAUUSD,4563.295,4563.545,4561.74,4562.225,1367.0,False,False,False,False,False,False
2026-05-25 11:20:00,OANDA:XAUUSD,4562.215,4564.58,4561.58,4561.6,1624.0,False,False,False,False,False,True
2026-05-25 11:25:00,OANDA:XAUUSD,4561.605,4562.185,4560.245,4560.8,1223.0,False,False,False,True,False,True
2026-05-25 11:30:00,OANDA:XAUUSD,4560.81,4562.6,4559.655,4561.595,1388.0,False,False,False,True,False,False
2026-05-25 11:35:00,OANDA:XAUUSD,4561.6,4564.225,4561.54,4562.865,1645.0,False,False,False,False,True,False
2026-05-25 11:40:00,OANDA:XAUUSD,4562.845,4562.915,4558.27,4558.58,1497.0,False,True,False,True,False,True
2026-05-25 11:45:00,OANDA:XAUUSD,4558.525,4559.225,4557.01,4558.665,1615.0,False,False,False,True,False,False
2026-05-25 11:50:00,OANDA:XAUUSD,4558.59,4560.165,4556.585,4559.87,1232.0,True,False,False,True,True,False
2026-05-25 11:55:00,OANDA:XAUUSD,4559.77,4561.3,4559.365,4559.78,1305.0,False,False,False,False,False,False
2026-05-25 12:00:00,OANDA:XAUUSD,4559.655,4562.035,4559.39,4561.25,1184.0,False,False,False,False,False,False
2026-05-25 12:05:00,OANDA:XAUUSD,4561.175,4562.13,4560.77,4561.695,863.0,False,False,False,False,False,False
2026-05-25 12:10:00,OANDA:XAUUSD,4561.66,4562.595,4559.97,4560.975,933.0,False,False,True,False,False,False
2026-05-25 12:15:00,OANDA:XAUUSD,4561.0,4561.985,4560.035,4561.13,746.0,False,False,False,False,False,False
2026-05-25 12:20:00,OANDA:XAUUSD,4561.14,4564.56,4561.125,4564.105,1144.0,True,False,True,False,True,False
2026-05-25 12:25:00,OANDA:XAUUSD,4564.125,4565.94,4564.09,4565.17,788.0,False,False,True,False,True,False
2026-05-25 12:30:00,OANDA:XAUUSD,4565.19,4565.61,4560.245,4560.72,1302.0,False,True,False,False,False,True
2026-05-25 12:35:00,OANDA:XAUUSD,4560.715,4562.41,4559.46,4561.925,1252.0,False,False,False,True,False,False
2026-05-25 12:40:00,OANDA:XAUUSD,4561.915,4562.92,4560.66,4562.28,827.0,False,False,False,False,False,False
2026-05-25 12:45:00,OANDA:XAUUSD,4562.3,4564.405,4562.22,4563.995,655.0,True,False,False,False,True,False
2026-05-25 12:50:00,OANDA:XAUUSD,4563.985,4565.37,4563.275,4564.24,746.0,False,False,False,False,False,False
2026-05-25 12:55:00,OANDA:XAUUSD,4564.22,4565.75,4564.16,4564.88,1032.0,False,False,True,False,False,False
2026-05-25 13:00:00,OANDA:XAUUSD,4564.895,4565.955,4563.13,4565.645,1077.0,False,False,True,False,False,False
2026-05-25 13:05:00,OANDA:XAUUSD,4565.655,4566.0,4564.4,4564.57,695.0,False,False,True,False,False,False
2026-05-25 13:10:00,OANDA:XAUUSD,4564.7,4565.13,4562.895,4563.52,1034.0,False,True,False,False,False,True
2026-05-25 13:15:00,OANDA:XAUUSD,4563.49,4563.635,4562.41,4562.84,880.0,False,False,False,True,False,True
2026-05-25 13:20:00,OANDA:XAUUSD,4562.855,4562.975,4556.44,4556.68,1647.0,False,True,False,True,False,True
2026-05-25 13:25:00,OANDA:XAUUSD,4556.675,4557.17,4554.12,4554.28,1263.0,False,False,False,True,False,True
2026-05-25 13:30:00,OANDA:XAUUSD,4554.33,4559.83,4552.865,4557.97,2167.0,True,False,False,True,True,False
2026-05-25 13:35:00,OANDA:XAUUSD,4557.985,4560.95,4557.77,4560.17,1468.0,False,False,False,False,True,False
2026-05-25 13:40:00,OANDA:XAUUSD,4560.22,4561.13,4555.295,4557.185,1706.0,False,False,False,False,False,True
2026-05-25 13:45:00,OANDA:XAUUSD,4557.17,4558.03,4554.375,4554.605,1899.0,False,True,False,False,False,True
2026-05-25 13:50:00,OANDA:XAUUSD,4554.635,4555.05,4552.015,4553.87,1804.0,False,False,False,True,False,True
2026-05-25 13:55:00,OANDA:XAUUSD,4553.935,4555.505,4552.785,4553.43,1703.0,False,False,False,False,False,False
2026-05-25 14:00:00,OANDA:XAUUSD,4553.455,4555.935,4552.565,4553.155,2415.0,False,False,False,False,False,False
2026-05-25 14:05:00,OANDA:XAUUSD,4553.17,4553.8,4550.55,4552.1,2144.0,False,False,False,True,False,True
2026-05-25 14:10:00,OANDA:XAUUSD,4552.1,4554.305,4551.495,4553.93,1774.0,False,False,False,False,True,False
2026-05-25 14:15:00,OANDA:XAUUSD,4553.935,4555.53,4552.635,4554.73,1595.0,False,False,False,False,True,False
2026-05-25 14:20:00,OANDA:XAUUSD,4554.635,4556.93,4552.365,4556.575,1700.0,False,False,True,False,True,False
2026-05-25 14:25:00,OANDA:XAUUSD,4556.565,4557.435,4554.07,4554.33,1572.0,False,False,True,False,False,False
2026-05-25 14:30:00,OANDA:XAUUSD,4554.44,4556.26,4553.65,4555.275,1587.0,False,False,False,False,False,False
2026-05-25 14:35:00,OANDA:XAUUSD,4555.265,4557.555,4554.915,4555.665,1940.0,False,False,True,False,False,False
2026-05-25 14:40:00,OANDA:XAUUSD,4555.69,4557.56,4555.43,4556.635,1946.0,False,False,True,False,False,False
2026-05-25 14:45:00,OANDA:XAUUSD,4556.63,4559.515,4556.405,4557.99,2243.0,False,False,True,False,True,False
2026-05-25 14:50:00,OANDA:XAUUSD,4557.985,4559.51,4556.515,4558.75,2593.0,False,False,False,False,False,False
2026-05-25 14:55:00,OANDA:XAUUSD,4558.73,4563.43,4558.73,4562.69,2863.0,True,False,True,False,True,False
2026-05-25 15:00:00,OANDA:XAUUSD,4562.7,4564.98,4561.39,4564.195,2623.0,False,False,True,False,True,False
2026-05-25 15:05:00,OANDA:XAUUSD,4564.17,4564.645,4561.375,4562.075,1935.0,False,False,False,False,False,False
2026-05-25 15:10:00,OANDA:XAUUSD,4562.12,4564.52,4560.72,4560.79,1840.0,False,True,False,False,False,True
2026-05-25 15:15:00,OANDA:XAUUSD,4560.785,4561.25,4553.28,4555.495,3384.0,False,True,False,True,False,True
2026-05-25 15:20:00,OANDA:XAUUSD,4555.48,4556.16,4552.495,4555.655,3667.0,False,False,False,True,False,False
2026-05-25 15:25:00,OANDA:XAUUSD,4555.67,4557.11,4554.19,4554.69,2153.0,False,False,False,False,False,False
2026-05-25 15:30:00,OANDA:XAUUSD,4554.695,4561.74,4554.28,4559.09,3156.0,True,False,False,False,True,False
2026-05-25 15:35:00,OANDA:XAUUSD,4559.05,4560.06,4557.31,4558.845,1747.0,False,False,False,False,False,False
2026-05-25 15:40:00,OANDA:XAUUSD,4558.865,4561.275,4558.68,4560.005,1495.0,False,False,False,False,False,False
2026-05-25 15:45:00,OANDA:XAUUSD,4560.01,4562.265,4558.695,4562.245,1405.0,True,False,True,False,True,False
2026-05-25 15:50:00,OANDA:XAUUSD,4562.23,4565.18,4561.815,4563.865,1273.0,True,False,True,False,True,False
2026-05-25 15:55:00,OANDA:XAUUSD,4563.85,4565.11,4563.345,4564.79,1377.0,False,False,False,False,False,False
2026-05-25 16:00:00,OANDA:XAUUSD,4564.78,4565.085,4562.62,4562.635,1637.0,False,True,False,False,False,True
2026-05-25 16:05:00,OANDA:XAUUSD,4562.63,4563.13,4559.815,4561.45,1223.0,False,True,False,False,False,True
2026-05-25 16:10:00,OANDA:XAUUSD,4561.505,4562.065,4559.585,4561.09,802.0,False,False,False,False,False,False
2026-05-25 16:15:00,OANDA:XAUUSD,4561.1,4561.34,4559.555,4560.725,845.0,False,False,False,True,False,False
2026-05-25 16:20:00,OANDA:XAUUSD,4560.87,4561.225,4555.25,4555.31,1734.0,False,True,False,True,False,True
2026-05-25 16:25:00,OANDA:XAUUSD,4555.36,4556.135,4553.79,4554.9,2477.0,False,False,False,True,False,True
2026-05-25 16:30:00,OANDA:XAUUSD,4554.905,4558.19,4554.275,4557.09,1451.0,False,False,False,False,True,False
2026-05-25 16:35:00,OANDA:XAUUSD,4557.085,4558.095,4554.97,4556.09,1455.0,False,False,False,False,False,False
2026-05-25 16:40:00,OANDA:XAUUSD,4556.05,4556.49,4553.445,4554.6,1422.0,False,False,False,True,False,True
2026-05-25 16:45:00,OANDA:XAUUSD,4554.635,4555.36,4553.435,4554.6,1389.0,False,False,False,True,False,False
2026-05-25 16:50:00,OANDA:XAUUSD,4554.61,4556.485,4554.345,4556.04,1228.0,True,False,False,False,True,False
2026-05-25 16:55:00,OANDA:XAUUSD,4556.025,4556.63,4555.62,4556.01,864.0,False,False,False,False,False,False
2026-05-25 17:00:00,OANDA:XAUUSD,4556.07,4558.83,4555.585,4557.19,1129.0,False,False,True,False,True,False
2026-05-25 17:05:00,OANDA:XAUUSD,4557.21,4557.385,4555.005,4555.015,989.0,False,False,False,False,False,True
2026-05-25 17:10:00,OANDA:XAUUSD,4555.035,4557.315,4554.92,4555.47,821.0,False,False,False,False,False,False
2026-05-25 17:15:00,OANDA:XAUUSD,4555.48,4557.46,4555.475,4556.525,833.0,False,False,False,False,False,False
2026-05-25 17:20:00,OANDA:XAUUSD,4556.465,4556.7,4555.58,4556.525,870.0,False,False,False,False,False,False
2026-05-25 17:25:00,OANDA:XAUUSD,4556.49,4559.12,4556.355,4558.94,770.0,True,False,True,False,True,False
2026-05-25 17:30:00,OANDA:XAUUSD,4558.925,4565.315,4558.435,4565.285,1669.0,True,False,True,False,True,False
2026-05-25 17:35:00,OANDA:XAUUSD,4565.275,4565.88,4563.1,4564.975,2272.0,False,False,True,False,False,False
2026-05-25 17:40:00,OANDA:XAUUSD,4564.97,4566.15,4563.915,4565.91,1354.0,False,False,True,False,True,False
2026-05-25 17:45:00,OANDA:XAUUSD,4565.915,4566.94,4564.75,4566.525,1183.0,True,False,True,False,True,False
2026-05-25 17:50:00,OANDA:XAUUSD,4566.51,4568.455,4566.2,4567.185,1235.0,False,False,True,False,True,False
2026-05-25 17:55:00,OANDA:XAUUSD,4567.14,4569.165,4566.815,4567.62,1328.0,False,False,True,False,False,False
2026-05-25 18:00:00,OANDA:XAUUSD,4567.62,4569.97,4567.62,4568.995,907.0,False,False,True,False,False,False
2026-05-25 18:05:00,OANDA:XAUUSD,4569.03,4571.025,4568.88,4571.025,1156.0,False,False,True,False,True,False
2026-05-25 18:10:00,OANDA:XAUUSD,4571.015,4572.545,4569.95,4572.185,1579.0,True,False,True,False,True,False
2026-05-25 18:15:00,OANDA:XAUUSD,4572.205,4573.825,4571.285,4572.965,1234.0,False,False,True,False,True,False
2026-05-25 18:20:00,OANDA:XAUUSD,4572.98,4573.035,4571.17,4572.515,1044.0,False,False,False,False,False,False
2026-05-25 18:25:00,OANDA:XAUUSD,4572.495,4572.545,4569.995,4571.13,1112.0,False,False,False,False,False,True
2026-05-25 18:30:00,OANDA:XAUUSD,4571.135,4573.38,4570.21,4572.65,1126.0,False,False,False,False,True,False
2026-05-25 18:35:00,OANDA:XAUUSD,4572.66,4572.72,4570.725,4570.98,1355.0,False,False,False,False,False,False
2026-05-25 18:40:00,OANDA:XAUUSD,4570.97,4571.065,4568.47,4570.43,1474.0,False,False,False,True,False,True
2026-05-25 18:45:00,OANDA:XAUUSD,4570.445,4572.655,4570.33,4570.59,1077.0,False,False,False,False,False,False
2026-05-25 18:50:00,OANDA:XAUUSD,4570.62,4570.62,4569.19,4569.89,829.0,False,True,False,False,False,True
2026-05-25 18:55:00,OANDA:XAUUSD,4569.885,4570.3,4568.52,4568.6,837.0,False,True,False,False,False,True
2026-05-25 19:00:00,OANDA:XAUUSD,4568.63,4568.82,4567.93,4568.54,839.0,False,False,False,True,False,False
2026-05-25 19:05:00,OANDA:XAUUSD,4568.565,4568.82,4567.705,4568.4,626.0,False,False,False,True,False,False
2026-05-25 19:10:00,OANDA:XAUUSD,4568.46,4572.64,4568.215,4572.305,658.0,True,False,False,False,True,False
2026-05-25 19:15:00,OANDA:XAUUSD,4572.315,4575.315,4571.935,4574.925,1537.0,False,False,True,False,True,False
2026-05-25 19:20:00,OANDA:XAUUSD,4574.98,4575.1,4571.785,4571.825,1144.0,False,False,False,False,False,True
2026-05-25 19:25:00,OANDA:XAUUSD,4571.81,4571.955,4569.45,4571.805,930.0,False,False,False,False,False,False
2026-05-25 19:30:00,OANDA:XAUUSD,4571.735,4574.63,4571.69,4573.15,1433.0,True,False,False,False,True,False
2026-05-25 19:35:00,OANDA:XAUUSD,4573.145,4576.33,4572.81,4576.11,1196.0,False,False,True,False,True,False
2026-05-25 19:40:00,OANDA:XAUUSD,4576.15,4576.28,4574.055,4574.58,1101.0,False,False,False,False,False,False
2026-05-25 19:45:00,OANDA:XAUUSD,4574.575,4577.115,4571.345,4571.345,1668.0,False,True,True,False,False,True
2026-05-25 19:50:00,OANDA:XAUUSD,4571.33,4572.15,4570.515,4570.825,1046.0,False,True,False,False,False,True
2026-05-25 19:55:00,OANDA:XAUUSD,4570.845,4571.315,4569.28,4569.46,1492.0,False,True,False,True,False,True
2026-05-25 20:00:00,OANDA:XAUUSD,4569.455,4569.455,4563.865,4564.645,2355.0,False,True,False,True,False,True
2026-05-25 20:05:00,OANDA:XAUUSD,4564.635,4564.7,4557.27,4560.55,2885.0,False,True,False,True,False,True
2026-05-25 20:10:00,OANDA:XAUUSD,4560.525,4561.565,4556.33,4556.555,2626.0,False,True,False,True,False,True
2026-05-25 20:15:00,OANDA:XAUUSD,4556.535,4557.155,4554.02,4554.285,2466.0,False,False,False,True,False,True
2026-05-25 20:20:00,OANDA:XAUUSD,4554.27,4557.475,4553.12,4556.605,2581.0,False,False,False,True,False,False
2026-05-25 20:25:00,OANDA:XAUUSD,4556.575,4561.21,4556.39,4560.725,2133.0,True,False,False,False,True,False
2026-05-25 20:30:00,OANDA:XAUUSD,4560.73,4564.305,4559.98,4564.23,1975.0,True,False,False,False,True,False
2026-05-25 20:35:00,OANDA:XAUUSD,4564.2,4570.41,4563.365,4568.905,2659.0,True,False,True,False,True,False
2026-05-25 20:40:00,OANDA:XAUUSD,4568.91,4569.33,4566.44,4566.58,2225.0,False,False,False,False,False,False
2026-05-25 20:45:00,OANDA:XAUUSD,4566.575,4568.18,4564.185,4566.475,2008.0,False,False,False,False,False,False
2026-05-25 20:50:00,OANDA:XAUUSD,4566.465,4567.39,4565.97,4566.845,857.0,False,False,False,False,False,False
2026-05-25 20:55:00,OANDA:XAUUSD,4566.85,4568.93,4566.68,4567.795,1335.0,False,False,False,False,True,False
2026-05-25 21:00:00,OANDA:XAUUSD,4567.74,4567.88,4561.715,4564.75,3696.0,False,False,False,True,False,True
2026-05-25 21:05:00,OANDA:XAUUSD,4564.755,4571.605,4564.585,4568.685,2848.0,False,False,True,False,True,False
2026-05-25 21:10:00,OANDA:XAUUSD,4568.685,4568.745,4562.805,4564.51,2553.0,False,True,False,False,False,True
2026-05-25 21:15:00,OANDA:XAUUSD,4564.505,4564.515,4560.605,4562.125,2777.0,False,False,False,True,False,True
2026-05-25 21:20:00,OANDA:XAUUSD,4562.14,4564.81,4561.96,4563.69,1906.0,False,False,False,False,False,False
2026-05-25 21:25:00,OANDA:XAUUSD,4563.695,4564.005,4560.995,4562.07,1734.0,False,False,False,False,False,False
2026-05-25 21:30:00,OANDA:XAUUSD,4562.0,4564.605,4561.705,4564.375,1792.0,False,False,False,False,True,False
2026-05-25 21:35:00,OANDA:XAUUSD,4564.385,4565.75,4563.195,4564.485,1526.0,False,False,False,False,False,False
2026-05-25 21:40:00,OANDA:XAUUSD,4564.5,4565.655,4563.865,4565.16,2045.0,False,False,False,False,False,False
2026-05-25 21:45:00,OANDA:XAUUSD,4565.155,4565.555,4560.17,4561.8,2138.0,False,True,False,True,False,True
2026-05-25 21:50:00,OANDA:XAUUSD,4561.795,4563.655,4560.87,4563.605,1566.0,False,False,False,False,False,False
2026-05-25 21:55:00,OANDA:XAUUSD,4563.61,4565.1,4563.11,4563.125,1603.0,False,False,False,False,False,False
2026-05-25 22:00:00,OANDA:XAUUSD,4563.14,4567.36,4562.46,4567.05,2459.0,True,False,True,False,True,False
2026-05-25 22:05:00,OANDA:XAUUSD,4567.04,4569.925,4567.04,4569.785,1871.0,False,False,True,False,True,False
2026-05-25 22:10:00,OANDA:XAUUSD,4569.74,4570.2,4567.25,4567.92,1875.0,False,False,True,False,False,False
2026-05-25 22:15:00,OANDA:XAUUSD,4567.88,4568.99,4567.605,4568.535,1175.0,False,False,False,False,False,False
2026-05-25 22:20:00,OANDA:XAUUSD,4568.57,4570.235,4567.83,4570.135,1334.0,False,False,True,False,True,False
2026-05-25 22:25:00,OANDA:XAUUSD,4570.195,4570.655,4567.64,4568.035,1351.0,False,False,True,False,False,False
2026-05-25 22:30:00,OANDA:XAUUSD,4568.05,4568.51,4565.2,4567.875,1586.0,False,False,False,True,False,False
2026-05-25 22:35:00,OANDA:XAUUSD,4567.87,4568.47,4566.33,4567.675,1223.0,False,False,False,False,False,False
2026-05-25 22:40:00,OANDA:XAUUSD,4567.715,4568.57,4566.52,4567.005,1022.0,False,False,False,False,False,False
2026-05-25 22:45:00,OANDA:XAUUSD,4567.015,4568.535,4566.335,4568.365,1407.0,False,False,False,False,False,False
2026-05-25 22:50:00,OANDA:XAUUSD,4568.395,4569.16,4565.865,4565.895,1363.0,False,False,False,False,False,True
2026-05-25 22:55:00,OANDA:XAUUSD,4565.89,4567.055,4565.365,4566.985,1894.0,False,False,False,False,False,False
2026-05-25 23:00:00,OANDA:XAUUSD,4566.97,4569.32,4566.585,4568.235,1305.0,False,False,True,False,True,False
2026-05-25 23:05:00,OANDA:XAUUSD,4568.26,4568.26,4565.665,4566.685,1345.0,False,False,False,False,False,False
2026-05-25 23:10:00,OANDA:XAUUSD,4566.685,4573.625,4566.09,4570.2,4084.0,False,False,True,False,True,False
2026-05-25 23:15:00,OANDA:XAUUSD,4570.225,4570.93,4568.015,4570.565,1795.0,False,False,False,False,False,False
2026-05-25 23:20:00,OANDA:XAUUSD,4570.56,4573.53,4570.365,4573.01,1789.0,True,False,False,False,True,False
2026-05-25 23:25:00,OANDA:XAUUSD,4572.955,4574.875,4571.6,4573.495,2151.0,False,False,True,False,False,False
2026-05-25 23:30:00,OANDA:XAUUSD,4573.525,4573.585,4570.225,4571.025,1328.0,False,True,False,False,False,True
2026-05-25 23:35:00,OANDA:XAUUSD,4571.11,4571.18,4566.93,4568.94,1329.0,False,True,False,False,False,True
2026-05-25 23:40:00,OANDA:XAUUSD,4568.91,4569.715,4567.955,4569.095,700.0,False,False,False,False,False,False
2026-05-25 23:45:00,OANDA:XAUUSD,4569.045,4570.675,4568.755,4570.48,615.0,True,False,False,False,True,False
2026-05-25 23:50:00,OANDA:XAUUSD,4570.525,4572.515,4570.375,4572.025,468.0,True,False,False,False,True,False
2026-05-25 23:55:00,OANDA:XAUUSD,4571.97,4572.885,4570.8,4571.06,464.0,False,False,False,False,False,False
2026-05-26 00:00:00,OANDA:XAUUSD,4571.07,4571.285,4568.68,4569.385,864.0,False,True,False,False,False,True
2026-05-26 00:05:00,OANDA:XAUUSD,4569.43,4570.13,4568.97,4569.42,735.0,False,False,False,False,False,False
2026-05-26 00:10:00,OANDA:XAUUSD,4569.42,4570.815,4569.34,4570.59,540.0,False,False,False,False,True,False
2026-05-26 00:15:00,OANDA:XAUUSD,4570.62,4570.705,4568.725,4568.785,581.0,False,False,False,False,False,True
2026-05-26 00:20:00,OANDA:XAUUSD,4568.77,4570.42,4568.77,4569.665,613.0,False,False,False,False,False,False
2026-05-26 00:25:00,OANDA:XAUUSD,4569.665,4570.225,4568.195,4568.235,459.0,False,False,False,True,False,True
2026-05-26 00:30:00,OANDA:XAUUSD,4568.255,4570.145,4568.005,4570.055,782.0,False,False,False,True,False,False
2026-05-26 00:35:00,OANDA:XAUUSD,4570.05,4571.2,4569.755,4571.115,561.0,True,False,True,False,True,False
2026-05-26 00:40:00,OANDA:XAUUSD,4571.065,4572.5,4570.42,4572.24,775.0,True,False,True,False,True,False
2026-05-26 00:45:00,OANDA:XAUUSD,4572.285,4573.46,4571.81,4573.005,596.0,False,False,True,False,True,False
2026-05-26 00:50:00,OANDA:XAUUSD,4572.96,4574.685,4571.05,4571.25,1002.0,False,False,True,False,False,True
2026-05-26 00:55:00,OANDA:XAUUSD,4571.275,4573.785,4571.275,4573.63,861.0,False,False,False,False,False,False
2026-05-26 01:00:00,OANDA:XAUUSD,4573.485,4576.68,4573.47,4575.755,1212.0,True,False,True,False,True,False
2026-05-26 01:05:00,OANDA:XAUUSD,4575.58,4576.24,4574.42,4576.06,1135.0,False,False,False,False,False,False
2026-05-26 01:10:00,OANDA:XAUUSD,4576.075,4578.065,4573.725,4574.035,1923.0,False,False,True,False,False,True
2026-05-26 01:15:00,OANDA:XAUUSD,4574.05,4574.59,4573.64,4573.84,1337.0,False,False,False,False,False,False
2026-05-26 01:20:00,OANDA:XAUUSD,4573.855,4573.855,4571.195,4571.34,873.0,False,True,False,True,False,True
2026-05-26 01:25:00,OANDA:XAUUSD,4571.335,4571.545,4570.34,4571.34,647.0,False,False,False,True,False,False
2026-05-26 01:30:00,OANDA:XAUUSD,4571.335,4571.43,4569.79,4569.8,622.0,False,True,False,True,False,True
2026-05-26 01:35:00,OANDA:XAUUSD,4569.705,4569.84,4567.735,4567.735,486.0,False,True,False,True,False,True
2026-05-26 01:40:00,OANDA:XAUUSD,4567.725,4568.24,4566.16,4566.755,1049.0,False,True,False,True,False,True
2026-05-26 01:45:00,OANDA:XAUUSD,4566.77,4566.77,4563.365,4565.12,1373.0,False,True,False,True,False,True
2026-05-26 01:50:00,OANDA:XAUUSD,4565.14,4565.435,4563.455,4564.515,504.0,False,False,False,False,False,False
2026-05-26 01:55:00,OANDA:XAUUSD,4564.52,4565.715,4563.955,4565.11,492.0,False,False,False,False,False,False
2026-05-26 02:00:00,OANDA:XAUUSD,4565.175,4569.36,4564.325,4569.3,816.0,True,False,False,False,True,False
2026-05-26 02:05:00,OANDA:XAUUSD,4569.235,4572.05,4568.22,4570.47,1092.0,False,False,True,False,True,False
2026-05-26 02:10:00,OANDA:XAUUSD,4570.465,4571.27,4568.26,4569.375,1008.0,False,False,False,False,False,False
2026-05-26 02:15:00,OANDA:XAUUSD,4569.385,4570.425,4569.08,4569.08,435.0,False,False,False,False,False,False
2026-05-26 02:20:00,OANDA:XAUUSD,4569.065,4570.88,4567.675,4568.005,551.0,False,False,False,False,False,True
2026-05-26 02:25:00,OANDA:XAUUSD,4567.935,4570.355,4567.59,4570.315,294.0,True,False,False,False,False,False
2026-05-26 06:00:00,OANDA:XAUUSD,4571.33,4571.33,4571.13,4571.16,7.0,True,False,False,False,True,False
2026-05-26 06:05:00,OANDA:XAUUSD,4571.17,4573.11,4570.805,4572.765,729.0,True,False,True,False,True,False
2026-05-26 06:10:00,OANDA:XAUUSD,4572.78,4574.175,4572.285,4573.585,576.0,True,False,True,False,True,False
2026-05-26 06:15:00,OANDA:XAUUSD,4573.57,4575.585,4573.24,4574.205,684.0,False,False,True,False,True,False
2026-05-26 06:20:00,OANDA:XAUUSD,4574.2,4575.44,4573.22,4575.44,727.0,False,False,False,False,False,False
2026-05-26 06:25:00,OANDA:XAUUSD,4575.42,4575.75,4573.015,4573.32,736.0,False,False,True,False,False,False
2026-05-26 06:30:00,OANDA:XAUUSD,4573.33,4573.375,4571.05,4571.19,826.0,False,False,False,False,False,True
2026-05-26 06:35:00,OANDA:XAUUSD,4571.14,4573.67,4569.68,4572.99,948.0,False,False,False,True,False,False
2026-05-26 06:40:00,OANDA:XAUUSD,4572.975,4575.305,4572.015,4574.18,839.0,True,False,False,False,True,False
2026-05-26 06:45:00,OANDA:XAUUSD,4574.17,4575.42,4573.7,4573.945,563.0,False,False,False,False,False,False
2026-05-26 06:50:00,OANDA:XAUUSD,4573.96,4576.465,4573.945,4576.335,468.0,False,False,True,False,True,False
2026-05-26 06:55:00,OANDA:XAUUSD,4576.34,4576.635,4574.095,4574.935,1057.0,False,False,True,False,False,False
2026-05-26 07:00:00,OANDA:XAUUSD,4574.95,4576.695,4574.0,4574.17,1074.0,False,False,True,False,False,False
2026-05-26 07:05:00,OANDA:XAUUSD,4574.135,4576.82,4573.81,4576.41,734.0,False,False,True,False,False,False
2026-05-26 07:10:00,OANDA:XAUUSD,4576.415,4579.48,4575.49,4579.205,1840.0,True,False,True,False,True,False
2026-05-26 07:15:00,OANDA:XAUUSD,4579.21,4580.245,4577.305,4577.7,1205.0,False,False,True,False,False,False
2026-05-26 07:20:00,OANDA:XAUUSD,4577.705,4578.245,4573.07,4574.19,1436.0,False,True,False,True,False,True
2026-05-26 07:25:00,OANDA:XAUUSD,4574.165,4574.275,4567.16,4568.41,1500.0,False,True,False,True,False,True
2026-05-26 07:30:00,OANDA:XAUUSD,4568.39,4568.665,4560.66,4561.06,2010.0,False,True,False,True,False,True
2026-05-26 07:35:00,OANDA:XAUUSD,4561.055,4562.585,4555.415,4561.675,3139.0,False,False,False,True,False,False
2026-05-26 07:40:00,OANDA:XAUUSD,4561.7,4562.45,4555.42,4556.79,2007.0,False,False,False,False,False,False
2026-05-26 07:45:00,OANDA:XAUUSD,4556.86,4561.445,4556.84,4559.43,2157.0,False,False,False,False,False,False
2026-05-26 07:50:00,OANDA:XAUUSD,4559.425,4563.065,4558.82,4562.63,954.0,False,False,False,False,True,False
2026-05-26 07:55:00,OANDA:XAUUSD,4562.625,4562.94,4559.325,4559.77,1167.0,False,False,False,False,False,False
2026-05-26 08:00:00,OANDA:XAUUSD,4559.865,4560.36,4549.435,4550.765,5205.0,False,True,False,True,False,True
2026-05-26 08:05:00,OANDA:XAUUSD,4550.78,4552.55,4548.785,4549.71,3515.0,False,False,False,True,False,False
2026-05-26 08:10:00,OANDA:XAUUSD,4549.7,4553.23,4548.6,4552.38,2356.0,False,False,False,True,False,False
2026-05-26 08:15:00,OANDA:XAUUSD,4552.395,4553.51,4541.245,4545.945,2534.0,False,True,False,True,False,True
2026-05-26 08:20:00,OANDA:XAUUSD,4545.915,4547.175,4541.495,4544.765,3591.0,False,False,False,False,False,False
2026-05-26 08:25:00,OANDA:XAUUSD,4544.76,4550.52,4544.21,4549.44,2179.0,True,False,False,False,True,False
2026-05-26 08:30:00,OANDA:XAUUSD,4549.44,4553.025,4549.37,4551.855,2339.0,False,False,False,False,True,False
2026-05-26 08:35:00,OANDA:XAUUSD,4551.845,4552.24,4546.26,4547.245,2211.0,False,False,False,False,False,True
2026-05-26 08:40:00,OANDA:XAUUSD,4547.255,4549.665,4543.39,4548.04,2034.0,False,False,False,False,False,False
2026-05-26 08:45:00,OANDA:XAUUSD,4548.13,4551.91,4544.78,4544.965,1861.0,False,False,False,False,False,False
2026-05-26 08:50:00,OANDA:XAUUSD,4544.89,4546.3,4539.595,4542.28,2762.0,False,False,False,True,False,True
2026-05-26 08:55:00,OANDA:XAUUSD,4542.34,4550.38,4542.335,4549.9,2608.0,False,False,False,False,True,False
2026-05-26 09:00:00,OANDA:XAUUSD,4549.905,4550.685,4542.61,4542.95,5749.0,False,False,False,False,False,False
2026-05-26 09:05:00,OANDA:XAUUSD,4542.89,4547.665,4542.745,4545.69,4494.0,False,False,False,False,False,False
2026-05-26 09:10:00,OANDA:XAUUSD,4545.695,4549.35,4545.695,4548.75,3399.0,False,False,False,False,True,False
2026-05-26 09:15:00,OANDA:XAUUSD,4548.68,4549.26,4545.71,4546.9,1556.0,False,False,False,False,False,False
2026-05-26 09:20:00,OANDA:XAUUSD,4546.91,4548.165,4541.815,4544.15,1470.0,False,False,False,True,False,True
2026-05-26 09:25:00,OANDA:XAUUSD,4544.06,4546.46,4543.06,4544.02,1919.0,False,False,False,False,False,False
2026-05-26 09:30:00,OANDA:XAUUSD,4544.02,4544.555,4537.465,4539.16,3956.0,False,True,False,True,False,True
2026-05-26 09:35:00,OANDA:XAUUSD,4539.135,4539.42,4527.865,4530.215,3574.0,False,True,False,True,False,True
2026-05-26 09:40:00,OANDA:XAUUSD,4530.26,4533.005,4528.03,4532.545,4557.0,False,False,False,False,False,False
2026-05-26 09:45:00,OANDA:XAUUSD,4532.575,4535.385,4531.39,4533.47,2704.0,False,False,False,False,True,False
2026-05-26 09:50:00,OANDA:XAUUSD,4533.49,4536.36,4531.325,4534.965,2292.0,False,False,False,False,False,False
2026-05-26 09:55:00,OANDA:XAUUSD,4534.905,4537.5,4534.785,4537.3,2190.0,False,False,False,False,True,False
2026-05-26 10:00:00,OANDA:XAUUSD,4537.285,4538.215,4535.555,4536.61,1647.0,False,False,False,False,False,False
2026-05-26 10:05:00,OANDA:XAUUSD,4536.5,4539.145,4535.56,4538.865,890.0,False,False,True,False,True,False
2026-05-26 10:10:00,OANDA:XAUUSD,4538.815,4539.75,4537.385,4538.745,1072.0,False,False,True,False,False,False
2026-05-26 10:15:00,OANDA:XAUUSD,4538.76,4539.15,4536.65,4538.45,1018.0,False,False,False,False,False,False
2026-05-26 10:20:00,OANDA:XAUUSD,4538.56,4538.625,4536.69,4538.45,1159.0,False,False,False,False,False,False
2026-05-26 10:25:00,OANDA:XAUUSD,4538.445,4538.885,4536.51,4536.96,1148.0,False,False,False,False,False,False
2026-05-26 10:30:00,OANDA:XAUUSD,4536.99,4537.285,4533.935,4534.845,1537.0,False,False,False,True,False,True
2026-05-26 10:35:00,OANDA:XAUUSD,4534.83,4538.725,4534.37,4537.745,1422.0,False,False,False,False,True,False
2026-05-26 10:40:00,OANDA:XAUUSD,4537.725,4538.745,4533.765,4534.1,1263.0,False,True,False,True,False,True
2026-05-26 10:45:00,OANDA:XAUUSD,4534.155,4534.155,4531.385,4532.54,1530.0,False,False,False,True,False,True
2026-05-26 10:50:00,OANDA:XAUUSD,4532.535,4533.895,4530.165,4532.48,1283.0,False,False,False,True,False,False
2026-05-26 10:55:00,OANDA:XAUUSD,4532.495,4534.88,4532.4,4532.445,1096.0,False,False,False,False,False,False
2026-05-26 11:00:00,OANDA:XAUUSD,4532.45,4536.635,4532.22,4533.865,1380.0,False,False,False,False,False,False
2026-05-26 11:05:00,OANDA:XAUUSD,4533.82,4536.87,4533.74,4535.96,1390.0,False,False,False,False,False,False
2026-05-26 11:10:00,OANDA:XAUUSD,4535.955,4538.525,4535.09,4537.005,1385.0,True,False,True,False,True,False
2026-05-26 11:15:00,OANDA:XAUUSD,4537.01,4539.09,4536.975,4538.65,1206.0,False,False,True,False,True,False
2026-05-26 11:20:00,OANDA:XAUUSD,4538.73,4543.855,4538.435,4542.01,1415.0,True,False,True,False,True,False
2026-05-26 11:25:00,OANDA:XAUUSD,4541.99,4543.26,4541.29,4542.3,552.0,False,False,False,False,False,False
2026-05-26 11:30:00,OANDA:XAUUSD,4542.37,4544.48,4541.91,4544.48,448.0,False,False,True,False,True,False
2026-05-26 11:35:00,OANDA:XAUUSD,4544.405,4545.6,4543.19,4543.485,873.0,False,False,True,False,False,False
2026-05-26 11:40:00,OANDA:XAUUSD,4543.5,4544.395,4540.905,4541.385,1137.0,False,True,False,False,False,True
2026-05-26 11:45:00,OANDA:XAUUSD,4541.31,4542.625,4540.74,4541.94,556.0,False,False,False,False,False,False
2026-05-26 11:50:00,OANDA:XAUUSD,4541.99,4543.96,4541.73,4542.72,315.0,False,False,False,False,True,False
2026-05-26 11:55:00,OANDA:XAUUSD,4542.86,4543.21,4541.29,4542.4,291.0,False,False,False,False,False,False
2026-05-26 12:00:00,OANDA:XAUUSD,4542.44,4543.255,4540.56,4540.56,304.0,False,True,False,True,False,True
2026-05-26 12:05:00,OANDA:XAUUSD,4540.55,4540.8,4539.12,4539.25,656.0,False,True,False,True,False,True
2026-05-26 12:10:00,OANDA:XAUUSD,4539.24,4539.975,4536.315,4537.335,1336.0,False,False,False,True,False,True
2026-05-26 12:15:00,OANDA:XAUUSD,4537.36,4539.63,4536.67,4538.235,990.0,False,False,False,False,False,False
2026-05-26 12:20:00,OANDA:XAUUSD,4538.25,4538.495,4535.28,4535.53,709.0,False,True,False,True,False,True
2026-05-26 12:25:00,OANDA:XAUUSD,4535.485,4535.715,4532.66,4532.68,717.0,False,True,False,True,False,True
2026-05-26 12:30:00,OANDA:XAUUSD,4532.67,4533.37,4529.82,4530.48,1292.0,False,True,False,True,False,True
2026-05-26 12:35:00,OANDA:XAUUSD,4530.445,4531.015,4525.92,4527.895,1210.0,False,True,False,True,False,True
2026-05-26 12:40:00,OANDA:XAUUSD,4527.89,4529.28,4525.215,4526.415,1080.0,False,False,False,True,False,False
2026-05-26 12:45:00,OANDA:XAUUSD,4526.41,4528.09,4524.895,4527.785,1345.0,False,False,False,True,False,False
2026-05-26 12:50:00,OANDA:XAUUSD,4527.735,4529.245,4526.515,4527.655,964.0,False,False,False,False,False,False
2026-05-26 12:55:00,OANDA:XAUUSD,4527.79,4527.94,4523.59,4525.65,1089.0,False,False,False,True,False,True
2026-05-26 13:00:00,OANDA:XAUUSD,4525.635,4529.41,4523.005,4528.83,1676.0,False,False,False,True,True,False
2026-05-26 13:05:00,OANDA:XAUUSD,4528.825,4530.775,4526.455,4530.57,1337.0,False,False,True,False,True,False
2026-05-26 13:10:00,OANDA:XAUUSD,4530.525,4531.635,4529.06,4529.445,1107.0,False,False,True,False,False,False
2026-05-26 13:15:00,OANDA:XAUUSD,4529.435,4531.49,4529.04,4529.495,805.0,False,False,False,False,False,False
2026-05-26 13:20:00,OANDA:XAUUSD,4529.485,4531.355,4529.155,4529.93,1009.0,False,False,False,False,False,False
2026-05-26 13:25:00,OANDA:XAUUSD,4529.875,4531.515,4528.895,4531.4,1212.0,False,False,False,False,True,False
2026-05-26 13:30:00,OANDA:XAUUSD,4531.305,4534.12,4530.54,4533.475,2628.0,True,False,True,False,True,False
2026-05-26 13:35:00,OANDA:XAUUSD,4533.455,4535.24,4532.4,4532.585,2264.0,False,False,True,False,False,False
2026-05-26 13:40:00,OANDA:XAUUSD,4532.6,4532.955,4528.035,4529.865,2855.0,False,True,False,True,False,True
2026-05-26 13:45:00,OANDA:XAUUSD,4529.845,4530.0,4526.4,4527.95,2203.0,False,False,False,True,False,True
2026-05-26 13:50:00,OANDA:XAUUSD,4527.99,4528.255,4523.615,4526.995,3017.0,False,False,False,True,False,False
2026-05-26 13:55:00,OANDA:XAUUSD,4527.005,4528.9,4524.925,4527.37,1544.0,False,False,False,False,False,False
2026-05-26 14:00:00,OANDA:XAUUSD,4527.32,4531.5,4527.26,4531.14,1624.0,True,False,False,False,True,False
2026-05-26 14:05:00,OANDA:XAUUSD,4531.135,4532.355,4530.295,4531.05,1597.0,False,False,False,False,False,False
2026-05-26 14:10:00,OANDA:XAUUSD,4531.04,4533.005,4529.035,4531.825,1848.0,False,False,True,False,False,False
2026-05-26 14:15:00,OANDA:XAUUSD,4531.84,4532.315,4529.365,4531.095,1367.0,False,False,False,False,False,False
2026-05-26 14:20:00,OANDA:XAUUSD,4531.065,4534.815,4530.245,4534.125,1733.0,False,False,True,False,True,False
2026-05-26 14:25:00,OANDA:XAUUSD,4534.12,4536.28,4528.63,4530.38,2882.0,False,False,True,False,False,False
2026-05-26 14:30:00,OANDA:XAUUSD,4530.35,4531.47,4528.475,4530.865,1780.0,False,False,False,True,False,False
2026-05-26 14:35:00,OANDA:XAUUSD,4530.86,4533.605,4530.86,4531.87,1787.0,True,False,False,False,True,False
2026-05-26 14:40:00,OANDA:XAUUSD,4531.875,4534.235,4531.5,4534.03,1798.0,False,False,False,False,True,False
2026-05-26 14:45:00,OANDA:XAUUSD,4534.01,4534.195,4528.74,4529.655,2154.0,False,False,False,False,False,True
2026-05-26 14:50:00,OANDA:XAUUSD,4529.65,4531.665,4528.585,4531.5,2057.0,False,False,False,False,False,False
2026-05-26 14:55:00,OANDA:XAUUSD,4531.49,4533.655,4530.545,4531.135,1266.0,False,False,False,False,False,False
2026-05-26 15:00:00,OANDA:XAUUSD,4531.225,4533.615,4529.31,4531.71,2843.0,False,False,False,False,False,False
2026-05-26 15:05:00,OANDA:XAUUSD,4531.695,4533.995,4527.69,4527.72,3366.0,False,False,False,True,False,True
2026-05-26 15:10:00,OANDA:XAUUSD,4527.535,4530.585,4525.93,4528.69,2292.0,False,False,False,True,False,False
2026-05-26 15:15:00,OANDA:XAUUSD,4528.7,4528.7,4522.175,4526.985,2864.0,False,False,False,True,False,False
2026-05-26 15:20:00,OANDA:XAUUSD,4526.995,4530.47,4525.19,4530.325,1496.0,True,False,False,False,True,False
2026-05-26 15:25:00,OANDA:XAUUSD,4530.32,4531.39,4528.965,4529.78,1979.0,False,False,False,False,False,False
2026-05-26 15:30:00,OANDA:XAUUSD,4529.805,4529.915,4523.145,4526.015,3146.0,False,True,False,False,False,True
2026-05-26 15:35:00,OANDA:XAUUSD,4525.99,4526.4,4521.68,4523.19,2914.0,False,False,False,True,False,False
2026-05-26 15:40:00,OANDA:XAUUSD,4523.255,4527.705,4522.075,4526.925,2391.0,False,False,False,False,True,False
2026-05-26 15:45:00,OANDA:XAUUSD,4526.935,4533.65,4525.415,4533.495,2837.0,True,False,True,False,True,False
2026-05-26 15:50:00,OANDA:XAUUSD,4533.49,4535.63,4531.66,4531.7,2374.0,False,False,True,False,False,False
2026-05-26 15:55:00,OANDA:XAUUSD,4531.71,4539.2,4531.71,4538.365,3124.0,False,False,True,False,True,False
2026-05-26 16:00:00,OANDA:XAUUSD,4538.33,4539.145,4535.3,4535.945,2834.0,False,False,False,False,False,False
2026-05-26 16:05:00,OANDA:XAUUSD,4535.895,4536.22,4532.79,4533.08,1654.0,False,True,False,False,False,True
2026-05-26 16:10:00,OANDA:XAUUSD,4533.075,4533.53,4527.045,4527.645,2016.0,False,True,False,False,False,True
2026-05-26 16:15:00,OANDA:XAUUSD,4527.665,4530.115,4527.475,4529.77,1954.0,False,False,False,False,False,False
2026-05-26 16:20:00,OANDA:XAUUSD,4529.83,4529.99,4526.305,4527.165,2031.0,False,False,False,True,False,True
2026-05-26 16:25:00,OANDA:XAUUSD,4527.185,4527.94,4520.58,4522.365,3276.0,False,True,False,True,False,True
2026-05-26 16:30:00,OANDA:XAUUSD,4522.375,4523.22,4520.11,4521.555,2757.0,False,False,False,True,False,False
2026-05-26 16:35:00,OANDA:XAUUSD,4521.465,4523.73,4520.595,4522.31,2157.0,False,False,False,False,False,False
2026-05-26 16:40:00,OANDA:XAUUSD,4522.355,4526.5,4521.77,4525.555,1533.0,False,False,False,False,True,False
2026-05-26 16:45:00,OANDA:XAUUSD,4525.54,4527.575,4521.695,4522.455,2225.0,False,False,False,False,False,False
2026-05-26 16:50:00,OANDA:XAUUSD,4522.475,4525.43,4520.425,4524.36,2066.0,False,False,False,False,False,False
2026-05-26 16:55:00,OANDA:XAUUSD,4524.395,4524.595,4522.095,4523.88,1746.0,False,False,False,False,False,False
2026-05-26 17:00:00,OANDA:XAUUSD,4523.89,4524.735,4522.71,4524.57,1927.0,False,False,False,False,False,False
2026-05-26 17:05:00,OANDA:XAUUSD,4524.63,4524.9,4522.3,4523.595,1668.0,False,False,False,False,False,False
2026-05-26 17:10:00,OANDA:XAUUSD,4523.61,4523.895,4519.42,4520.615,1405.0,False,False,False,True,False,True
2026-05-26 17:15:00,OANDA:XAUUSD,4520.62,4525.81,4518.275,4524.955,2254.0,False,False,True,True,True,False
2026-05-26 17:20:00,OANDA:XAUUSD,4524.965,4525.71,4520.91,4522.4,1795.0,False,False,False,False,False,False
2026-05-26 17:25:00,OANDA:XAUUSD,4522.385,4526.665,4521.815,4524.985,2212.0,False,False,True,False,False,False
2026-05-26 17:30:00,OANDA:XAUUSD,4524.975,4525.45,4517.195,4518.265,2556.0,False,True,False,True,False,True
2026-05-26 17:35:00,OANDA:XAUUSD,4518.26,4519.05,4516.155,4517.1,2465.0,False,False,False,True,False,True
2026-05-26 17:40:00,OANDA:XAUUSD,4517.11,4517.495,4512.07,4513.25,3167.0,False,False,False,True,False,True
2026-05-26 17:45:00,OANDA:XAUUSD,4513.205,4519.265,4513.175,4519.25,2301.0,False,False,False,False,True,False
2026-05-26 17:50:00,OANDA:XAUUSD,4519.255,4519.625,4517.09,4519.215,1883.0,False,False,False,False,False,False
2026-05-26 17:55:00,OANDA:XAUUSD,4519.21,4523.66,4517.495,4522.775,2330.0,True,False,False,False,True,False
2026-05-26 18:00:00,OANDA:XAUUSD,4522.81,4523.535,4519.76,4519.87,2333.0,False,False,False,False,False,False
2026-05-26 18:05:00,OANDA:XAUUSD,4519.89,4525.655,4519.52,4525.655,2190.0,True,False,True,False,True,False
2026-05-26 18:10:00,OANDA:XAUUSD,4525.69,4532.19,4525.325,4529.695,3151.0,True,False,True,False,True,False
2026-05-26 18:15:00,OANDA:XAUUSD,4529.705,4533.29,4527.465,4528.09,2764.0,False,False,True,False,False,False
2026-05-26 18:20:00,OANDA:XAUUSD,4528.095,4532.69,4527.675,4531.845,1874.0,False,False,False,False,False,False
2026-05-26 18:25:00,OANDA:XAUUSD,4531.85,4535.43,4531.6,4533.415,2302.0,True,False,True,False,True,False
2026-05-26 18:30:00,OANDA:XAUUSD,4533.42,4539.055,4533.42,4538.865,3392.0,False,False,True,False,True,False
2026-05-26 18:35:00,OANDA:XAUUSD,4538.855,4538.855,4533.9,4534.25,2650.0,False,False,False,False,False,False
2026-05-26 18:40:00,OANDA:XAUUSD,4534.235,4535.095,4531.445,4533.425,1814.0,False,False,False,False,False,True
2026-05-26 18:45:00,OANDA:XAUUSD,4533.465,4537.745,4533.275,4537.745,1719.0,False,False,False,False,True,False
2026-05-26 18:50:00,OANDA:XAUUSD,4537.735,4540.69,4534.405,4534.765,3005.0,False,False,True,False,False,False
2026-05-26 18:55:00,OANDA:XAUUSD,4534.765,4535.25,4533.76,4534.46,1813.0,False,False,False,False,False,False
2026-05-26 19:00:00,OANDA:XAUUSD,4534.46,4536.19,4532.775,4536.005,2242.0,False,False,False,False,True,False
2026-05-26 19:05:00,OANDA:XAUUSD,4536.02,4536.405,4533.955,4535.13,1602.0,False,False,False,False,False,False
2026-05-26 19:10:00,OANDA:XAUUSD,4535.11,4536.03,4531.74,4531.745,1334.0,False,True,False,True,False,True
2026-05-26 19:15:00,OANDA:XAUUSD,4531.75,4532.835,4529.95,4530.1,1598.0,False,True,False,True,False,True
2026-05-26 19:20:00,OANDA:XAUUSD,4530.11,4530.345,4525.34,4525.87,2441.0,False,True,False,True,False,True
2026-05-26 19:25:00,OANDA:XAUUSD,4525.855,4526.27,4522.9,4523.73,2505.0,False,True,False,True,False,True
2026-05-26 19:30:00,OANDA:XAUUSD,4523.725,4523.925,4517.46,4519.51,4350.0,False,True,False,True,False,True
2026-05-26 19:35:00,OANDA:XAUUSD,4519.5,4519.79,4507.085,4511.005,6488.0,False,True,False,True,False,True
2026-05-26 19:40:00,OANDA:XAUUSD,4511.055,4513.355,4504.68,4510.22,4513.0,False,False,False,True,False,False
2026-05-26 19:45:00,OANDA:XAUUSD,4510.23,4515.9,4508.655,4512.71,2765.0,False,False,False,False,False,False
2026-05-26 19:50:00,OANDA:XAUUSD,4512.685,4515.77,4510.875,4511.77,2787.0,False,False,False,False,False,False
2026-05-26 19:55:00,OANDA:XAUUSD,4511.75,4511.935,4503.615,4507.46,3595.0,False,True,False,True,False,True
2026-05-26 20:00:00,OANDA:XAUUSD,4507.465,4510.235,4504.49,4508.47,3651.0,False,False,False,False,False,False
2026-05-26 20:05:00,OANDA:XAUUSD,4508.45,4512.32,4506.58,4510.805,4139.0,False,False,False,False,True,False
2026-05-26 20:10:00,OANDA:XAUUSD,4510.79,4512.32,4507.855,4510.625,2675.0,False,False,False,False,False,False
2026-05-26 20:15:00,OANDA:XAUUSD,4510.6,4516.165,4509.875,4512.56,2904.0,False,False,True,False,True,False
2026-05-26 20:20:00,OANDA:XAUUSD,4512.565,4513.12,4508.19,4509.78,2710.0,False,False,False,False,False,True
2026-05-26 20:25:00,OANDA:XAUUSD,4509.79,4511.845,4503.715,4506.265,2412.0,False,False,False,True,False,True
2026-05-26 20:30:00,OANDA:XAUUSD,4506.28,4510.65,4500.785,4510.515,3530.0,False,False,False,True,False,False
2026-05-26 20:35:00,OANDA:XAUUSD,4510.495,4510.495,4501.44,4502.29,2691.0,False,False,False,False,False,False
2026-05-26 20:40:00,OANDA:XAUUSD,4502.27,4512.25,4502.21,4512.25,2900.0,True,False,False,False,True,False
2026-05-26 20:45:00,OANDA:XAUUSD,4512.255,4521.2,4510.65,4519.925,4173.0,True,False,True,False,True,False
2026-05-26 20:50:00,OANDA:XAUUSD,4519.935,4523.66,4517.54,4522.485,4193.0,False,False,True,False,True,False
2026-05-26 20:55:00,OANDA:XAUUSD,4522.47,4523.875,4519.2,4520.59,3365.0,False,False,True,False,False,False
2026-05-26 21:00:00,OANDA:XAUUSD,4520.565,4526.385,4519.54,4523.69,3719.0,False,False,True,False,False,False
2026-05-26 21:05:00,OANDA:XAUUSD,4523.695,4523.91,4519.425,4522.785,2386.0,False,False,False,False,False,False
2026-05-26 21:10:00,OANDA:XAUUSD,4522.78,4522.795,4516.225,4518.505,3452.0,False,False,False,False,False,True
2026-05-26 21:15:00,OANDA:XAUUSD,4518.525,4521.82,4518.245,4520.135,2323.0,False,False,False,False,False,False
2026-05-26 21:20:00,OANDA:XAUUSD,4520.13,4527.13,4520.12,4526.235,3379.0,True,False,True,False,True,False
2026-05-26 21:25:00,OANDA:XAUUSD,4526.18,4527.615,4522.205,4522.515,2906.0,False,False,True,False,False,False
2026-05-26 21:30:00,OANDA:XAUUSD,4522.48,4528.075,4521.825,4522.55,6446.0,False,False,True,False,False,False
2026-05-26 21:35:00,OANDA:XAUUSD,4522.475,4528.95,4521.295,4524.505,4082.0,False,False,True,False,False,False
2026-05-26 21:40:00,OANDA:XAUUSD,4524.515,4531.475,4524.075,4527.325,4722.0,False,False,True,False,False,False
2026-05-26 21:45:00,OANDA:XAUUSD,4527.425,4529.26,4525.38,4525.96,4567.0,False,False,False,False,False,False
2026-05-26 21:50:00,OANDA:XAUUSD,4526.0,4526.425,4512.765,4515.93,8337.0,False,True,False,True,False,True
2026-05-26 21:55:00,OANDA:XAUUSD,4515.945,4517.955,4512.3,4514.15,4411.0,False,False,False,True,False,False
2026-05-26 22:00:00,OANDA:XAUUSD,4514.37,4518.165,4511.32,4517.485,4237.0,False,False,False,True,False,False
2026-05-26 22:05:00,OANDA:XAUUSD,4517.43,4520.485,4514.97,4515.54,4081.0,False,False,False,False,False,False
2026-05-26 22:10:00,OANDA:XAUUSD,4515.545,4515.73,4507.91,4511.015,4546.0,False,True,False,True,False,True
2026-05-26 22:15:00,OANDA:XAUUSD,4510.99,4514.785,4508.595,4514.28,3469.0,False,False,False,False,False,False
2026-05-26 22:20:00,OANDA:XAUUSD,4514.29,4517.44,4512.6,4516.24,3298.0,True,False,False,False,True,False
2026-05-26 22:25:00,OANDA:XAUUSD,4516.25,4518.085,4515.14,4517.835,3568.0,False,False,False,False,True,False
2026-05-26 22:30:00,OANDA:XAUUSD,4517.665,4521.79,4516.84,4517.67,3418.0,False,False,True,False,False,False
2026-05-26 22:35:00,OANDA:XAUUSD,4517.63,4525.11,4517.61,4522.315,3564.0,False,False,True,False,True,False
2026-05-26 22:40:00,OANDA:XAUUSD,4522.295,4523.86,4519.75,4521.57,2282.0,False,False,False,False,False,False
2026-05-26 22:45:00,OANDA:XAUUSD,4521.535,4522.17,4518.56,4519.285,2102.0,False,True,False,False,False,True
2026-05-26 22:50:00,OANDA:XAUUSD,4519.3,4519.585,4515.81,4516.045,2384.0,False,True,False,False,False,True
2026-05-26 22:55:00,OANDA:XAUUSD,4516.04,4516.345,4512.935,4515.425,2942.0,False,True,False,True,False,True
2026-05-26 23:00:00,OANDA:XAUUSD,4515.495,4515.755,4508.28,4511.675,3973.0,False,False,False,True,False,True
2026-05-26 23:05:00,OANDA:XAUUSD,4511.685,4514.47,4508.895,4510.84,3854.0,False,False,False,False,False,False
2026-05-26 23:10:00,OANDA:XAUUSD,4510.83,4512.75,4508.805,4509.535,2986.0,False,False,False,False,False,False
2026-05-26 23:15:00,OANDA:XAUUSD,4509.525,4510.54,4505.23,4508.47,3526.0,False,False,False,True,False,True
2026-05-26 23:20:00,OANDA:XAUUSD,4508.415,4508.955,4505.17,4506.25,3178.0,False,False,False,True,False,False
2026-05-26 23:25:00,OANDA:XAUUSD,4506.255,4508.51,4504.865,4506.195,2136.0,False,False,False,True,False,False
2026-05-26 23:30:00,OANDA:XAUUSD,4506.205,4508.41,4503.64,4505.745,2077.0,False,False,False,True,False,False
2026-05-26 23:35:00,OANDA:XAUUSD,4505.665,4507.76,4502.41,4507.735,3077.0,False,False,False,True,False,False
2026-05-26 23:40:00,OANDA:XAUUSD,4507.705,4509.005,4506.59,4508.49,3094.0,False,False,False,False,True,False
2026-05-26 23:45:00,OANDA:XAUUSD,4508.47,4509.385,4506.555,4506.7,3075.0,False,False,True,False,False,False
2026-05-26 23:50:00,OANDA:XAUUSD,4506.715,4510.965,4506.015,4509.895,3188.0,False,False,True,False,True,False
2026-05-26 23:55:00,OANDA:XAUUSD,4509.865,4509.865,4506.245,4506.64,2209.0,False,False,False,False,False,False
2026-05-27 00:00:00,OANDA:XAUUSD,4506.725,4508.68,4505.635,4506.345,3004.0,False,False,False,False,False,False
2026-05-27 00:05:00,OANDA:XAUUSD,4506.32,4506.435,4502.31,4502.95,2289.0,False,True,False,True,False,True
2026-05-27 00:10:00,OANDA:XAUUSD,4502.93,4503.365,4500.605,4501.395,3385.0,False,False,False,True,False,True
2026-05-27 00:15:00,OANDA:XAUUSD,4501.415,4505.775,4499.845,4505.235,3391.0,False,False,False,True,True,False
2026-05-27 00:20:00,OANDA:XAUUSD,4505.245,4506.45,4502.685,4506.355,1856.0,True,False,False,False,True,False
2026-05-27 00:25:00,OANDA:XAUUSD,4506.35,4508.89,4505.795,4508.19,1804.0,True,False,True,False,True,False
2026-05-27 00:30:00,OANDA:XAUUSD,4508.195,4511.34,4507.595,4509.96,3020.0,False,False,True,False,True,False
2026-05-27 00:35:00,OANDA:XAUUSD,4509.97,4510.925,4508.35,4508.405,2867.0,False,False,False,False,False,False
2026-05-27 00:40:00,OANDA:XAUUSD,4508.435,4509.09,4506.35,4506.755,2581.0,False,True,False,False,False,True
2026-05-27 00:45:00,OANDA:XAUUSD,4506.77,4507.94,4503.415,4503.505,1628.0,False,True,False,False,False,True
2026-05-27 00:50:00,OANDA:XAUUSD,4503.5,4506.015,4503.195,4505.22,822.0,False,False,False,True,False,False
2026-05-27 00:55:00,OANDA:XAUUSD,4505.19,4506.105,4504.69,4505.155,2286.0,False,False,False,False,False,False
2026-05-27 01:00:00,OANDA:XAUUSD,4505.155,4507.565,4504.52,4505.82,2034.0,False,False,False,False,False,False
2026-05-27 01:05:00,OANDA:XAUUSD,4505.81,4505.975,4503.395,4504.63,2317.0,False,False,False,False,False,False
2026-05-27 01:10:00,OANDA:XAUUSD,4504.645,4505.05,4503.605,4503.77,1961.0,False,False,False,False,False,False
2026-05-27 01:15:00,OANDA:XAUUSD,4503.765,4504.93,4503.515,4504.53,1384.0,False,False,False,False,False,False
2026-05-27 01:20:00,OANDA:XAUUSD,4504.525,4506.74,4504.335,4506.74,1564.0,False,False,False,False,True,False
2026-05-27 01:25:00,OANDA:XAUUSD,4506.715,4507.765,4500.595,4501.53,2682.0,False,True,True,True,False,True
2026-05-27 01:30:00,OANDA:XAUUSD,4501.48,4501.825,4498.265,4500.295,2587.0,False,False,False,True,False,True
2026-05-27 01:35:00,OANDA:XAUUSD,4500.285,4501.14,4496.88,4499.31,2992.0,False,False,False,True,False,False
2026-05-27 01:40:00,OANDA:XAUUSD,4499.32,4499.905,4497.215,4498.605,2289.0,False,False,False,False,False,False
2026-05-27 01:45:00,OANDA:XAUUSD,4498.6,4500.98,4498.425,4500.585,2235.0,False,False,False,False,True,False
2026-05-27 01:50:00,OANDA:XAUUSD,4500.59,4501.405,4496.26,4496.67,1193.0,False,True,False,True,False,True
2026-05-27 01:55:00,OANDA:XAUUSD,4496.58,4497.055,4490.025,4491.19,3839.0,False,True,False,True,False,True
2026-05-27 02:00:00,OANDA:XAUUSD,4491.135,4493.55,4484.955,4487.815,4429.0,False,True,False,True,False,True
2026-05-27 02:05:00,OANDA:XAUUSD,4487.795,4489.22,4482.62,4488.98,3575.0,False,False,False,True,False,False
2026-05-27 02:10:00,OANDA:XAUUSD,4488.97,4491.27,4485.425,4487.33,1814.0,False,False,False,False,False,False
2026-05-27 02:15:00,OANDA:XAUUSD,4487.26,4490.94,4486.425,4490.8,2038.0,False,False,False,False,False,False
2026-05-27 02:20:00,OANDA:XAUUSD,4490.81,4493.18,4490.565,4492.58,2173.0,True,False,False,False,True,False
2026-05-27 02:25:00,OANDA:XAUUSD,4492.54,4496.34,4492.225,4495.355,1793.0,True,False,True,False,True,False
2026-05-27 02:30:00,OANDA:XAUUSD,4495.35,4498.5,4494.28,4497.43,1705.0,False,False,True,False,True,False
2026-05-27 02:35:00,OANDA:XAUUSD,4497.425,4497.435,4495.385,4496.53,1425.0,False,False,False,False,False,False
2026-05-27 02:40:00,OANDA:XAUUSD,4496.535,4496.84,4495.215,4496.18,1250.0,False,False,False,False,False,False
2026-05-27 02:45:00,OANDA:XAUUSD,4496.17,4498.47,4496.165,4497.81,1389.0,True,False,False,False,True,False
2026-05-27 02:50:00,OANDA:XAUUSD,4497.77,4499.595,4497.565,4498.62,2047.0,False,False,True,False,True,False
2026-05-27 02:55:00,OANDA:XAUUSD,4498.605,4499.66,4498.245,4499.425,2202.0,False,False,True,False,False,False
2026-05-27 03:00:00,OANDA:XAUUSD,4499.43,4501.3,4497.805,4499.95,2125.0,False,False,True,False,True,False
2026-05-27 03:05:00,OANDA:XAUUSD,4499.965,4500.79,4498.82,4500.59,1036.0,False,False,False,False,False,False
2026-05-27 03:10:00,OANDA:XAUUSD,4500.64,4501.275,4499.155,4499.535,885.0,False,False,False,False,False,False
2026-05-27 03:15:00,OANDA:XAUUSD,4499.55,4504.7,4499.445,4502.565,1562.0,True,False,True,False,True,False
2026-05-27 03:20:00,OANDA:XAUUSD,4502.57,4504.35,4502.32,4503.375,1062.0,False,False,False,False,False,False
2026-05-27 03:25:00,OANDA:XAUUSD,4503.295,4503.65,4501.275,4502.155,1292.0,False,False,False,False,False,True
2026-05-27 03:30:00,OANDA:XAUUSD,4502.13,4503.79,4500.925,4503.635,1338.0,False,False,False,False,False,False
2026-05-27 03:35:00,OANDA:XAUUSD,4503.705,4504.565,4503.21,4503.685,1482.0,False,False,False,False,False,False
2026-05-27 03:40:00,OANDA:XAUUSD,4503.67,4505.99,4503.58,4504.94,1042.0,False,False,True,False,True,False
2026-05-27 03:45:00,OANDA:XAUUSD,4504.95,4508.08,4504.27,4507.615,959.0,False,False,True,False,True,False
2026-05-27 03:50:00,OANDA:XAUUSD,4507.615,4508.16,4505.845,4506.065,1443.0,False,False,True,False,False,False
2026-05-27 03:55:00,OANDA:XAUUSD,4506.11,4510.055,4505.855,4509.05,3331.0,False,False,True,False,True,False
2026-05-27 04:00:00,OANDA:XAUUSD,4509.04,4511.22,4507.28,4507.53,1438.0,False,False,True,False,False,False
2026-05-27 04:05:00,OANDA:XAUUSD,4507.515,4509.175,4506.215,4507.265,965.0,False,False,False,False,False,True
2026-05-27 04:10:00,OANDA:XAUUSD,4507.17,4508.2,4506.365,4507.825,610.0,False,False,False,False,False,False
2026-05-27 04:15:00,OANDA:XAUUSD,4507.88,4509.955,4507.88,4508.39,755.0,False,False,False,False,True,False
2026-05-27 04:20:00,OANDA:XAUUSD,4508.42,4509.27,4507.63,4508.82,704.0,False,False,False,False,False,False
2026-05-27 04:25:00,OANDA:XAUUSD,4508.83,4509.03,4506.385,4506.655,575.0,False,False,False,False,False,True
2026-05-27 04:30:00,OANDA:XAUUSD,4506.635,4507.86,4506.515,4506.745,358.0,False,False,False,False,False,False
2026-05-27 04:35:00,OANDA:XAUUSD,4506.765,4508.5,4506.145,4508.455,541.0,True,False,False,True,True,False
2026-05-27 04:40:00,OANDA:XAUUSD,4508.45,4509.885,4507.96,4508.955,566.0,False,False,False,False,True,False
2026-05-27 04:45:00,OANDA:XAUUSD,4508.92,4510.28,4506.475,4506.735,1011.0,False,True,True,False,False,True
2026-05-27 04:50:00,OANDA:XAUUSD,4506.74,4506.775,4504.2,4506.62,1182.0,False,False,False,True,False,False
2026-05-27 04:55:00,OANDA:XAUUSD,4506.625,4508.1,4506.435,4507.57,856.0,False,False,False,False,True,False
2026-05-27 06:00:00,OANDA:XAUUSD,4506.725,4506.84,4505.8,4505.805,35.0,False,False,False,False,False,True
2026-05-27 06:05:00,OANDA:XAUUSD,4505.82,4509.71,4500.88,4503.625,5107.0,False,False,False,True,False,True
2026-05-27 06:10:00,OANDA:XAUUSD,4503.61,4509.395,4501.53,4505.12,3033.0,False,False,False,False,False,False
2026-05-27 06:15:00,OANDA:XAUUSD,4505.22,4507.515,4504.1,4506.99,858.0,False,False,False,False,False,False
2026-05-27 06:20:00,OANDA:XAUUSD,4507.225,4510.14,4503.695,4505.11,1501.0,False,False,True,False,False,False
2026-05-27 06:25:00,OANDA:XAUUSD,4505.01,4506.57,4502.62,4504.305,1389.0,False,False,False,False,False,False
2026-05-27 06:30:00,OANDA:XAUUSD,4504.31,4505.71,4500.31,4500.425,1589.0,False,True,False,True,False,True
2026-05-27 06:35:00,OANDA:XAUUSD,4500.505,4502.295,4498.125,4501.775,1253.0,False,False,False,True,False,False
2026-05-27 06:40:00,OANDA:XAUUSD,4501.76,4503.525,4500.575,4500.82,982.0,False,False,False,False,False,False
2026-05-27 06:45:00,OANDA:XAUUSD,4500.795,4503.01,4499.69,4502.485,700.0,False,False,False,False,False,False
2026-05-27 06:50:00,OANDA:XAUUSD,4502.47,4507.275,4502.125,4507.13,1051.0,True,False,True,False,True,False
2026-05-27 06:55:00,OANDA:XAUUSD,4507.095,4512.66,4506.745,4511.13,1592.0,True,False,True,False,True,False
2026-05-27 07:00:00,OANDA:XAUUSD,4511.155,4513.855,4509.635,4511.265,1428.0,False,False,True,False,False,False
2026-05-27 07:05:00,OANDA:XAUUSD,4511.13,4513.095,4509.77,4509.97,779.0,False,False,False,False,False,False
2026-05-27 07:10:00,OANDA:XAUUSD,4509.99,4510.165,4507.71,4509.055,808.0,False,False,False,False,False,True
2026-05-27 07:15:00,OANDA:XAUUSD,4509.05,4510.35,4508.18,4509.145,621.0,False,False,False,False,False,False
2026-05-27 07:20:00,OANDA:XAUUSD,4509.095,4509.44,4504.485,4505.725,1342.0,False,False,False,True,False,True
2026-05-27 07:25:00,OANDA:XAUUSD,4505.61,4512.35,4505.46,4512.35,1008.0,True,False,False,False,True,False
2026-05-27 07:30:00,OANDA:XAUUSD,4512.33,4516.49,4511.205,4515.065,1217.0,True,False,True,False,True,False
2026-05-27 07:35:00,OANDA:XAUUSD,4515.03,4515.95,4512.67,4515.745,1486.0,False,False,False,False,False,False
2026-05-27 07:40:00,OANDA:XAUUSD,4515.715,4527.03,4515.36,4526.75,2092.0,True,False,True,False,True,False
2026-05-27 07:45:00,OANDA:XAUUSD,4526.775,4528.05,4520.395,4521.17,2138.0,False,False,True,False,False,False
2026-05-27 07:50:00,OANDA:XAUUSD,4521.18,4522.83,4520.425,4521.24,895.0,False,False,False,False,False,False
2026-05-27 07:55:00,OANDA:XAUUSD,4521.095,4521.1,4518.545,4519.68,1488.0,False,False,False,False,False,True
2026-05-27 08:00:00,OANDA:XAUUSD,4519.54,4526.035,4517.265,4521.03,3599.0,False,False,False,False,False,False
2026-05-27 08:05:00,OANDA:XAUUSD,4521.05,4524.355,4519.945,4522.565,2654.0,False,False,False,False,False,False
2026-05-27 08:10:00,OANDA:XAUUSD,4522.57,4522.935,4520.2,4522.13,1719.0,False,False,False,False,False,False
2026-05-27 08:15:00,OANDA:XAUUSD,4522.12,4522.68,4520.15,4521.445,915.0,False,False,False,False,False,False
2026-05-27 08:20:00,OANDA:XAUUSD,4521.495,4521.79,4516.1,4516.35,1804.0,False,True,False,True,False,True
2026-05-27 08:25:00,OANDA:XAUUSD,4516.45,4519.115,4514.315,4517.915,1806.0,False,False,False,True,False,False
2026-05-27 08:30:00,OANDA:XAUUSD,4518.36,4520.75,4517.475,4519.715,951.0,False,False,False,False,True,False
2026-05-27 08:35:00,OANDA:XAUUSD,4519.77,4520.885,4517.735,4517.745,878.0,False,False,False,False,False,False
2026-05-27 08:40:00,OANDA:XAUUSD,4517.67,4519.285,4516.885,4518.72,815.0,False,False,False,False,False,False
2026-05-27 08:45:00,OANDA:XAUUSD,4518.765,4522.24,4518.63,4519.065,1015.0,False,False,True,False,False,False
2026-05-27 08:50:00,OANDA:XAUUSD,4519.135,4519.135,4516.31,4517.185,1206.0,False,False,False,False,False,True
2026-05-27 08:55:00,OANDA:XAUUSD,4517.14,4519.15,4514.66,4515.06,1442.0,False,False,False,True,False,True
2026-05-27 09:00:00,OANDA:XAUUSD,4515.055,4518.03,4514.0,4515.785,4229.0,False,False,False,True,False,False
2026-05-27 09:05:00,OANDA:XAUUSD,4515.825,4517.725,4512.635,4516.8,2245.0,False,False,False,True,False,False
2026-05-27 09:10:00,OANDA:XAUUSD,4516.74,4521.165,4515.94,4519.645,1865.0,False,False,False,False,True,False
2026-05-27 09:15:00,OANDA:XAUUSD,4519.64,4520.71,4515.845,4516.25,1710.0,False,False,False,False,False,False
2026-05-27 09:20:00,OANDA:XAUUSD,4516.26,4521.19,4516.115,4519.245,1106.0,False,False,True,False,False,False
2026-05-27 09:25:00,OANDA:XAUUSD,4519.225,4519.525,4514.525,4516.27,950.0,False,False,False,False,False,False
2026-05-27 09:30:00,OANDA:XAUUSD,4516.22,4517.265,4513.805,4515.265,1162.0,False,False,False,False,False,False
2026-05-27 09:35:00,OANDA:XAUUSD,4515.125,4516.845,4511.79,4512.16,743.0,False,True,False,True,False,True
2026-05-27 09:40:00,OANDA:XAUUSD,4512.185,4513.8,4509.63,4510.3,1485.0,False,True,False,True,False,True
2026-05-27 09:45:00,OANDA:XAUUSD,4510.335,4510.825,4507.005,4510.125,1428.0,False,False,False,True,False,False
2026-05-27 09:50:00,OANDA:XAUUSD,4509.96,4510.345,4507.44,4507.72,1371.0,False,False,False,False,False,False
2026-05-27 09:55:00,OANDA:XAUUSD,4507.765,4510.0,4507.045,4508.165,1324.0,False,False,False,False,False,False
2026-05-27 10:00:00,OANDA:XAUUSD,4508.16,4509.745,4504.145,4505.69,1588.0,False,True,False,True,False,True
2026-05-27 10:05:00,OANDA:XAUUSD,4505.685,4505.96,4502.285,4503.68,1492.0,False,False,False,True,False,True
2026-05-27 10:10:00,OANDA:XAUUSD,4503.635,4504.735,4502.4,4504.34,1495.0,False,False,False,False,False,False
2026-05-27 10:15:00,OANDA:XAUUSD,4504.325,4505.345,4499.245,4499.84,1548.0,False,False,False,True,False,True
2026-05-27 10:20:00,OANDA:XAUUSD,4499.925,4504.965,4499.51,4504.305,900.0,False,False,False,False,False,False
2026-05-27 10:25:00,OANDA:XAUUSD,4504.385,4505.84,4504.02,4505.63,780.0,False,False,False,False,True,False
2026-05-27 10:30:00,OANDA:XAUUSD,4505.68,4506.0,4503.955,4505.475,786.0,False,False,True,False,False,False
2026-05-27 10:35:00,OANDA:XAUUSD,4505.625,4506.165,4500.365,4500.485,1431.0,False,True,True,False,False,True
2026-05-27 10:40:00,OANDA:XAUUSD,4500.525,4502.505,4498.96,4500.035,1217.0,False,False,False,True,False,True
2026-05-27 10:45:00,OANDA:XAUUSD,4500.045,4502.05,4498.075,4502.05,769.0,False,False,False,True,False,False
2026-05-27 10:50:00,OANDA:XAUUSD,4502.06,4505.24,4502.06,4504.11,1058.0,True,False,False,False,True,False
2026-05-27 10:55:00,OANDA:XAUUSD,4504.12,4507.29,4503.885,4505.96,1040.0,False,False,True,False,True,False
2026-05-27 11:00:00,OANDA:XAUUSD,4505.94,4509.935,4505.14,4507.76,990.0,False,False,True,False,True,False
2026-05-27 11:05:00,OANDA:XAUUSD,4507.71,4509.54,4505.72,4509.54,1016.0,False,False,False,False,False,False
2026-05-27 11:10:00,OANDA:XAUUSD,4509.535,4510.555,4508.31,4509.445,1045.0,False,False,True,False,False,False
2026-05-27 11:15:00,OANDA:XAUUSD,4509.49,4512.095,4508.71,4511.15,1002.0,False,False,True,False,True,False
2026-05-27 11:20:00,OANDA:XAUUSD,4511.145,4511.695,4508.615,4509.075,963.0,False,False,False,False,False,False
2026-05-27 11:25:00,OANDA:XAUUSD,4509.07,4509.07,4505.7,4507.24,937.0,False,True,False,False,False,True
2026-05-27 11:30:00,OANDA:XAUUSD,4507.25,4507.39,4504.995,4505.115,667.0,False,True,False,True,False,True
2026-05-27 11:35:00,OANDA:XAUUSD,4504.905,4504.905,4501.78,4503.23,834.0,False,False,False,True,False,True
2026-05-27 11:40:00,OANDA:XAUUSD,4503.255,4505.49,4503.035,4504.505,1062.0,False,False,False,False,False,False
2026-05-27 11:45:00,OANDA:XAUUSD,4504.505,4505.665,4503.69,4504.445,595.0,False,False,False,False,False,False
2026-05-27 11:50:00,OANDA:XAUUSD,4504.455,4504.92,4502.095,4502.475,1024.0,False,True,False,False,False,True
2026-05-27 11:55:00,OANDA:XAUUSD,4502.425,4502.425,4496.91,4497.325,868.0,False,True,False,True,False,True
2026-05-27 12:00:00,OANDA:XAUUSD,4497.32,4500.74,4496.065,4499.915,1362.0,False,False,False,True,False,False
2026-05-27 12:05:00,OANDA:XAUUSD,4499.925,4502.61,4499.35,4501.735,429.0,True,False,False,False,True,False
2026-05-27 12:10:00,OANDA:XAUUSD,4501.68,4503.435,4501.245,4503.11,370.0,False,False,False,False,True,False
2026-05-27 12:15:00,OANDA:XAUUSD,4503.11,4503.19,4500.805,4501.125,1054.0,False,False,False,False,False,True
2026-05-27 12:20:00,OANDA:XAUUSD,4501.115,4503.555,4500.9,4502.545,730.0,False,False,True,False,False,False
2026-05-27 12:25:00,OANDA:XAUUSD,4502.54,4502.56,4499.535,4499.535,1195.0,False,False,False,False,False,True
2026-05-27 12:30:00,OANDA:XAUUSD,4499.425,4501.96,4497.905,4501.535,935.0,False,False,False,True,False,False
2026-05-27 12:35:00,OANDA:XAUUSD,4501.5,4503.2,4499.915,4503.2,807.0,True,False,False,False,True,False
2026-05-27 12:40:00,OANDA:XAUUSD,4503.195,4508.55,4502.815,4508.54,1015.0,True,False,True,False,True,False
2026-05-27 12:45:00,OANDA:XAUUSD,4508.58,4517.375,4508.58,4516.685,1227.0,True,False,True,False,True,False
2026-05-27 12:50:00,OANDA:XAUUSD,4516.675,4517.325,4511.81,4512.11,1476.0,False,False,False,False,False,False
2026-05-27 12:55:00,OANDA:XAUUSD,4512.115,4512.825,4509.45,4510.28,1015.0,False,False,False,False,False,True
2026-05-27 13:00:00,OANDA:XAUUSD,4510.31,4513.94,4508.545,4513.74,1235.0,False,False,False,False,True,False
2026-05-27 13:05:00,OANDA:XAUUSD,4513.68,4513.76,4510.33,4511.045,1489.0,False,False,False,False,False,False
2026-05-27 13:10:00,OANDA:XAUUSD,4511.03,4511.215,4508.965,4509.13,1052.0,False,True,False,False,False,True
2026-05-27 13:15:00,OANDA:XAUUSD,4509.135,4509.165,4505.18,4505.44,1554.0,False,True,False,True,False,True
2026-05-27 13:20:00,OANDA:XAUUSD,4505.455,4507.1,4504.13,4506.31,1745.0,False,False,False,True,False,False
2026-05-27 13:25:00,OANDA:XAUUSD,4506.315,4508.265,4505.805,4507.4,706.0,False,False,False,False,True,False
2026-05-27 13:30:00,OANDA:XAUUSD,4507.355,4508.875,4493.94,4496.93,3804.0,False,True,False,True,False,True
2026-05-27 13:35:00,OANDA:XAUUSD,4496.925,4501.045,4494.785,4499.685,2793.0,False,False,False,False,False,False
2026-05-27 13:40:00,OANDA:XAUUSD,4499.565,4500.31,4491.89,4493.57,4920.0,False,False,False,True,False,True
2026-05-27 13:45:00,OANDA:XAUUSD,4493.655,4498.195,4491.97,4497.97,3228.0,False,False,False,False,False,False
2026-05-27 13:50:00,OANDA:XAUUSD,4497.98,4502.47,4496.395,4498.815,3035.0,False,False,False,False,True,False
2026-05-27 13:55:00,OANDA:XAUUSD,4498.775,4500.03,4496.725,4497.685,2488.0,False,False,False,False,False,False
2026-05-27 14:00:00,OANDA:XAUUSD,4497.68,4499.31,4493.88,4495.085,3036.0,False,False,False,False,False,True
2026-05-27 14:05:00,OANDA:XAUUSD,4495.15,4499.135,4493.955,4497.905,2176.0,False,False,False,False,False,False
2026-05-27 14:10:00,OANDA:XAUUSD,4497.885,4498.58,4493.815,4494.01,3110.0,False,False,False,False,False,False
2026-05-27 14:15:00,OANDA:XAUUSD,4493.99,4495.865,4486.5,4489.49,3135.0,False,True,False,True,False,True
2026-05-27 14:20:00,OANDA:XAUUSD,4489.47,4490.57,4483.765,4486.905,3337.0,False,False,False,True,False,False
2026-05-27 14:25:00,OANDA:XAUUSD,4486.79,4489.345,4483.885,4486.295,3122.0,False,False,False,False,False,False
2026-05-27 14:30:00,OANDA:XAUUSD,4486.305,4486.46,4479.87,4483.57,4532.0,False,False,False,True,False,True
2026-05-27 14:35:00,OANDA:XAUUSD,4483.52,4486.025,4480.895,4483.44,2998.0,False,False,False,False,False,False
2026-05-27 14:40:00,OANDA:XAUUSD,4483.435,4488.04,4482.545,4487.905,2540.0,True,False,False,False,True,False
2026-05-27 14:45:00,OANDA:XAUUSD,4487.905,4490.36,4487.265,4488.505,2308.0,False,False,False,False,True,False
2026-05-27 14:50:00,OANDA:XAUUSD,4488.5,4489.38,4486.65,4487.235,1303.0,False,False,False,False,False,True
2026-05-27 14:55:00,OANDA:XAUUSD,4487.26,4487.695,4483.54,4485.17,2707.0,False,False,False,False,False,True
2026-05-27 15:00:00,OANDA:XAUUSD,4485.18,4488.58,4485.025,4487.15,2004.0,False,False,False,False,False,False
2026-05-27 15:05:00,OANDA:XAUUSD,4487.23,4488.785,4483.09,4484.96,1787.0,False,False,False,False,False,True
2026-05-27 15:10:00,OANDA:XAUUSD,4484.975,4485.05,4480.195,4480.47,1658.0,False,False,False,True,False,True
2026-05-27 15:15:00,OANDA:XAUUSD,4480.55,4485.435,4480.35,4484.425,2240.0,False,False,False,False,False,False
2026-05-27 15:20:00,OANDA:XAUUSD,4484.435,4489.43,4483.175,4486.59,1713.0,False,False,True,False,True,False
2026-05-27 15:25:00,OANDA:XAUUSD,4486.575,4487.31,4485.0,4486.335,1174.0,False,False,False,False,False,False
2026-05-27 15:30:00,OANDA:XAUUSD,4486.385,4488.77,4484.735,4485.83,1923.0,False,False,False,False,False,False
2026-05-27 15:35:00,OANDA:XAUUSD,4485.84,4486.545,4481.35,4483.23,1926.0,False,False,False,False,False,True
2026-05-27 15:40:00,OANDA:XAUUSD,4483.33,4484.845,4482.265,4482.945,1332.0,False,False,False,False,False,False
2026-05-27 15:45:00,OANDA:XAUUSD,4482.955,4484.31,4478.0,4479.815,2497.0,False,True,False,True,False,True
2026-05-27 15:50:00,OANDA:XAUUSD,4479.795,4480.705,4475.985,4479.475,3561.0,False,False,False,True,False,False
2026-05-27 15:55:00,OANDA:XAUUSD,4479.485,4482.515,4478.89,4482.265,2187.0,True,False,False,False,True,False
2026-05-27 16:00:00,OANDA:XAUUSD,4482.27,4489.485,4481.385,4486.705,3618.0,True,False,True,False,True,False
2026-05-27 16:05:00,OANDA:XAUUSD,4486.695,4487.705,4485.03,4486.045,1904.0,False,False,False,False,False,False
2026-05-27 16:10:00,OANDA:XAUUSD,4486.08,4487.365,4483.9,4486.49,1861.0,False,False,False,False,False,False
2026-05-27 16:15:00,OANDA:XAUUSD,4486.505,4491.01,4486.27,4490.06,2723.0,True,False,True,False,True,False
2026-05-27 16:20:00,OANDA:XAUUSD,4490.07,4492.98,4487.93,4490.67,2555.0,False,False,True,False,False,False
2026-05-27 16:25:00,OANDA:XAUUSD,4490.635,4491.035,4487.91,4489.23,1611.0,False,False,False,False,False,False
2026-05-27 16:30:00,OANDA:XAUUSD,4489.34,4489.64,4486.13,4488.63,1127.0,False,False,False,False,False,False
2026-05-27 16:35:00,OANDA:XAUUSD,4488.64,4492.9,4488.405,4492.89,2071.0,True,False,False,False,True,False
2026-05-27 16:40:00,OANDA:XAUUSD,4492.895,4496.72,4492.765,4496.24,2791.0,False,False,True,False,True,False
2026-05-27 16:45:00,OANDA:XAUUSD,4496.325,4497.375,4492.82,4496.63,2284.0,False,False,True,False,False,False
2026-05-27 16:50:00,OANDA:XAUUSD,4496.58,4498.845,4495.645,4498.295,1730.0,False,False,True,False,True,False
2026-05-27 16:55:00,OANDA:XAUUSD,4498.3,4498.6,4494.84,4497.93,1599.0,False,False,False,False,False,False
2026-05-27 17:00:00,OANDA:XAUUSD,4497.92,4497.92,4491.02,4492.05,2391.0,False,True,False,False,False,True
2026-05-27 17:05:00,OANDA:XAUUSD,4492.14,4492.67,4488.94,4489.685,1574.0,False,False,False,True,False,True
2026-05-27 17:10:00,OANDA:XAUUSD,4489.715,4493.435,4489.5,4491.825,1689.0,False,False,False,False,False,False
2026-05-27 17:15:00,OANDA:XAUUSD,4491.82,4495.32,4491.79,4494.66,1726.0,False,False,False,False,True,False
2026-05-27 17:20:00,OANDA:XAUUSD,4494.655,4495.445,4490.855,4491.04,1753.0,False,False,False,False,False,True
2026-05-27 17:25:00,OANDA:XAUUSD,4491.05,4491.91,4489.375,4490.345,1158.0,False,False,False,False,False,True
2026-05-27 17:30:00,OANDA:XAUUSD,4490.35,4490.885,4487.14,4490.795,1763.0,False,False,False,True,False,False
2026-05-27 17:35:00,OANDA:XAUUSD,4490.79,4492.265,4490.35,4491.23,775.0,False,False,False,False,True,False
2026-05-27 17:40:00,OANDA:XAUUSD,4491.305,4491.83,4488.415,4488.585,1397.0,False,True,False,False,False,True
2026-05-27 17:45:00,OANDA:XAUUSD,4488.565,4490.09,4488.39,4489.615,836.0,False,False,False,False,False,False
2026-05-27 17:50:00,OANDA:XAUUSD,4489.61,4493.125,4489.61,4492.635,976.0,True,False,True,False,True,False
2026-05-27 17:55:00,OANDA:XAUUSD,4492.63,4493.195,4490.11,4490.165,1070.0,False,False,True,False,False,False
2026-05-27 18:00:00,OANDA:XAUUSD,4490.16,4490.705,4485.18,4486.645,1318.0,False,True,False,True,False,True
2026-05-27 18:05:00,OANDA:XAUUSD,4486.575,4489.28,4486.27,4487.13,1329.0,False,False,False,False,False,False
2026-05-27 18:10:00,OANDA:XAUUSD,4487.115,4487.865,4484.355,4485.565,1517.0,False,False,False,True,False,True
2026-05-27 18:15:00,OANDA:XAUUSD,4485.525,4486.525,4479.73,4479.845,1867.0,False,True,False,True,False,True
2026-05-27 18:20:00,OANDA:XAUUSD,4479.83,4481.3,4478.065,4479.99,2057.0,False,False,False,True,False,False
2026-05-27 18:25:00,OANDA:XAUUSD,4480.01,4480.275,4476.46,4476.915,1915.0,False,True,False,True,False,True
2026-05-27 18:30:00,OANDA:XAUUSD,4476.91,4477.34,4472.535,4473.965,3247.0,False,True,False,True,False,True
2026-05-27 18:35:00,OANDA:XAUUSD,4473.96,4475.875,4462.085,4463.665,4636.0,False,True,False,True,False,True
2026-05-27 18:40:00,OANDA:XAUUSD,4463.67,4470.32,4462.775,4465.525,5305.0,False,False,False,False,False,False
2026-05-27 18:45:00,OANDA:XAUUSD,4465.51,4467.01,4444.105,4448.82,8071.0,False,True,False,True,False,True
2026-05-27 18:50:00,OANDA:XAUUSD,4448.77,4450.45,4442.98,4444.92,5292.0,False,False,False,True,False,False
2026-05-27 18:55:00,OANDA:XAUUSD,4444.95,4450.305,4442.765,4445.99,4417.0,False,False,False,True,False,False
2026-05-27 19:00:00,OANDA:XAUUSD,4446.075,4453.41,4445.325,4452.605,3704.0,False,False,False,False,True,False
2026-05-27 19:05:00,OANDA:XAUUSD,4452.6,4452.625,4446.47,4449.845,3315.0,False,False,False,False,False,False
2026-05-27 19:10:00,OANDA:XAUUSD,4449.9,4451.77,4443.48,4451.405,3541.0,False,False,False,False,False,False
2026-05-27 19:15:00,OANDA:XAUUSD,4451.41,4452.495,4447.745,4449.49,3200.0,False,False,False,False,False,False
2026-05-27 19:20:00,OANDA:XAUUSD,4449.45,4449.455,4440.49,4445.915,4309.0,False,True,False,True,False,True
2026-05-27 19:25:00,OANDA:XAUUSD,4445.86,4446.27,4439.755,4441.065,3305.0,False,False,False,True,False,False
2026-05-27 19:30:00,OANDA:XAUUSD,4441.055,4441.84,4432.51,4437.07,5298.0,False,False,False,True,False,True
2026-05-27 19:35:00,OANDA:XAUUSD,4437.08,4441.935,4434.855,4441.265,3378.0,False,False,False,False,False,False
2026-05-27 19:40:00,OANDA:XAUUSD,4441.275,4444.325,4438.53,4443.235,2404.0,False,False,False,False,True,False
2026-05-27 19:45:00,OANDA:XAUUSD,4443.23,4444.79,4439.075,4439.195,2662.0,False,False,False,False,False,False
2026-05-27 19:50:00,OANDA:XAUUSD,4439.19,4439.595,4433.52,4433.71,2952.0,False,True,False,False,False,True
2026-05-27 19:55:00,OANDA:XAUUSD,4433.69,4434.275,4425.145,4428.795,4847.0,False,False,False,True,False,True
2026-05-27 20:00:00,OANDA:XAUUSD,4428.79,4437.755,4428.52,4434.58,4946.0,False,False,False,False,True,False
2026-05-27 20:05:00,OANDA:XAUUSD,4434.585,4437.575,4432.085,4433.04,3066.0,False,False,False,False,False,False
2026-05-27 20:10:00,OANDA:XAUUSD,4433.08,4433.645,4428.985,4430.485,3185.0,False,False,False,False,False,True
2026-05-27 20:15:00,OANDA:XAUUSD,4430.49,4454.31,4427.66,4447.65,7715.0,True,False,True,False,True,False
2026-05-27 20:20:00,OANDA:XAUUSD,4447.81,4466.7,4442.455,4454.99,10461.0,False,False,True,False,True,False
2026-05-27 20:25:00,OANDA:XAUUSD,4454.945,4460.775,4452.88,4454.705,8177.0,False,False,False,False,False,False
2026-05-27 20:30:00,OANDA:XAUUSD,4454.65,4460.33,4445.66,4447.37,6345.0,False,False,False,False,False,True
2026-05-27 20:35:00,OANDA:XAUUSD,4447.435,4453.69,4444.68,4452.725,5127.0,False,False,False,False,False,False
2026-05-27 20:40:00,OANDA:XAUUSD,4452.735,4452.835,4446.275,4447.265,3777.0,False,False,False,False,False,False
2026-05-27 20:45:00,OANDA:XAUUSD,4447.275,4448.39,4442.62,4445.22,4316.0,False,False,False,False,False,True
2026-05-27 20:50:00,OANDA:XAUUSD,4445.2,4447.14,4441.275,4446.32,3987.0,False,False,False,True,False,False
2026-05-27 20:55:00,OANDA:XAUUSD,4446.325,4446.495,4437.895,4439.01,3401.0,False,True,False,True,False,True
2026-05-27 21:00:00,OANDA:XAUUSD,4438.975,4439.215,4429.5,4432.275,7295.0,False,True,False,True,False,True
2026-05-27 21:05:00,OANDA:XAUUSD,4432.245,4432.46,4411.89,4414.54,8788.0,False,True,False,True,False,True
2026-05-27 21:10:00,OANDA:XAUUSD,4414.505,4420.445,4411.23,4416.83,7331.0,False,False,False,True,False,False
2026-05-27 21:15:00,OANDA:XAUUSD,4416.805,4421.4,4409.75,4411.69,5635.0,False,False,False,True,False,False
2026-05-27 21:20:00,OANDA:XAUUSD,4411.735,4417.425,4406.14,4416.705,5489.0,False,False,False,True,False,False
2026-05-27 21:25:00,OANDA:XAUUSD,4416.71,4419.67,4401.63,4405.045,7482.0,False,False,False,True,False,True
2026-05-27 21:30:00,OANDA:XAUUSD,4404.86,4424.445,4404.255,4423.86,8471.0,False,False,False,False,True,False
2026-05-27 21:35:00,OANDA:XAUUSD,4423.84,4425.805,4412.65,4418.315,8833.0,False,False,True,False,False,False
2026-05-27 21:40:00,OANDA:XAUUSD,4418.31,4423.6,4416.61,4419.315,6910.0,False,False,False,False,False,False
2026-05-27 21:45:00,OANDA:XAUUSD,4419.33,4428.525,4418.415,4420.36,6463.0,False,False,True,False,False,False
2026-05-27 21:50:00,OANDA:XAUUSD,4420.385,4434.095,4419.275,4425.32,6786.0,False,False,True,False,False,False
2026-05-27 21:55:00,OANDA:XAUUSD,4425.325,4428.335,4423.62,4427.425,5685.0,False,False,False,False,False,False
2026-05-27 22:00:00,OANDA:XAUUSD,4427.455,4438.415,4426.08,4438.335,5989.0,True,False,True,False,True,False
2026-05-27 22:05:00,OANDA:XAUUSD,4438.365,4448.355,4436.89,4444.39,7796.0,True,False,True,False,True,False
2026-05-27 22:10:00,OANDA:XAUUSD,4444.395,4455.655,4443.355,4448.03,7272.0,False,False,True,False,False,False
2026-05-27 22:15:00,OANDA:XAUUSD,4448.045,4452.16,4447.1,4451.29,5634.0,False,False,False,False,False,False
2026-05-27 22:20:00,OANDA:XAUUSD,4451.3,4455.355,4442.66,4444.47,6962.0,False,True,False,False,False,True
2026-05-27 22:25:00,OANDA:XAUUSD,4444.465,4446.1,4440.075,4445.54,5345.0,False,False,False,False,False,False
2026-05-27 22:30:00,OANDA:XAUUSD,4445.22,4449.375,4435.8,4440.975,6982.0,False,False,False,True,False,False
2026-05-27 22:35:00,OANDA:XAUUSD,4440.995,4445.475,4439.73,4444.29,3777.0,False,False,False,False,False,False
2026-05-27 22:40:00,OANDA:XAUUSD,4444.305,4445.055,4440.11,4443.205,2934.0,False,False,False,False,False,False
2026-05-27 22:45:00,OANDA:XAUUSD,4443.195,4446.29,4438.17,4438.175,2611.0,False,True,False,False,False,True
2026-05-27 22:50:00,OANDA:XAUUSD,4438.185,4440.06,4436.725,4439.99,2976.0,False,False,False,False,False,False
2026-05-27 22:55:00,OANDA:XAUUSD,4439.98,4440.015,4433.44,4434.105,3368.0,False,False,False,True,False,True
2026-05-27 23:00:00,OANDA:XAUUSD,4434.07,4438.71,4430.41,4436.355,3884.0,False,False,False,True,False,False
2026-05-27 23:05:00,OANDA:XAUUSD,4436.34,4437.295,4428.695,4429.65,3985.0,False,False,False,True,False,True
2026-05-27 23:10:00,OANDA:XAUUSD,4429.655,4432.77,4428.21,4432.225,3211.0,False,False,False,True,False,False
2026-05-27 23:15:00,OANDA:XAUUSD,4432.26,4433.21,4429.855,4430.965,2807.0,False,False,False,False,False,False
2026-05-27 23:20:00,OANDA:XAUUSD,4430.96,4434.17,4430.05,4433.565,3325.0,False,False,False,False,True,False
2026-05-27 23:25:00,OANDA:XAUUSD,4433.395,4436.03,4432.59,4436.03,2479.0,True,False,False,False,True,False
2026-05-27 23:30:00,OANDA:XAUUSD,4436.015,4441.64,4435.955,4438.825,3571.0,True,False,True,False,True,False
2026-05-27 23:35:00,OANDA:XAUUSD,4438.85,4440.955,4437.94,4440.835,2121.0,False,False,False,False,False,False
2026-05-27 23:40:00,OANDA:XAUUSD,4440.86,4441.355,4433.14,4434.17,2580.0,False,False,False,False,False,True
2026-05-27 23:45:00,OANDA:XAUUSD,4434.23,4438.86,4431.62,4432.965,2730.0,False,False,False,False,False,True
2026-05-27 23:50:00,OANDA:XAUUSD,4432.975,4435.295,4431.135,4434.32,2094.0,False,False,False,True,False,False
2026-05-27 23:55:00,OANDA:XAUUSD,4434.34,4437.3,4433.03,4436.55,2805.0,False,False,False,False,True,False
2026-05-28 00:00:00,OANDA:XAUUSD,4436.555,4441.975,4434.95,4437.69,2932.0,False,False,True,False,True,False
2026-05-28 00:05:00,OANDA:XAUUSD,4437.68,4438.18,4434.23,4436.965,2138.0,False,False,False,False,False,False
2026-05-28 00:10:00,OANDA:XAUUSD,4436.95,4441.005,4436.845,4440.315,2357.0,True,False,False,False,True,False
2026-05-28 00:15:00,OANDA:XAUUSD,4440.36,4443.205,4439.985,4441.9,1980.0,True,False,True,False,True,False
2026-05-28 00:20:00,OANDA:XAUUSD,4441.92,4444.25,4441.825,4444.25,2104.0,True,False,True,False,True,False
2026-05-28 00:25:00,OANDA:XAUUSD,4444.24,4447.675,4443.67,4446.955,2696.0,True,False,True,False,True,False
2026-05-28 00:30:00,OANDA:XAUUSD,4446.945,4449.615,4445.24,4448.465,2005.0,True,False,True,False,True,False
2026-05-28 00:35:00,OANDA:XAUUSD,4448.49,4450.88,4448.49,4449.865,1418.0,True,False,True,False,True,False
2026-05-28 00:40:00,OANDA:XAUUSD,4449.915,4453.36,4449.735,4450.84,1873.0,False,False,True,False,False,False
2026-05-28 00:45:00,OANDA:XAUUSD,4450.885,4452.81,4449.45,4452.14,2104.0,False,False,False,False,False,False
2026-05-28 00:50:00,OANDA:XAUUSD,4452.155,4453.32,4450.305,4450.88,2132.0,False,False,False,False,False,False
2026-05-28 00:55:00,OANDA:XAUUSD,4450.86,4451.71,4449.595,4450.8,2255.0,False,False,False,False,False,False
2026-05-28 01:00:00,OANDA:XAUUSD,4450.82,4451.045,4447.48,4449.39,2586.0,False,False,False,True,False,True
2026-05-28 01:05:00,OANDA:XAUUSD,4449.375,4451.865,4442.58,4443.05,3550.0,False,True,False,True,False,True
2026-05-28 01:10:00,OANDA:XAUUSD,4443.045,4445.77,4441.415,4444.115,3956.0,False,False,False,True,False,False
2026-05-28 01:15:00,OANDA:XAUUSD,4444.11,4447.515,4443.33,4446.82,2387.0,True,False,False,False,True,False
2026-05-28 01:20:00,OANDA:XAUUSD,4446.8,4448.43,4445.995,4446.73,2296.0,False,False,False,False,False,False
2026-05-28 01:25:00,OANDA:XAUUSD,4446.775,4451.395,4445.64,4450.005,2767.0,True,False,False,False,True,False
2026-05-28 01:30:00,OANDA:XAUUSD,4450.16,4453.365,4450.16,4452.065,1608.0,False,False,True,False,True,False
2026-05-28 01:35:00,OANDA:XAUUSD,4452.085,4454.39,4451.055,4451.115,1650.0,False,False,True,False,False,False
2026-05-28 01:40:00,OANDA:XAUUSD,4451.125,4452.17,4450.35,4450.725,1339.0,False,False,False,False,False,True
2026-05-28 01:45:00,OANDA:XAUUSD,4450.72,4451.915,4450.155,4450.99,1112.0,False,False,False,False,False,False
2026-05-28 01:50:00,OANDA:XAUUSD,4450.985,4453.745,4450.765,4453.01,1389.0,False,False,False,False,True,False
2026-05-28 01:55:00,OANDA:XAUUSD,4453.005,4454.18,4450.46,4450.495,1241.0,False,False,False,False,False,True
2026-05-28 02:00:00,OANDA:XAUUSD,4450.28,4452.3,4449.435,4449.74,1538.0,False,True,False,True,False,True
2026-05-28 02:05:00,OANDA:XAUUSD,4449.73,4450.225,4447.795,4448.175,1372.0,False,False,False,True,False,True
2026-05-28 02:10:00,OANDA:XAUUSD,4448.2,4450.185,4448.2,4450.185,1014.0,False,False,False,False,False,False
2026-05-28 02:15:00,OANDA:XAUUSD,4450.225,4453.255,4449.96,4452.77,1210.0,True,False,False,False,True,False
2026-05-28 02:20:00,OANDA:XAUUSD,4452.795,4458.445,4452.55,4455.02,2124.0,True,False,True,False,True,False
2026-05-28 02:25:00,OANDA:XAUUSD,4455.03,4456.025,4454.425,4455.56,1415.0,False,False,False,False,False,False
2026-05-28 02:30:00,OANDA:XAUUSD,4455.555,4456.515,4452.365,4452.685,1963.0,False,True,False,False,False,True
2026-05-28 02:35:00,OANDA:XAUUSD,4452.68,4453.465,4451.435,4453.16,1002.0,False,False,False,False,False,False
2026-05-28 02:40:00,OANDA:XAUUSD,4453.235,4454.13,4453.03,4453.29,794.0,False,False,False,False,False,False
2026-05-28 02:45:00,OANDA:XAUUSD,4453.285,4453.65,4452.65,4453.415,766.0,False,False,False,False,False,False
2026-05-28 02:50:00,OANDA:XAUUSD,4453.465,4453.82,4452.385,4452.49,954.0,False,False,False,False,False,True
2026-05-28 02:55:00,OANDA:XAUUSD,4452.495,4455.05,4452.31,4454.435,1169.0,False,False,False,False,True,False
2026-05-28 03:00:00,OANDA:XAUUSD,4454.445,4454.81,4451.955,4452.085,955.0,False,False,False,False,False,True
2026-05-28 03:05:00,OANDA:XAUUSD,4452.08,4453.33,4451.925,4452.665,1154.0,False,False,False,True,False,False
2026-05-28 03:10:00,OANDA:XAUUSD,4452.67,4452.795,4450.6,4451.94,1509.0,False,False,False,True,False,False
2026-05-28 03:15:00,OANDA:XAUUSD,4451.84,4452.435,4449.775,4450.11,1404.0,False,False,False,True,False,True
2026-05-28 03:20:00,OANDA:XAUUSD,4450.095,4454.17,4450.06,4453.305,1003.0,False,False,False,False,True,False
2026-05-28 03:25:00,OANDA:XAUUSD,4453.395,4453.44,4450.57,4451.135,1148.0,False,False,False,False,False,False
2026-05-28 03:30:00,OANDA:XAUUSD,4451.14,4453.66,4449.705,4452.795,1369.0,False,False,False,True,False,False
2026-05-28 03:35:00,OANDA:XAUUSD,4452.83,4454.81,4452.065,4454.755,1105.0,False,False,True,False,True,False
2026-05-28 03:40:00,OANDA:XAUUSD,4454.775,4454.855,4453.29,4453.805,1038.0,False,False,True,False,False,False
2026-05-28 03:45:00,OANDA:XAUUSD,4453.78,4453.855,4452.0,4452.145,678.0,False,True,False,False,False,True
2026-05-28 03:50:00,OANDA:XAUUSD,4452.02,4452.98,4450.785,4451.235,1543.0,False,True,False,False,False,True
2026-05-28 03:55:00,OANDA:XAUUSD,4451.215,4451.215,4448.905,4451.01,2119.0,False,False,False,True,False,False
2026-05-28 04:00:00,OANDA:XAUUSD,4450.925,4453.6,4450.13,4452.7,874.0,True,False,False,False,True,False
2026-05-28 04:05:00,OANDA:XAUUSD,4452.64,4453.61,4451.795,4453.065,526.0,False,False,False,False,False,False
2026-05-28 04:10:00,OANDA:XAUUSD,4453.055,4455.375,4452.68,4455.36,385.0,True,False,True,False,True,False
2026-05-28 04:15:00,OANDA:XAUUSD,4455.355,4458.975,4455.355,4458.365,907.0,True,False,True,False,True,False
2026-05-28 04:20:00,OANDA:XAUUSD,4458.415,4458.935,4456.08,4456.91,743.0,False,False,False,False,False,False
2026-05-28 04:25:00,OANDA:XAUUSD,4456.92,4456.935,4454.74,4455.04,605.0,False,True,False,False,False,True
2026-05-28 04:30:00,OANDA:XAUUSD,4455.025,4455.74,4454.495,4454.515,487.0,False,True,False,False,False,True
2026-05-28 04:35:00,OANDA:XAUUSD,4454.505,4454.505,4452.36,4452.41,533.0,False,True,False,True,False,True
2026-05-28 04:40:00,OANDA:XAUUSD,4452.375,4454.08,4451.72,4453.825,620.0,False,False,False,True,False,False
2026-05-28 04:45:00,OANDA:XAUUSD,4453.835,4454.685,4452.805,4454.365,743.0,True,False,False,False,True,False
2026-05-28 04:50:00,OANDA:XAUUSD,4454.47,4455.355,4454.135,4455.045,220.0,True,False,False,False,True,False
2026-05-28 04:55:00,OANDA:XAUUSD,4455.095,4456.635,4454.895,4456.12,254.0,True,False,True,False,True,False
2026-05-28 06:00:00,OANDA:XAUUSD,4456.89,4456.91,4456.545,4456.565,14.0,False,False,True,False,False,False
2026-05-28 06:05:00,OANDA:XAUUSD,4456.53,4462.54,4455.895,4458.825,442.0,True,False,True,False,True,False
2026-05-28 06:10:00,OANDA:XAUUSD,4458.925,4460.745,4457.32,4458.0,504.0,False,False,False,False,False,False
2026-05-28 06:15:00,OANDA:XAUUSD,4458.025,4460.695,4456.7,4459.625,482.0,False,False,False,False,False,False
2026-05-28 06:20:00,OANDA:XAUUSD,4459.6,4462.185,4457.675,4460.78,634.0,False,False,False,False,True,False
2026-05-28 06:25:00,OANDA:XAUUSD,4460.755,4462.025,4459.805,4460.025,715.0,False,False,False,False,False,False
2026-05-28 06:30:00,OANDA:XAUUSD,4460.035,4460.265,4455.31,4457.39,1100.0,False,False,False,True,False,True
2026-05-28 06:35:00,OANDA:XAUUSD,4457.545,4461.91,4457.53,4461.415,733.0,False,False,False,False,True,False
2026-05-28 06:40:00,OANDA:XAUUSD,4461.53,4462.58,4458.39,4458.765,901.0,False,False,True,False,False,False
2026-05-28 06:45:00,OANDA:XAUUSD,4458.74,4459.075,4456.585,4456.815,626.0,False,True,False,False,False,True
2026-05-28 06:50:00,OANDA:XAUUSD,4456.81,4458.26,4455.515,4456.755,707.0,False,False,False,False,False,False
2026-05-28 06:55:00,OANDA:XAUUSD,4456.78,4457.86,4456.655,4457.55,477.0,False,False,False,False,False,False
2026-05-28 07:00:00,OANDA:XAUUSD,4457.545,4457.815,4455.14,4456.63,757.0,False,False,False,True,False,True
2026-05-28 07:05:00,OANDA:XAUUSD,4456.645,4456.95,4451.805,4452.975,1095.0,False,True,False,True,False,True
2026-05-28 07:10:00,OANDA:XAUUSD,4452.98,4454.355,4451.875,4453.65,893.0,False,False,False,False,False,False
2026-05-28 07:15:00,OANDA:XAUUSD,4453.7,4454.97,4451.115,4453.75,1112.0,False,False,False,True,False,False
2026-05-28 07:20:00,OANDA:XAUUSD,4453.77,4454.79,4449.52,4451.54,1802.0,False,False,False,True,False,False
2026-05-28 07:25:00,OANDA:XAUUSD,4451.58,4452.225,4449.35,4450.73,1375.0,False,False,False,True,False,False
2026-05-28 07:30:00,OANDA:XAUUSD,4450.72,4451.485,4449.175,4449.87,1111.0,False,False,False,True,False,False
2026-05-28 07:35:00,OANDA:XAUUSD,4449.91,4454.205,4449.77,4453.35,792.0,False,False,False,False,True,False
2026-05-28 07:40:00,OANDA:XAUUSD,4453.345,4454.2,4450.83,4450.83,718.0,False,False,False,False,False,False
2026-05-28 07:45:00,OANDA:XAUUSD,4450.82,4450.82,4446.195,4448.21,1405.0,False,True,False,True,False,True
2026-05-28 07:50:00,OANDA:XAUUSD,4448.215,4448.935,4443.905,4446.21,2145.0,False,False,False,True,False,False
2026-05-28 07:55:00,OANDA:XAUUSD,4446.195,4450.03,4445.74,4447.11,1168.0,False,False,False,False,False,False
2026-05-28 08:00:00,OANDA:XAUUSD,4447.125,4452.465,4445.27,4449.455,3258.0,False,False,False,False,False,False
2026-05-28 08:05:00,OANDA:XAUUSD,4449.45,4450.005,4445.745,4449.14,1912.0,False,False,False,False,False,False
2026-05-28 08:10:00,OANDA:XAUUSD,4449.175,4450.03,4444.445,4444.76,1833.0,False,False,False,False,False,True
2026-05-28 08:15:00,OANDA:XAUUSD,4444.765,4454.24,4444.225,4452.485,2148.0,False,False,True,False,True,False
2026-05-28 08:20:00,OANDA:XAUUSD,4452.48,4453.665,4444.02,4445.825,2901.0,False,False,False,True,False,False
2026-05-28 08:25:00,OANDA:XAUUSD,4445.8,4448.04,4444.185,4446.385,1881.0,False,False,False,False,False,False
2026-05-28 08:30:00,OANDA:XAUUSD,4446.355,4450.445,4443.7,4449.695,2100.0,True,False,False,True,True,False
2026-05-28 08:35:00,OANDA:XAUUSD,4449.69,4452.98,4449.27,4450.745,1060.0,False,False,False,False,True,False
2026-05-28 08:40:00,OANDA:XAUUSD,4450.685,4453.36,4450.245,4452.17,698.0,False,False,False,False,False,False
2026-05-28 08:45:00,OANDA:XAUUSD,4452.32,4455.465,4451.975,4453.93,889.0,False,False,True,False,True,False
2026-05-28 08:50:00,OANDA:XAUUSD,4453.895,4454.53,4451.665,4451.665,471.0,False,False,False,False,False,True
2026-05-28 08:55:00,OANDA:XAUUSD,4451.615,4458.245,4450.83,4457.15,1247.0,False,False,True,False,True,False
2026-05-28 09:00:00,OANDA:XAUUSD,4457.56,4459.0,4445.855,4446.06,2579.0,False,True,True,True,False,True
2026-05-28 09:05:00,OANDA:XAUUSD,4446.01,4448.34,4442.945,4444.64,2093.0,False,False,False,True,False,True
2026-05-28 09:10:00,OANDA:XAUUSD,4444.65,4446.59,4437.785,4438.17,2444.0,False,True,False,True,False,True
2026-05-28 09:15:00,OANDA:XAUUSD,4438.175,4440.385,4431.78,4433.485,3582.0,False,True,False,True,False,True
2026-05-28 09:20:00,OANDA:XAUUSD,4433.49,4434.985,4427.025,4431.31,3057.0,False,True,False,True,False,True
2026-05-28 09:25:00,OANDA:XAUUSD,4431.27,4431.475,4417.255,4419.3,4196.0,False,True,False,True,False,True
2026-05-28 09:30:00,OANDA:XAUUSD,4419.295,4425.905,4417.29,4425.49,3889.0,False,False,False,False,False,False
2026-05-28 09:35:00,OANDA:XAUUSD,4425.54,4426.595,4420.73,4422.95,3047.0,False,False,False,False,False,False
2026-05-28 09:40:00,OANDA:XAUUSD,4422.925,4423.195,4416.005,4417.81,4324.0,False,True,False,True,False,True
2026-05-28 09:45:00,OANDA:XAUUSD,4417.815,4420.55,4416.49,4417.75,3278.0,False,False,False,False,False,False
2026-05-28 09:50:00,OANDA:XAUUSD,4417.74,4419.865,4407.7,4409.265,3846.0,False,True,False,True,False,True
2026-05-28 09:55:00,OANDA:XAUUSD,4409.25,4411.515,4406.875,4410.105,3485.0,False,False,False,True,False,False
2026-05-28 10:00:00,OANDA:XAUUSD,4410.29,4412.91,4402.66,4404.025,4480.0,False,False,False,True,False,True
2026-05-28 10:05:00,OANDA:XAUUSD,4403.975,4408.59,4402.625,4408.09,2972.0,False,False,False,True,False,False
2026-05-28 10:10:00,OANDA:XAUUSD,4408.105,4408.56,4396.44,4402.73,4080.0,False,False,False,True,False,False
2026-05-28 10:15:00,OANDA:XAUUSD,4402.78,4406.09,4402.52,4404.45,3612.0,False,False,False,False,False,False
2026-05-28 10:20:00,OANDA:XAUUSD,4404.455,4406.31,4399.97,4405.92,2694.0,False,False,False,False,False,False
2026-05-28 10:25:00,OANDA:XAUUSD,4405.925,4408.5,4405.79,4406.265,1532.0,False,False,False,False,False,False
2026-05-28 10:30:00,OANDA:XAUUSD,4406.25,4410.505,4404.12,4409.075,2490.0,False,False,True,False,True,False
2026-05-28 10:35:00,OANDA:XAUUSD,4409.04,4409.37,4405.865,4406.8,2224.0,False,False,False,False,False,False
2026-05-28 10:40:00,OANDA:XAUUSD,4406.795,4408.555,4400.8,4402.145,2093.0,False,True,False,False,False,True
2026-05-28 10:45:00,OANDA:XAUUSD,4402.17,4402.365,4393.68,4396.145,2688.0,False,True,False,True,False,True
2026-05-28 10:50:00,OANDA:XAUUSD,4396.14,4398.5,4393.525,4395.515,1714.0,False,False,False,True,False,False
2026-05-28 10:55:00,OANDA:XAUUSD,4395.5,4398.98,4392.63,4394.37,1979.0,False,False,False,True,False,False
2026-05-28 11:00:00,OANDA:XAUUSD,4394.27,4396.365,4390.12,4395.505,2189.0,False,False,False,True,False,False
2026-05-28 11:05:00,OANDA:XAUUSD,4395.515,4397.925,4394.295,4396.44,1952.0,False,False,False,False,True,False
2026-05-28 11:10:00,OANDA:XAUUSD,4396.46,4397.53,4392.11,4394.07,2415.0,False,False,False,False,False,True
2026-05-28 11:15:00,OANDA:XAUUSD,4394.065,4394.39,4382.92,4384.6,3101.0,False,True,False,True,False,True
2026-05-28 11:20:00,OANDA:XAUUSD,4384.82,4387.96,4382.15,4386.885,3165.0,False,False,False,True,False,False
2026-05-28 11:25:00,OANDA:XAUUSD,4386.9,4388.22,4383.2,4387.58,3342.0,False,False,False,False,False,False
2026-05-28 11:30:00,OANDA:XAUUSD,4387.56,4387.905,4379.81,4380.04,3382.0,False,True,False,True,False,True
2026-05-28 11:35:00,OANDA:XAUUSD,4380.06,4380.3,4371.03,4374.12,4007.0,False,True,False,True,False,True
2026-05-28 11:40:00,OANDA:XAUUSD,4374.23,4378.055,4371.945,4377.0,3849.0,False,False,False,False,False,False
2026-05-28 11:45:00,OANDA:XAUUSD,4377.025,4379.42,4372.56,4375.17,3330.0,False,False,False,False,False,False
2026-05-28 11:50:00,OANDA:XAUUSD,4375.095,4376.47,4372.02,4375.675,2181.0,False,False,False,False,False,False
2026-05-28 11:55:00,OANDA:XAUUSD,4375.66,4377.06,4368.605,4374.89,2620.0,False,False,False,True,False,False
2026-05-28 12:00:00,OANDA:XAUUSD,4374.86,4377.93,4369.715,4375.28,3594.0,False,False,False,False,False,False
2026-05-28 12:05:00,OANDA:XAUUSD,4375.33,4382.4,4374.155,4381.465,2521.0,False,False,True,False,True,False
2026-05-28 12:10:00,OANDA:XAUUSD,4381.575,4382.095,4375.645,4376.22,1685.0,False,False,False,False,False,False
2026-05-28 12:15:00,OANDA:XAUUSD,4376.26,4377.145,4368.695,4369.08,2673.0,False,True,False,False,False,True
2026-05-28 12:20:00,OANDA:XAUUSD,4369.04,4372.605,4366.23,4371.59,2947.0,False,False,False,True,False,False
2026-05-28 12:25:00,OANDA:XAUUSD,4371.4,4372.205,4367.16,4368.585,2183.0,False,False,False,False,False,False
2026-05-28 12:30:00,OANDA:XAUUSD,4368.575,4372.745,4368.5,4371.605,2151.0,False,False,False,False,False,False
2026-05-28 12:35:00,OANDA:XAUUSD,4371.61,4373.795,4370.74,4372.24,2392.0,False,False,False,False,False,False
2026-05-28 12:40:00,OANDA:XAUUSD,4372.265,4375.235,4371.05,4374.15,2668.0,False,False,False,False,True,False
2026-05-28 12:45:00,OANDA:XAUUSD,4374.16,4375.525,4369.34,4369.96,1590.0,False,False,True,False,False,True
2026-05-28 12:50:00,OANDA:XAUUSD,4369.94,4372.74,4368.42,4371.135,2498.0,False,False,False,False,False,False
2026-05-28 12:55:00,OANDA:XAUUSD,4371.14,4374.88,4371.115,4373.1,2370.0,False,False,False,False,True,False
2026-05-28 13:00:00,OANDA:XAUUSD,4373.13,4374.17,4367.215,4370.145,2768.0,False,False,False,True,False,True
2026-05-28 13:05:00,OANDA:XAUUSD,4370.145,4374.52,4368.22,4371.97,2114.0,False,False,False,False,False,False
2026-05-28 13:10:00,OANDA:XAUUSD,4371.89,4377.38,4371.69,4375.395,1707.0,False,False,True,False,True,False
2026-05-28 13:15:00,OANDA:XAUUSD,4375.37,4376.29,4371.89,4374.58,1905.0,False,False,False,False,False,False
2026-05-28 13:20:00,OANDA:XAUUSD,4374.575,4377.76,4371.95,4377.425,1595.0,True,False,True,False,True,False
2026-05-28 13:25:00,OANDA:XAUUSD,4377.43,4380.06,4376.685,4378.905,1977.0,False,False,True,False,True,False
2026-05-28 13:30:00,OANDA:XAUUSD,4378.92,4387.84,4375.205,4386.925,4708.0,True,False,True,False,True,False
2026-05-28 13:35:00,OANDA:XAUUSD,4386.96,4391.365,4386.725,4391.295,2542.0,True,False,True,False,True,False
2026-05-28 13:40:00,OANDA:XAUUSD,4391.39,4393.585,4389.345,4389.645,2221.0,False,False,True,False,False,False
2026-05-28 13:45:00,OANDA:XAUUSD,4389.675,4395.285,4389.675,4392.435,2817.0,False,False,True,False,False,False
2026-05-28 13:50:00,OANDA:XAUUSD,4392.45,4395.97,4391.12,4393.41,2575.0,False,False,True,False,False,False
2026-05-28 13:55:00,OANDA:XAUUSD,4393.43,4393.705,4387.79,4388.115,1983.0,False,True,False,False,False,True
2026-05-28 14:00:00,OANDA:XAUUSD,4388.1,4390.67,4385.775,4387.575,2991.0,False,False,False,True,False,True
2026-05-28 14:05:00,OANDA:XAUUSD,4387.57,4387.86,4378.83,4380.065,3693.0,False,True,False,True,False,True
2026-05-28 14:10:00,OANDA:XAUUSD,4380.045,4381.685,4374.655,4376.125,3531.0,False,False,False,True,False,True
2026-05-28 14:15:00,OANDA:XAUUSD,4376.1,4380.58,4374.31,4379.745,3126.0,False,False,False,True,False,False
2026-05-28 14:20:00,OANDA:XAUUSD,4379.73,4384.82,4379.525,4382.015,2510.0,False,False,False,False,True,False
2026-05-28 14:25:00,OANDA:XAUUSD,4381.985,4384.87,4380.21,4380.415,2182.0,False,False,False,False,False,False
2026-05-28 14:30:00,OANDA:XAUUSD,4380.4,4385.1,4379.38,4383.475,2291.0,False,False,False,False,False,False
2026-05-28 14:35:00,OANDA:XAUUSD,4383.425,4385.675,4381.965,4381.965,2126.0,False,False,True,False,False,False
2026-05-28 14:40:00,OANDA:XAUUSD,4381.94,4383.975,4376.965,4380.605,2648.0,False,False,False,False,False,True
2026-05-28 14:45:00,OANDA:XAUUSD,4380.585,4384.56,4379.295,4383.235,1772.0,False,False,False,False,False,False
2026-05-28 14:50:00,OANDA:XAUUSD,4383.215,4384.085,4381.045,4382.72,1862.0,False,False,False,False,False,False
2026-05-28 14:55:00,OANDA:XAUUSD,4382.745,4384.63,4381.885,4383.795,2127.0,False,False,False,False,False,False
2026-05-28 15:00:00,OANDA:XAUUSD,4383.815,4389.695,4383.815,4387.385,3197.0,True,False,True,False,True,False
2026-05-28 15:05:00,OANDA:XAUUSD,4387.38,4392.445,4386.825,4392.245,2193.0,False,False,True,False,True,False
2026-05-28 15:10:00,OANDA:XAUUSD,4392.22,4392.22,4386.845,4388.91,1870.0,False,False,False,False,False,False
2026-05-28 15:15:00,OANDA:XAUUSD,4388.99,4395.26,4386.275,4394.465,1997.0,True,False,True,False,True,False
2026-05-28 15:20:00,OANDA:XAUUSD,4394.43,4396.31,4393.255,4394.455,2222.0,False,False,True,False,False,False
2026-05-28 15:25:00,OANDA:XAUUSD,4394.445,4396.095,4391.785,4392.745,1931.0,False,False,False,False,False,True
2026-05-28 15:30:00,OANDA:XAUUSD,4392.74,4393.91,4389.425,4389.59,2214.0,False,False,False,False,False,True
2026-05-28 15:35:00,OANDA:XAUUSD,4389.71,4392.7,4388.735,4389.235,2017.0,False,False,False,False,False,True
2026-05-28 15:40:00,OANDA:XAUUSD,4389.23,4389.985,4385.54,4389.47,2168.0,False,False,False,True,False,False
2026-05-28 15:45:00,OANDA:XAUUSD,4389.48,4391.21,4386.385,4388.075,2545.0,False,False,False,False,False,False
2026-05-28 15:50:00,OANDA:XAUUSD,4388.11,4389.535,4382.9,4385.655,2667.0,False,False,False,True,False,True
2026-05-28 15:55:00,OANDA:XAUUSD,4385.64,4389.03,4383.96,4387.745,2599.0,False,False,False,False,False,False
2026-05-28 16:00:00,OANDA:XAUUSD,4387.725,4393.25,4386.49,4387.455,2770.0,False,False,True,False,False,False
2026-05-28 16:05:00,OANDA:XAUUSD,4387.405,4393.79,4386.53,4393.78,2381.0,False,False,True,False,True,False
2026-05-28 16:10:00,OANDA:XAUUSD,4393.785,4395.145,4391.63,4393.53,2962.0,False,False,True,False,False,False
2026-05-28 16:15:00,OANDA:XAUUSD,4393.43,4394.79,4391.245,4391.815,1920.0,False,False,False,False,False,False
2026-05-28 16:20:00,OANDA:XAUUSD,4391.76,4394.49,4391.135,4392.655,1633.0,False,False,False,False,False,False
2026-05-28 16:25:00,OANDA:XAUUSD,4392.87,4393.58,4387.46,4389.86,1945.0,False,False,False,False,False,True
2026-05-28 16:30:00,OANDA:XAUUSD,4389.91,4392.055,4386.215,4391.92,1932.0,False,False,False,True,False,False
2026-05-28 16:35:00,OANDA:XAUUSD,4392.08,4395.07,4389.915,4391.97,2127.0,False,False,False,False,False,False
2026-05-28 16:40:00,OANDA:XAUUSD,4392.04,4393.4,4389.46,4389.94,2177.0,False,False,False,False,False,False
2026-05-28 16:45:00,OANDA:XAUUSD,4390.13,4391.475,4387.215,4390.865,1741.0,False,False,False,False,False,False
2026-05-28 16:50:00,OANDA:XAUUSD,4390.88,4391.885,4388.58,4388.735,1344.0,False,False,False,False,False,False
2026-05-28 16:55:00,OANDA:XAUUSD,4388.75,4389.11,4385.99,4387.055,1192.0,False,False,False,True,False,True
2026-05-28 17:00:00,OANDA:XAUUSD,4387.01,4391.07,4386.545,4389.3,1576.0,False,False,False,False,True,False
2026-05-28 17:05:00,OANDA:XAUUSD,4389.305,4391.145,4388.145,4389.685,1529.0,False,False,False,False,False,False
2026-05-28 17:10:00,OANDA:XAUUSD,4389.705,4390.675,4386.55,4389.425,1642.0,False,False,False,False,False,False
2026-05-28 17:15:00,OANDA:XAUUSD,4389.39,4392.22,4388.72,4389.99,1388.0,False,False,True,False,False,False
2026-05-28 17:20:00,OANDA:XAUUSD,4390.01,4399.195,4389.955,4395.39,2138.0,True,False,True,False,True,False
2026-05-28 17:25:00,OANDA:XAUUSD,4395.335,4397.82,4393.61,4396.425,1898.0,False,False,False,False,False,False
2026-05-28 17:30:00,OANDA:XAUUSD,4396.395,4396.98,4391.715,4393.025,2749.0,False,False,False,False,False,True
2026-05-28 17:35:00,OANDA:XAUUSD,4393.03,4395.82,4391.53,4392.445,1515.0,False,False,False,False,False,False
2026-05-28 17:40:00,OANDA:XAUUSD,4392.465,4393.175,4390.225,4391.125,1647.0,False,False,False,False,False,True
2026-05-28 17:45:00,OANDA:XAUUSD,4391.12,4393.47,4389.8,4392.845,1776.0,False,False,False,True,False,False
2026-05-28 17:50:00,OANDA:XAUUSD,4392.85,4396.335,4392.395,4394.38,1486.0,False,False,False,False,True,False
2026-05-28 17:55:00,OANDA:XAUUSD,4394.355,4396.39,4392.855,4393.605,1538.0,False,False,False,False,False,False
2026-05-28 18:00:00,OANDA:XAUUSD,4393.645,4395.09,4391.53,4393.67,1789.0,False,False,False,False,False,False
2026-05-28 18:05:00,OANDA:XAUUSD,4393.685,4401.83,4393.64,4401.8,1992.0,True,False,True,False,True,False
2026-05-28 18:10:00,OANDA:XAUUSD,4401.815,4404.33,4398.37,4399.32,2026.0,False,False,True,False,False,False
2026-05-28 18:15:00,OANDA:XAUUSD,4399.395,4400.9,4398.19,4399.55,1214.0,False,False,False,False,False,False
2026-05-28 18:20:00,OANDA:XAUUSD,4399.57,4399.58,4393.755,4395.99,1437.0,False,False,False,False,False,True
2026-05-28 18:25:00,OANDA:XAUUSD,4395.98,4402.51,4395.8,4401.21,1697.0,False,False,False,False,True,False
2026-05-28 18:30:00,OANDA:XAUUSD,4401.205,4402.53,4398.39,4399.015,1905.0,False,False,False,False,False,False
2026-05-28 18:35:00,OANDA:XAUUSD,4399.02,4399.935,4397.28,4397.875,1800.0,False,False,False,False,False,True
2026-05-28 18:40:00,OANDA:XAUUSD,4397.88,4398.535,4388.13,4389.18,2323.0,False,True,False,True,False,True
2026-05-28 18:45:00,OANDA:XAUUSD,4389.175,4389.175,4380.105,4380.885,3060.0,False,True,False,True,False,True
2026-05-28 18:50:00,OANDA:XAUUSD,4380.895,4385.015,4375.255,4382.485,4864.0,False,False,False,True,False,False
2026-05-28 18:55:00,OANDA:XAUUSD,4382.49,4387.59,4382.195,4383.17,3124.0,False,False,False,False,False,False
2026-05-28 19:00:00,OANDA:XAUUSD,4383.12,4388.735,4381.68,4388.58,2772.0,False,False,False,False,True,False
2026-05-28 19:05:00,OANDA:XAUUSD,4388.605,4389.435,4385.725,4387.01,1369.0,False,False,False,False,False,False
2026-05-28 19:10:00,OANDA:XAUUSD,4387.135,4388.76,4385.47,4387.185,1913.0,False,False,False,False,False,False
2026-05-28 19:15:00,OANDA:XAUUSD,4387.105,4390.725,4386.86,4389.58,2050.0,False,False,True,False,True,False
2026-05-28 19:20:00,OANDA:XAUUSD,4389.59,4390.06,4385.865,4387.74,1069.0,False,False,False,False,False,False
2026-05-28 19:25:00,OANDA:XAUUSD,4387.67,4389.275,4384.445,4384.945,1091.0,False,False,False,False,False,True
2026-05-28 19:30:00,OANDA:XAUUSD,4384.97,4387.14,4381.01,4386.745,1397.0,False,False,False,True,False,False
2026-05-28 19:35:00,OANDA:XAUUSD,4386.75,4390.26,4386.12,4388.675,2492.0,False,False,False,False,True,False
2026-05-28 19:40:00,OANDA:XAUUSD,4388.685,4390.42,4385.06,4385.92,1744.0,False,False,False,False,False,True
2026-05-28 19:45:00,OANDA:XAUUSD,4385.8,4386.3,4383.135,4383.655,1209.0,False,True,False,False,False,True
2026-05-28 19:50:00,OANDA:XAUUSD,4383.665,4384.76,4381.05,4383.925,2724.0,False,False,False,False,False,False
2026-05-28 19:55:00,OANDA:XAUUSD,4383.91,4388.455,4383.355,4387.925,1836.0,True,False,False,False,True,False
2026-05-28 20:00:00,OANDA:XAUUSD,4387.945,4391.31,4387.92,4390.16,1860.0,True,False,True,False,True,False
2026-05-28 20:05:00,OANDA:XAUUSD,4390.165,4393.16,4389.57,4391.77,1725.0,False,False,True,False,True,False
2026-05-28 20:10:00,OANDA:XAUUSD,4391.735,4392.955,4388.82,4392.795,2023.0,False,False,False,False,False,False
2026-05-28 20:15:00,OANDA:XAUUSD,4392.79,4393.035,4387.65,4388.55,2652.0,False,False,False,False,False,True
2026-05-28 20:20:00,OANDA:XAUUSD,4388.605,4389.765,4379.745,4381.575,4123.0,False,True,False,True,False,True
2026-05-28 20:25:00,OANDA:XAUUSD,4381.59,4387.03,4381.16,4385.97,2281.0,False,False,False,False,False,False
2026-05-28 20:30:00,OANDA:XAUUSD,4385.98,4394.565,4384.27,4392.425,4661.0,True,False,True,False,True,False
2026-05-28 20:35:00,OANDA:XAUUSD,4392.48,4402.585,4391.58,4399.025,4702.0,True,False,True,False,True,False
2026-05-28 20:40:00,OANDA:XAUUSD,4399.07,4403.32,4397.66,4402.405,4706.0,False,False,True,False,False,False
2026-05-28 20:45:00,OANDA:XAUUSD,4402.495,4410.57,4401.745,4410.045,3796.0,True,False,True,False,True,False
2026-05-28 20:50:00,OANDA:XAUUSD,4409.84,4421.58,4409.35,4420.575,4213.0,True,False,True,False,True,False
2026-05-28 20:55:00,OANDA:XAUUSD,4420.61,4433.88,4420.61,4432.24,5363.0,True,False,True,False,True,False
2026-05-28 21:00:00,OANDA:XAUUSD,4432.245,4436.56,4428.83,4432.89,7800.0,False,False,True,False,False,False
2026-05-28 21:05:00,OANDA:XAUUSD,4432.87,4439.185,4426.105,4426.365,5430.0,False,False,True,False,False,True
2026-05-28 21:10:00,OANDA:XAUUSD,4426.405,4432.12,4425.1,4426.74,4553.0,False,False,False,False,False,False
2026-05-28 21:15:00,OANDA:XAUUSD,4426.755,4432.06,4425.81,4431.54,3579.0,False,False,False,False,False,False
2026-05-28 21:20:00,OANDA:XAUUSD,4431.545,4434.495,4427.51,4428.875,2929.0,False,False,False,False,False,False
2026-05-28 21:25:00,OANDA:XAUUSD,4428.835,4433.245,4427.825,4428.5,2771.0,False,False,False,False,False,False
2026-05-28 21:30:00,OANDA:XAUUSD,4428.57,4430.77,4418.42,4418.94,6978.0,False,True,False,True,False,True
2026-05-28 21:35:00,OANDA:XAUUSD,4418.79,4426.525,4418.255,4425.055,7320.0,False,False,False,True,False,False
2026-05-28 21:40:00,OANDA:XAUUSD,4425.06,4425.73,4419.555,4422.15,4806.0,False,False,False,False,False,False
2026-05-28 21:45:00,OANDA:XAUUSD,4422.035,4430.275,4421.54,4425.68,5015.0,False,False,False,False,False,False
2026-05-28 21:50:00,OANDA:XAUUSD,4425.62,4434.34,4425.555,4430.795,5265.0,False,False,True,False,True,False
2026-05-28 21:55:00,OANDA:XAUUSD,4430.805,4432.36,4426.53,4430.46,2686.0,False,False,False,False,False,False
2026-05-28 22:00:00,OANDA:XAUUSD,4430.285,4433.225,4420.87,4424.49,4759.0,False,False,False,False,False,True
2026-05-28 22:05:00,OANDA:XAUUSD,4424.48,4442.585,4424.145,4438.915,6415.0,False,False,True,False,True,False
2026-05-28 22:10:00,OANDA:XAUUSD,4438.91,4467.75,4432.24,4464.4,12946.0,True,False,True,False,True,False
2026-05-28 22:15:00,OANDA:XAUUSD,4464.405,4473.425,4451.585,4464.97,13268.0,False,False,True,False,False,False
2026-05-28 22:20:00,OANDA:XAUUSD,4464.955,4467.18,4453.47,4461.585,9548.0,False,False,False,False,False,False
2026-05-28 22:25:00,OANDA:XAUUSD,4461.605,4465.265,4458.875,4460.91,7751.0,False,False,False,False,False,False
2026-05-28 22:30:00,OANDA:XAUUSD,4460.92,4468.085,4456.435,4456.735,8200.0,False,False,False,False,False,True
2026-05-28 22:35:00,OANDA:XAUUSD,4456.73,4460.215,4452.885,4459.6,7125.0,False,False,False,False,False,False
2026-05-28 22:40:00,OANDA:XAUUSD,4459.57,4471.655,4458.42,4469.01,7400.0,True,False,False,False,True,False
2026-05-28 22:45:00,OANDA:XAUUSD,4469.055,4480.53,4466.215,4468.0,10071.0,False,False,True,False,False,False
2026-05-28 22:50:00,OANDA:XAUUSD,4468.065,4475.835,4466.685,4470.39,7142.0,False,False,False,False,False,False
2026-05-28 22:55:00,OANDA:XAUUSD,4470.385,4470.73,4462.095,4469.97,5060.0,False,False,False,False,False,False
2026-05-28 23:00:00,OANDA:XAUUSD,4469.945,4476.97,4468.825,4474.98,5091.0,True,False,False,False,True,False
2026-05-28 23:05:00,OANDA:XAUUSD,4475.045,4480.765,4472.515,4473.49,4763.0,False,False,True,False,False,False
2026-05-28 23:10:00,OANDA:XAUUSD,4473.545,4474.585,4470.56,4471.475,3718.0,False,False,False,False,False,True
2026-05-28 23:15:00,OANDA:XAUUSD,4471.495,4474.335,4470.72,4472.46,3206.0,False,False,False,False,False,False
2026-05-28 23:20:00,OANDA:XAUUSD,4472.445,4477.245,4469.31,4476.33,3623.0,True,False,False,False,True,False
2026-05-28 23:25:00,OANDA:XAUUSD,4476.34,4482.165,4475.45,4476.87,4786.0,False,False,True,False,False,False
2026-05-28 23:30:00,OANDA:XAUUSD,4476.885,4481.445,4476.88,4480.995,4624.0,False,False,False,False,False,False
2026-05-28 23:35:00,OANDA:XAUUSD,4481.0,4484.995,4478.495,4478.595,4611.0,False,False,True,False,False,False
2026-05-28 23:40:00,OANDA:XAUUSD,4478.615,4481.19,4477.255,4479.415,3487.0,False,False,False,False,False,False
2026-05-28 23:45:00,OANDA:XAUUSD,4479.475,4482.355,4478.89,4479.675,2549.0,False,False,False,False,False,False
2026-05-28 23:50:00,OANDA:XAUUSD,4479.83,4482.42,4479.565,4480.18,2689.0,False,False,False,False,False,False
2026-05-28 23:55:00,OANDA:XAUUSD,4480.145,4482.505,4478.565,4482.505,2476.0,False,False,False,False,True,False
2026-05-29 00:00:00,OANDA:XAUUSD,4482.51,4483.99,4477.685,4480.855,3592.0,False,False,False,False,False,False
2026-05-29 00:05:00,OANDA:XAUUSD,4480.89,4485.95,4480.85,4481.395,2565.0,False,False,True,False,False,False
2026-05-29 00:10:00,OANDA:XAUUSD,4481.525,4485.655,4481.405,4484.595,2413.0,False,False,False,False,False,False
2026-05-29 00:15:00,OANDA:XAUUSD,4484.62,4497.55,4484.12,4497.145,6120.0,True,False,True,False,True,False
2026-05-29 00:20:00,OANDA:XAUUSD,4497.135,4502.52,4494.74,4502.21,5418.0,True,False,True,False,True,False
2026-05-29 00:25:00,OANDA:XAUUSD,4502.2,4503.03,4499.035,4500.57,4948.0,False,False,True,False,False,False
2026-05-29 00:30:00,OANDA:XAUUSD,4500.58,4502.735,4497.985,4499.045,4012.0,False,False,False,False,False,False
2026-05-29 00:35:00,OANDA:XAUUSD,4499.03,4503.225,4497.735,4499.47,3493.0,False,False,True,False,False,False
2026-05-29 00:40:00,OANDA:XAUUSD,4499.475,4506.455,4499.205,4504.425,3932.0,True,False,True,False,True,False
2026-05-29 00:45:00,OANDA:XAUUSD,4504.5,4508.575,4504.4,4505.2,3639.0,False,False,True,False,False,False
2026-05-29 00:50:00,OANDA:XAUUSD,4505.195,4509.58,4504.565,4508.17,4317.0,False,False,True,False,False,False
2026-05-29 00:55:00,OANDA:XAUUSD,4508.2,4511.075,4507.88,4511.015,2428.0,False,False,True,False,True,False
2026-05-29 01:00:00,OANDA:XAUUSD,4511.035,4514.63,4509.575,4510.165,4209.0,False,False,True,False,False,False
2026-05-29 01:05:00,OANDA:XAUUSD,4510.285,4510.415,4505.94,4509.905,3304.0,False,False,False,False,False,False
2026-05-29 01:10:00,OANDA:XAUUSD,4509.815,4510.55,4503.695,4504.065,2679.0,False,False,False,True,False,True
2026-05-29 01:15:00,OANDA:XAUUSD,4504.07,4506.97,4503.54,4504.685,2275.0,False,False,False,True,False,False
2026-05-29 01:20:00,OANDA:XAUUSD,4504.66,4505.83,4502.74,4505.17,2843.0,False,False,False,True,False,False
2026-05-29 01:25:00,OANDA:XAUUSD,4505.175,4506.48,4501.305,4502.165,3904.0,False,False,False,True,False,True
2026-05-29 01:30:00,OANDA:XAUUSD,4502.455,4507.195,4502.455,4505.33,2048.0,False,False,False,False,False,False
2026-05-29 01:35:00,OANDA:XAUUSD,4505.225,4505.97,4504.135,4505.685,2012.0,False,False,False,False,False,False
2026-05-29 01:40:00,OANDA:XAUUSD,4505.71,4507.17,4504.42,4505.15,2131.0,False,False,False,False,False,False
2026-05-29 01:45:00,OANDA:XAUUSD,4505.165,4509.25,4504.79,4508.66,2242.0,False,False,True,False,True,False
2026-05-29 01:50:00,OANDA:XAUUSD,4508.695,4508.75,4506.925,4507.76,1992.0,False,False,False,False,False,False
2026-05-29 01:55:00,OANDA:XAUUSD,4507.765,4510.045,4507.645,4509.065,2423.0,True,False,True,False,True,False
2026-05-29 02:00:00,OANDA:XAUUSD,4509.06,4516.63,4508.875,4513.275,2669.0,False,False,True,False,True,False
2026-05-29 02:05:00,OANDA:XAUUSD,4513.25,4513.96,4509.435,4509.81,2752.0,False,False,False,False,False,False
2026-05-29 02:10:00,OANDA:XAUUSD,4509.8,4509.8,4506.275,4507.71,2212.0,False,False,False,False,False,True
2026-05-29 02:15:00,OANDA:XAUUSD,4507.735,4512.715,4505.64,4509.64,3513.0,False,False,False,True,False,False
2026-05-29 02:20:00,OANDA:XAUUSD,4509.665,4511.095,4507.64,4508.22,3102.0,False,False,False,False,False,False
2026-05-29 02:25:00,OANDA:XAUUSD,4508.235,4508.275,4505.385,4506.31,3093.0,False,True,False,True,False,True
2026-05-29 02:30:00,OANDA:XAUUSD,4506.33,4506.455,4501.63,4502.26,2253.0,False,True,False,True,False,True
2026-05-29 02:35:00,OANDA:XAUUSD,4502.265,4503.705,4500.915,4502.02,1987.0,False,False,False,True,False,False
2026-05-29 02:40:00,OANDA:XAUUSD,4502.05,4502.855,4501.03,4501.885,1385.0,False,False,False,False,False,False
2026-05-29 02:45:00,OANDA:XAUUSD,4501.835,4502.575,4498.645,4499.37,1285.0,False,False,False,True,False,True
2026-05-29 02:50:00,OANDA:XAUUSD,4499.205,4503.785,4498.965,4503.185,1523.0,False,False,False,False,True,False
2026-05-29 02:55:00,OANDA:XAUUSD,4503.19,4503.515,4500.555,4501.385,1980.0,False,False,False,False,False,False
2026-05-29 03:00:00,OANDA:XAUUSD,4501.365,4503.79,4500.165,4501.845,1504.0,False,False,True,False,False,False
2026-05-29 03:05:00,OANDA:XAUUSD,4501.85,4502.4,4498.945,4499.055,1317.0,False,False,False,False,False,True
2026-05-29 03:10:00,OANDA:XAUUSD,4499.07,4501.87,4498.72,4499.595,1356.0,False,False,False,False,False,False
2026-05-29 03:15:00,OANDA:XAUUSD,4499.65,4501.655,4499.62,4501.13,1424.0,False,False,False,False,False,False
2026-05-29 03:20:00,OANDA:XAUUSD,4501.12,4503.02,4500.56,4502.54,1057.0,False,False,False,False,True,False
2026-05-29 03:25:00,OANDA:XAUUSD,4502.545,4502.545,4499.76,4499.835,1081.0,False,False,False,False,False,True
2026-05-29 03:30:00,OANDA:XAUUSD,4499.865,4501.825,4499.865,4500.975,1540.0,False,False,False,False,False,False
2026-05-29 03:35:00,OANDA:XAUUSD,4500.965,4501.66,4499.37,4500.875,1191.0,False,False,False,False,False,False
2026-05-29 03:40:00,OANDA:XAUUSD,4500.87,4501.17,4498.995,4499.29,996.0,False,False,False,True,False,True
2026-05-29 03:45:00,OANDA:XAUUSD,4499.38,4500.585,4498.49,4498.825,1739.0,False,False,False,True,False,True
2026-05-29 03:50:00,OANDA:XAUUSD,4498.785,4500.175,4497.865,4499.135,2130.0,False,False,False,True,False,False
2026-05-29 03:55:00,OANDA:XAUUSD,4499.105,4499.685,4497.305,4497.995,2693.0,False,False,False,True,False,False
2026-05-29 04:00:00,OANDA:XAUUSD,4497.965,4498.48,4495.745,4496.01,1687.0,False,False,False,True,False,True
2026-05-29 04:05:00,OANDA:XAUUSD,4495.995,4497.64,4495.065,4496.32,857.0,False,False,False,True,False,False
2026-05-29 04:10:00,OANDA:XAUUSD,4496.23,4498.795,4496.23,4497.225,707.0,False,False,False,False,False,False
2026-05-29 04:15:00,OANDA:XAUUSD,4497.09,4500.715,4496.25,4497.52,1297.0,False,False,True,False,False,False
2026-05-29 04:20:00,OANDA:XAUUSD,4497.535,4498.825,4497.535,4497.78,641.0,False,False,False,False,False,False
2026-05-29 04:25:00,OANDA:XAUUSD,4497.795,4499.485,4496.995,4499.285,751.0,False,False,False,False,True,False
2026-05-29 04:30:00,OANDA:XAUUSD,4499.275,4500.71,4498.305,4500.255,1151.0,False,False,False,False,True,False
2026-05-29 04:35:00,OANDA:XAUUSD,4500.25,4500.25,4496.215,4496.27,1146.0,False,True,False,True,False,True
2026-05-29 04:40:00,OANDA:XAUUSD,4496.275,4496.83,4494.975,4495.48,895.0,False,False,False,True,False,True
2026-05-29 04:45:00,OANDA:XAUUSD,4495.495,4496.53,4494.85,4495.99,598.0,False,False,False,True,False,False
2026-05-29 04:50:00,OANDA:XAUUSD,4495.86,4496.265,4494.775,4495.735,621.0,False,False,False,True,False,False
2026-05-29 04:55:00,OANDA:XAUUSD,4495.73,4496.48,4495.35,4495.825,656.0,True,False,False,False,False,False
2026-05-29 06:00:00,OANDA:XAUUSD,4497.085,4497.09,4497.07,4497.085,5.0,False,False,False,False,True,False
2026-05-29 06:05:00,OANDA:XAUUSD,4497.075,4498.15,4491.7,4493.615,1814.0,False,True,True,True,False,True
2026-05-29 06:10:00,OANDA:XAUUSD,4493.615,4495.13,4492.365,4493.875,1208.0,False,False,False,False,False,False
2026-05-29 06:15:00,OANDA:XAUUSD,4493.84,4494.92,4493.32,4493.865,517.0,False,False,False,False,False,False
2026-05-29 06:20:00,OANDA:XAUUSD,4493.86,4495.105,4493.21,4493.92,532.0,False,False,False,False,False,False
2026-05-29 06:25:00,OANDA:XAUUSD,4493.93,4496.645,4492.925,4495.965,914.0,False,False,False,False,True,False
2026-05-29 06:30:00,OANDA:XAUUSD,4495.96,4496.57,4493.94,4494.135,548.0,False,False,False,False,False,False
2026-05-29 06:35:00,OANDA:XAUUSD,4494.13,4495.095,4493.17,4494.285,567.0,False,False,False,False,False,False
2026-05-29 06:40:00,OANDA:XAUUSD,4494.29,4496.575,4493.335,4495.685,802.0,False,False,False,False,True,False
2026-05-29 06:45:00,OANDA:XAUUSD,4495.65,4496.22,4494.46,4494.6,602.0,False,False,False,False,False,False
2026-05-29 06:50:00,OANDA:XAUUSD,4494.605,4494.88,4492.525,4493.975,597.0,False,True,False,True,False,True
2026-05-29 06:55:00,OANDA:XAUUSD,4493.955,4494.35,4491.135,4491.22,711.0,False,False,False,True,False,True
2026-05-29 07:00:00,OANDA:XAUUSD,4491.26,4495.49,4491.26,4495.47,1372.0,False,False,False,False,True,False
2026-05-29 07:05:00,OANDA:XAUUSD,4495.46,4495.89,4494.32,4494.42,913.0,False,False,False,False,False,False
2026-05-29 07:10:00,OANDA:XAUUSD,4494.43,4495.235,4494.43,4494.97,557.0,False,False,False,False,False,False
2026-05-29 07:15:00,OANDA:XAUUSD,4494.99,4497.24,4494.94,4496.145,795.0,False,False,True,False,True,False
2026-05-29 07:20:00,OANDA:XAUUSD,4496.125,4496.125,4494.065,4494.72,735.0,False,True,False,False,False,True
2026-05-29 07:25:00,OANDA:XAUUSD,4494.725,4494.76,4492.03,4492.56,674.0,False,False,False,False,False,True
2026-05-29 07:30:00,OANDA:XAUUSD,4492.47,4494.81,4491.53,4494.21,969.0,False,False,False,True,False,False
2026-05-29 07:35:00,OANDA:XAUUSD,4494.215,4494.81,4492.195,4492.225,833.0,False,False,False,False,False,False
2026-05-29 07:40:00,OANDA:XAUUSD,4492.245,4492.345,4489.005,4489.95,1192.0,False,True,False,True,False,True
2026-05-29 07:45:00,OANDA:XAUUSD,4489.945,4491.245,4488.975,4490.465,1327.0,False,False,False,True,False,False
2026-05-29 07:50:00,OANDA:XAUUSD,4490.475,4494.5,4490.35,4492.185,1226.0,True,False,False,False,True,False
2026-05-29 07:55:00,OANDA:XAUUSD,4492.205,4496.38,4491.71,4495.08,1146.0,False,False,True,False,True,False
2026-05-29 08:00:00,OANDA:XAUUSD,4495.195,4498.135,4492.485,4495.025,2015.0,False,False,True,False,False,False
2026-05-29 08:05:00,OANDA:XAUUSD,4494.965,4496.47,4492.085,4494.725,2128.0,False,False,False,False,False,False
2026-05-29 08:10:00,OANDA:XAUUSD,4494.78,4498.525,4492.665,4497.71,1738.0,True,False,True,False,True,False
2026-05-29 08:15:00,OANDA:XAUUSD,4497.62,4499.98,4496.67,4499.415,1041.0,False,False,True,False,True,False
2026-05-29 08:20:00,OANDA:XAUUSD,4499.44,4500.695,4495.945,4497.775,1769.0,False,False,True,False,False,False
2026-05-29 08:25:00,OANDA:XAUUSD,4497.75,4500.57,4496.83,4500.105,1880.0,False,False,False,False,False,False
2026-05-29 08:30:00,OANDA:XAUUSD,4500.09,4500.75,4495.51,4495.51,1563.0,False,True,True,False,False,True
2026-05-29 08:35:00,OANDA:XAUUSD,4495.45,4496.69,4493.445,4494.37,1363.0,False,False,False,False,False,True
2026-05-29 08:40:00,OANDA:XAUUSD,4494.33,4498.71,4494.295,4498.595,1362.0,False,False,False,False,True,False
2026-05-29 08:45:00,OANDA:XAUUSD,4498.38,4498.605,4493.45,4495.32,1219.0,False,False,False,False,False,False
2026-05-29 08:50:00,OANDA:XAUUSD,4495.325,4496.84,4493.59,4494.16,1768.0,False,False,False,False,False,False
2026-05-29 08:55:00,OANDA:XAUUSD,4494.18,4496.31,4493.62,4496.22,1185.0,False,False,False,False,False,False
2026-05-29 09:00:00,OANDA:XAUUSD,4496.37,4503.575,4492.42,4501.04,5420.0,True,False,True,True,True,False
2026-05-29 09:05:00,OANDA:XAUUSD,4500.985,4509.39,4498.905,4508.89,3931.0,True,False,True,False,True,False
2026-05-29 09:10:00,OANDA:XAUUSD,4508.945,4515.515,4508.16,4515.115,3207.0,True,False,True,False,True,False
2026-05-29 09:15:00,OANDA:XAUUSD,4515.04,4520.815,4514.69,4518.815,2362.0,False,False,True,False,True,False
2026-05-29 09:20:00,OANDA:XAUUSD,4518.845,4520.445,4512.875,4512.875,1683.0,False,True,False,False,False,True
2026-05-29 09:25:00,OANDA:XAUUSD,4512.85,4513.54,4505.245,4505.375,2539.0,False,True,False,False,False,True
2026-05-29 09:30:00,OANDA:XAUUSD,4505.355,4505.945,4502.605,4504.16,2447.0,False,False,False,False,False,True
2026-05-29 09:35:00,OANDA:XAUUSD,4504.14,4508.575,4503.435,4507.135,1908.0,False,False,False,False,True,False
2026-05-29 09:40:00,OANDA:XAUUSD,4507.17,4508.585,4505.525,4506.58,1476.0,False,False,False,False,False,False
2026-05-29 09:45:00,OANDA:XAUUSD,4506.535,4506.9,4501.545,4502.26,1689.0,False,False,False,True,False,True
2026-05-29 09:50:00,OANDA:XAUUSD,4502.24,4506.705,4501.295,4506.315,1252.0,False,False,False,True,False,False
2026-05-29 09:55:00,OANDA:XAUUSD,4506.275,4507.695,4503.965,4506.52,1183.0,False,False,False,False,False,False
2026-05-29 10:00:00,OANDA:XAUUSD,4506.55,4511.09,4506.08,4510.915,1508.0,False,False,True,False,True,False
2026-05-29 10:05:00,OANDA:XAUUSD,4510.765,4511.31,4505.075,4505.865,1310.0,False,False,True,False,False,True
2026-05-29 10:10:00,OANDA:XAUUSD,4505.87,4507.91,4504.18,4507.025,1755.0,False,False,False,False,False,False
2026-05-29 10:15:00,OANDA:XAUUSD,4507.035,4509.185,4505.275,4505.75,1302.0,False,False,False,False,False,False
2026-05-29 10:20:00,OANDA:XAUUSD,4505.755,4505.93,4502.96,4504.765,1371.0,False,True,False,True,False,True
2026-05-29 10:25:00,OANDA:XAUUSD,4504.68,4505.215,4502.06,4503.345,1068.0,False,False,False,True,False,False
2026-05-29 10:30:00,OANDA:XAUUSD,4503.365,4505.35,4498.6,4504.095,3117.0,False,False,False,True,False,False
2026-05-29 10:35:00,OANDA:XAUUSD,4504.135,4506.63,4503.3,4506.155,983.0,False,False,False,False,True,False
2026-05-29 10:40:00,OANDA:XAUUSD,4506.165,4507.95,4505.005,4505.2,995.0,False,False,False,False,False,False
2026-05-29 10:45:00,OANDA:XAUUSD,4505.195,4508.225,4504.8,4506.515,1126.0,False,False,True,False,False,False
2026-05-29 10:50:00,OANDA:XAUUSD,4506.48,4506.505,4502.225,4503.215,1931.0,False,False,False,False,False,True
2026-05-29 10:55:00,OANDA:XAUUSD,4503.21,4505.2,4501.235,4501.785,1553.0,False,True,False,False,False,True
2026-05-29 11:00:00,OANDA:XAUUSD,4501.69,4502.145,4498.99,4501.79,2007.0,False,False,False,True,False,False
2026-05-29 11:05:00,OANDA:XAUUSD,4501.8,4501.845,4496.945,4498.36,2422.0,False,False,False,True,False,True
2026-05-29 11:10:00,OANDA:XAUUSD,4498.375,4499.08,4495.055,4496.37,1953.0,False,False,False,True,False,True
2026-05-29 11:15:00,OANDA:XAUUSD,4496.405,4497.765,4495.315,4496.4,1199.0,False,False,False,False,False,False
2026-05-29 11:20:00,OANDA:XAUUSD,4496.345,4499.165,4496.325,4498.44,1169.0,False,False,False,False,True,False
2026-05-29 11:25:00,OANDA:XAUUSD,4498.365,4498.5,4495.37,4496.95,644.0,False,False,False,False,False,False
2026-05-29 11:30:00,OANDA:XAUUSD,4497.01,4498.55,4496.765,4497.41,651.0,False,False,False,False,False,False
2026-05-29 11:35:00,OANDA:XAUUSD,4497.32,4498.03,4494.935,4496.215,768.0,False,False,False,True,False,True
2026-05-29 11:40:00,OANDA:XAUUSD,4496.24,4499.32,4496.24,4498.48,902.0,True,False,True,False,True,False
2026-05-29 11:45:00,OANDA:XAUUSD,4498.22,4500.09,4498.13,4499.98,612.0,False,False,True,False,True,False
2026-05-29 11:50:00,OANDA:XAUUSD,4499.975,4500.54,4496.44,4499.705,787.0,False,False,True,False,False,False
2026-05-29 11:55:00,OANDA:XAUUSD,4499.69,4501.575,4498.765,4501.38,1455.0,True,False,True,False,True,False
2026-05-29 12:00:00,OANDA:XAUUSD,4501.365,4505.36,4501.18,4502.64,1219.0,False,False,True,False,True,False
2026-05-29 12:05:00,OANDA:XAUUSD,4502.635,4503.825,4501.465,4503.355,1210.0,False,False,False,False,False,False
2026-05-29 12:10:00,OANDA:XAUUSD,4503.36,4503.615,4501.82,4502.215,740.0,False,False,False,False,False,False
2026-05-29 12:15:00,OANDA:XAUUSD,4502.225,4505.115,4502.01,4504.71,1031.0,True,False,False,False,True,False
2026-05-29 12:20:00,OANDA:XAUUSD,4504.645,4511.435,4504.2,4510.495,1482.0,True,False,True,False,True,False
2026-05-29 12:25:00,OANDA:XAUUSD,4510.5,4511.665,4508.99,4509.135,1291.0,False,False,True,False,False,False
2026-05-29 12:30:00,OANDA:XAUUSD,4509.145,4510.51,4508.59,4508.96,1079.0,False,False,False,False,False,True
2026-05-29 12:35:00,OANDA:XAUUSD,4508.98,4510.96,4508.47,4509.855,894.0,False,False,False,False,False,False
2026-05-29 12:40:00,OANDA:XAUUSD,4509.82,4510.955,4509.165,4510.65,833.0,False,False,False,False,False,False
2026-05-29 12:45:00,OANDA:XAUUSD,4510.615,4511.015,4508.49,4509.405,801.0,False,False,False,False,False,False
2026-05-29 12:50:00,OANDA:XAUUSD,4509.4,4510.465,4508.125,4509.36,794.0,False,False,False,True,False,False
2026-05-29 12:55:00,OANDA:XAUUSD,4509.58,4515.19,4508.83,4514.105,694.0,False,False,True,False,True,False
2026-05-29 13:00:00,OANDA:XAUUSD,4514.1,4515.39,4509.68,4509.92,1118.0,False,False,True,False,False,False
2026-05-29 13:05:00,OANDA:XAUUSD,4509.94,4511.03,4509.515,4510.055,910.0,False,False,False,False,False,False
2026-05-29 13:10:00,OANDA:XAUUSD,4510.06,4512.41,4508.885,4512.015,847.0,False,False,False,False,True,False
2026-05-29 13:15:00,OANDA:XAUUSD,4511.955,4512.29,4510.65,4511.955,631.0,False,False,False,False,False,False
2026-05-29 13:20:00,OANDA:XAUUSD,4511.95,4512.095,4509.795,4510.0,586.0,False,False,False,False,False,True
2026-05-29 13:25:00,OANDA:XAUUSD,4510.055,4510.775,4509.53,4510.0,703.0,False,False,False,False,False,False
2026-05-29 13:30:00,OANDA:XAUUSD,4509.92,4512.905,4507.485,4508.475,2702.0,False,True,True,True,False,True
2026-05-29 13:35:00,OANDA:XAUUSD,4508.48,4508.51,4502.635,4503.685,1809.0,False,False,False,True,False,True
2026-05-29 13:40:00,OANDA:XAUUSD,4503.805,4508.06,4502.835,4506.86,2263.0,False,False,False,False,False,False
2026-05-29 13:45:00,OANDA:XAUUSD,4506.855,4508.76,4505.45,4505.995,2226.0,False,False,False,False,False,False
2026-05-29 13:50:00,OANDA:XAUUSD,4506.03,4515.73,4504.04,4515.225,1820.0,True,False,True,False,True,False
2026-05-29 13:55:00,OANDA:XAUUSD,4515.18,4515.56,4510.64,4515.165,1714.0,False,False,False,False,False,False
2026-05-29 14:00:00,OANDA:XAUUSD,4515.17,4522.47,4514.445,4519.115,4427.0,False,False,True,False,True,False
2026-05-29 14:05:00,OANDA:XAUUSD,4519.11,4520.26,4514.27,4514.27,1926.0,False,False,False,False,False,True
2026-05-29 14:10:00,OANDA:XAUUSD,4514.325,4516.32,4511.265,4515.975,2210.0,False,False,False,False,False,False
2026-05-29 14:15:00,OANDA:XAUUSD,4515.96,4515.98,4510.03,4511.735,2747.0,False,False,False,False,False,False
2026-05-29 14:20:00,OANDA:XAUUSD,4511.745,4520.0,4511.495,4518.77,2437.0,True,False,False,False,True,False
2026-05-29 14:25:00,OANDA:XAUUSD,4518.52,4521.445,4516.265,4516.645,2051.0,False,False,False,False,False,False
2026-05-29 14:30:00,OANDA:XAUUSD,4516.685,4520.815,4516.525,4518.05,1514.0,False,False,False,False,False,False
2026-05-29 14:35:00,OANDA:XAUUSD,4517.965,4519.1,4513.79,4514.95,1716.0,False,False,False,False,False,True
2026-05-29 14:40:00,OANDA:XAUUSD,4514.94,4517.08,4511.53,4516.935,1542.0,False,False,False,False,False,False
2026-05-29 14:45:00,OANDA:XAUUSD,4516.915,4519.96,4515.395,4517.78,2072.0,False,False,False,False,True,False
2026-05-29 14:50:00,OANDA:XAUUSD,4517.91,4523.25,4517.08,4522.23,1919.0,True,False,True,False,True,False
2026-05-29 14:55:00,OANDA:XAUUSD,4522.215,4524.09,4521.745,4523.605,1579.0,False,False,True,False,True,False
2026-05-29 15:00:00,OANDA:XAUUSD,4523.59,4524.14,4519.04,4519.2,2355.0,False,True,True,False,False,True
2026-05-29 15:05:00,OANDA:XAUUSD,4519.15,4520.905,4518.14,4519.205,1463.0,False,False,False,False,False,False
2026-05-29 15:10:00,OANDA:XAUUSD,4519.22,4520.61,4515.945,4516.32,1725.0,False,True,False,False,False,True
2026-05-29 15:15:00,OANDA:XAUUSD,4516.31,4517.18,4514.34,4515.64,1643.0,False,True,False,True,False,True
2026-05-29 15:20:00,OANDA:XAUUSD,4515.69,4515.935,4511.925,4511.99,1851.0,False,True,False,True,False,True
2026-05-29 15:25:00,OANDA:XAUUSD,4511.86,4514.19,4510.695,4514.18,1927.0,False,False,False,True,False,False
2026-05-29 15:30:00,OANDA:XAUUSD,4513.98,4521.185,4512.86,4520.7,2364.0,True,False,True,False,True,False
2026-05-29 15:35:00,OANDA:XAUUSD,4520.825,4525.4,4520.33,4522.71,3043.0,False,False,True,False,True,False
2026-05-29 15:40:00,OANDA:XAUUSD,4522.705,4526.04,4521.175,4525.34,2026.0,False,False,True,False,False,False
2026-05-29 15:45:00,OANDA:XAUUSD,4525.325,4526.2,4523.485,4524.345,2155.0,False,False,True,False,False,False
2026-05-29 15:50:00,OANDA:XAUUSD,4524.34,4525.605,4522.305,4523.485,1719.0,False,False,False,False,False,False
2026-05-29 15:55:00,OANDA:XAUUSD,4523.42,4525.565,4523.225,4524.82,1645.0,False,False,False,False,False,False
2026-05-29 16:00:00,OANDA:XAUUSD,4524.8,4524.855,4518.98,4519.305,2882.0,False,True,False,True,False,True
2026-05-29 16:05:00,OANDA:XAUUSD,4519.295,4520.835,4515.845,4516.035,2326.0,False,False,False,True,False,True
2026-05-29 16:10:00,OANDA:XAUUSD,4516.175,4519.225,4514.145,4515.405,2064.0,False,False,False,True,False,True
2026-05-29 16:15:00,OANDA:XAUUSD,4515.395,4516.365,4513.2,4513.245,1791.0,False,False,False,True,False,True
2026-05-29 16:20:00,OANDA:XAUUSD,4513.27,4517.17,4512.575,4515.345,2036.0,False,False,False,True,False,False
2026-05-29 16:25:00,OANDA:XAUUSD,4515.355,4518.0,4514.215,4516.975,2114.0,False,False,False,False,False,False
2026-05-29 16:30:00,OANDA:XAUUSD,4516.99,4518.0,4514.865,4514.96,1075.0,False,False,False,False,False,False
2026-05-29 16:35:00,OANDA:XAUUSD,4515.06,4516.71,4513.895,4515.115,1726.0,False,False,False,False,False,False
2026-05-29 16:40:00,OANDA:XAUUSD,4515.11,4516.38,4514.24,4515.265,1420.0,False,False,False,False,False,False
2026-05-29 16:45:00,OANDA:XAUUSD,4515.165,4516.515,4511.09,4511.415,2246.0,False,False,False,True,False,True
2026-05-29 16:50:00,OANDA:XAUUSD,4511.43,4515.67,4509.955,4513.94,2305.0,False,False,False,True,False,False
2026-05-29 16:55:00,OANDA:XAUUSD,4514.005,4515.27,4513.19,4514.95,1334.0,False,False,False,False,False,False
2026-05-29 17:00:00,OANDA:XAUUSD,4514.965,4519.4,4513.255,4518.845,2641.0,True,False,True,False,True,False
2026-05-29 17:05:00,OANDA:XAUUSD,4518.835,4524.185,4517.37,4523.97,1965.0,True,False,True,False,True,False
2026-05-29 17:10:00,OANDA:XAUUSD,4523.975,4530.48,4523.52,4529.095,2727.0,True,False,True,False,True,False
2026-05-29 17:15:00,OANDA:XAUUSD,4529.115,4529.69,4526.97,4528.025,3078.0,False,False,False,False,False,False
2026-05-29 17:20:00,OANDA:XAUUSD,4528.02,4528.34,4522.15,4522.745,1537.0,False,False,False,False,False,True
2026-05-29 17:25:00,OANDA:XAUUSD,4522.765,4532.505,4522.515,4529.14,1967.0,False,False,True,False,True,False
2026-05-29 17:30:00,OANDA:XAUUSD,4529.1,4530.935,4524.93,4528.74,2822.0,False,False,False,False,False,False
2026-05-29 17:35:00,OANDA:XAUUSD,4528.725,4530.46,4526.8,4528.82,1693.0,False,False,False,False,False,False
2026-05-29 17:40:00,OANDA:XAUUSD,4528.795,4532.71,4528.23,4532.32,1693.0,True,False,True,False,True,False
2026-05-29 17:45:00,OANDA:XAUUSD,4532.365,4537.875,4532.035,4537.19,2449.0,False,False,True,False,True,False
2026-05-29 17:50:00,OANDA:XAUUSD,4537.275,4539.75,4531.395,4532.64,1815.0,False,False,True,False,False,False
2026-05-29 17:55:00,OANDA:XAUUSD,4532.65,4533.49,4529.695,4531.315,1458.0,False,True,False,False,False,True
2026-05-29 18:00:00,OANDA:XAUUSD,4531.26,4531.26,4525.58,4526.17,1226.0,False,True,False,True,False,True
2026-05-29 18:05:00,OANDA:XAUUSD,4526.185,4528.845,4526.155,4526.6,1564.0,False,False,False,False,False,False
2026-05-29 18:10:00,OANDA:XAUUSD,4526.605,4528.82,4525.9,4528.64,1055.0,False,False,False,False,False,False
2026-05-29 18:15:00,OANDA:XAUUSD,4528.59,4530.38,4525.83,4526.755,967.0,False,False,False,False,False,False
2026-05-29 18:20:00,OANDA:XAUUSD,4526.83,4527.835,4526.03,4527.77,802.0,False,False,False,False,False,False
2026-05-29 18:25:00,OANDA:XAUUSD,4527.67,4531.07,4527.53,4530.57,573.0,True,False,False,False,True,False
2026-05-29 18:30:00,OANDA:XAUUSD,4530.62,4539.455,4530.505,4538.815,1850.0,True,False,True,False,True,False
2026-05-29 18:35:00,OANDA:XAUUSD,4538.825,4543.31,4538.21,4541.66,1839.0,False,False,True,False,True,False
2026-05-29 18:40:00,OANDA:XAUUSD,4541.665,4542.37,4536.345,4537.9,2084.0,False,False,False,False,False,True
2026-05-29 18:45:00,OANDA:XAUUSD,4537.905,4540.97,4536.135,4537.095,2089.0,False,False,False,False,False,False
2026-05-29 18:50:00,OANDA:XAUUSD,4537.085,4539.11,4536.675,4536.705,1626.0,False,False,False,False,False,False
2026-05-29 18:55:00,OANDA:XAUUSD,4536.7,4538.885,4535.43,4538.825,2200.0,False,False,False,False,False,False
2026-05-29 19:00:00,OANDA:XAUUSD,4538.785,4540.665,4535.64,4535.95,1431.0,False,False,False,False,False,False
2026-05-29 19:05:00,OANDA:XAUUSD,4535.955,4537.04,4532.17,4532.535,766.0,False,True,False,True,False,True
2026-05-29 19:10:00,OANDA:XAUUSD,4532.56,4533.56,4530.94,4532.42,1511.0,False,False,False,True,False,False
2026-05-29 19:15:00,OANDA:XAUUSD,4532.295,4532.83,4529.445,4531.62,1378.0,False,False,False,True,False,False
2026-05-29 19:20:00,OANDA:XAUUSD,4531.615,4534.615,4530.285,4531.31,1879.0,False,False,False,False,False,False
2026-05-29 19:25:00,OANDA:XAUUSD,4531.37,4532.06,4526.96,4528.015,2140.0,False,True,False,True,False,True
2026-05-29 19:30:00,OANDA:XAUUSD,4528.035,4528.635,4525.935,4527.075,1229.0,False,False,False,True,False,False
2026-05-29 19:35:00,OANDA:XAUUSD,4527.12,4529.045,4526.67,4528.42,1675.0,False,False,False,False,False,False
2026-05-29 19:40:00,OANDA:XAUUSD,4528.365,4531.665,4528.29,4531.29,1132.0,True,False,False,False,True,False
2026-05-29 19:45:00,OANDA:XAUUSD,4531.295,4534.11,4529.3,4529.4,1620.0,False,False,False,False,False,False
2026-05-29 19:50:00,OANDA:XAUUSD,4529.425,4535.25,4527.38,4534.055,3744.0,False,False,True,False,False,False
2026-05-29 19:55:00,OANDA:XAUUSD,4534.18,4538.99,4533.96,4538.58,2098.0,False,False,True,False,True,False
2026-05-29 20:00:00,OANDA:XAUUSD,4538.6,4538.765,4528.43,4529.48,2474.0,False,True,False,False,False,True
2026-05-29 20:05:00,OANDA:XAUUSD,4529.455,4530.605,4527.24,4530.37,2635.0,False,False,False,True,False,False
2026-05-29 20:10:00,OANDA:XAUUSD,4530.385,4532.16,4526.995,4528.485,2208.0,False,False,False,True,False,False
2026-05-29 20:15:00,OANDA:XAUUSD,4528.49,4531.995,4527.865,4530.5,1188.0,False,False,False,False,False,False
2026-05-29 20:20:00,OANDA:XAUUSD,4530.43,4530.43,4520.115,4523.715,3549.0,False,True,False,True,False,True
2026-05-29 20:25:00,OANDA:XAUUSD,4523.72,4524.735,4520.625,4522.275,2402.0,False,False,False,False,False,False
2026-05-29 20:30:00,OANDA:XAUUSD,4522.295,4523.445,4515.335,4517.13,4595.0,False,True,False,True,False,True
2026-05-29 20:35:00,OANDA:XAUUSD,4517.125,4518.975,4515.355,4517.425,3574.0,False,False,False,False,False,False
2026-05-29 20:40:00,OANDA:XAUUSD,4517.385,4517.875,4512.73,4514.28,2605.0,False,False,False,True,False,True
2026-05-29 20:45:00,OANDA:XAUUSD,4514.275,4517.99,4512.785,4515.465,2691.0,False,False,False,False,False,False
2026-05-29 20:50:00,OANDA:XAUUSD,4515.41,4520.01,4514.295,4518.68,3534.0,False,False,False,False,True,False
2026-05-29 20:55:00,OANDA:XAUUSD,4518.645,4524.15,4516.825,4523.215,2884.0,False,False,True,False,True,False
2026-05-29 21:00:00,OANDA:XAUUSD,4523.18,4525.63,4517.04,4524.525,4279.0,False,False,True,False,True,False
2026-05-29 21:05:00,OANDA:XAUUSD,4524.445,4527.145,4520.435,4525.895,3108.0,False,False,True,False,True,False
2026-05-29 21:10:00,OANDA:XAUUSD,4525.91,4525.91,4520.96,4522.925,3566.0,False,False,False,False,False,False
2026-05-29 21:15:00,OANDA:XAUUSD,4522.94,4524.445,4521.42,4522.7,2488.0,False,False,False,False,False,False
2026-05-29 21:20:00,OANDA:XAUUSD,4522.695,4529.19,4522.545,4526.33,2718.0,True,False,True,False,True,False
2026-05-29 21:25:00,OANDA:XAUUSD,4526.355,4528.44,4525.525,4528.25,2467.0,False,False,False,False,False,False
2026-05-29 21:30:00,OANDA:XAUUSD,4528.235,4532.28,4525.105,4525.28,5569.0,False,False,True,False,False,True
2026-05-29 21:35:00,OANDA:XAUUSD,4525.305,4533.175,4522.54,4531.52,6255.0,False,False,True,False,False,False
2026-05-29 21:40:00,OANDA:XAUUSD,4531.53,4535.58,4530.495,4533.21,3469.0,False,False,True,False,True,False
2026-05-29 21:45:00,OANDA:XAUUSD,4533.25,4537.0,4529.455,4536.05,4460.0,False,False,True,False,True,False
2026-05-29 21:50:00,OANDA:XAUUSD,4536.065,4539.195,4532.295,4538.63,5020.0,False,False,True,False,True,False
2026-05-29 21:55:00,OANDA:XAUUSD,4538.58,4540.785,4535.36,4536.725,4282.0,False,False,True,False,False,False
2026-05-29 22:00:00,OANDA:XAUUSD,4536.73,4549.28,4535.215,4547.955,7602.0,True,False,True,False,True,False
2026-05-29 22:05:00,OANDA:XAUUSD,4547.95,4552.655,4546.255,4551.085,7478.0,False,False,True,False,True,False
2026-05-29 22:10:00,OANDA:XAUUSD,4551.035,4552.635,4543.81,4543.87,6402.0,False,True,False,False,False,True
2026-05-29 22:15:00,OANDA:XAUUSD,4543.88,4545.135,4537.75,4537.905,5398.0,False,True,False,False,False,True
2026-05-29 22:20:00,OANDA:XAUUSD,4537.89,4540.55,4531.085,4531.19,5772.0,False,True,False,True,False,True
2026-05-29 22:25:00,OANDA:XAUUSD,4531.27,4533.355,4526.16,4529.915,7628.0,False,False,False,True,False,True
2026-05-29 22:30:00,OANDA:XAUUSD,4529.9,4536.505,4525.38,4536.5,5455.0,False,False,False,True,True,False
2026-05-29 22:35:00,OANDA:XAUUSD,4536.55,4536.74,4530.965,4531.735,4591.0,False,False,False,False,False,False
2026-05-29 22:40:00,OANDA:XAUUSD,4531.95,4542.11,4531.95,4540.485,3859.0,False,False,False,False,True,False
2026-05-29 22:45:00,OANDA:XAUUSD,4540.415,4541.13,4536.675,4539.88,4157.0,False,False,False,False,False,False
2026-05-29 22:50:00,OANDA:XAUUSD,4539.925,4569.3,4539.925,4556.89,11606.0,True,False,True,False,True,False
2026-05-29 22:55:00,OANDA:XAUUSD,4556.875,4570.61,4555.825,4564.135,10709.0,False,False,True,False,False,False
2026-05-29 23:00:00,OANDA:XAUUSD,4564.13,4578.69,4564.13,4578.335,10132.0,True,False,True,False,True,False
2026-05-29 23:05:00,OANDA:XAUUSD,4578.225,4589.885,4573.675,4587.955,10481.0,True,False,True,False,True,False
2026-05-29 23:10:00,OANDA:XAUUSD,4587.925,4595.33,4585.965,4589.91,8620.0,False,False,True,False,True,False
2026-05-29 23:15:00,OANDA:XAUUSD,4589.905,4591.675,4585.995,4588.85,7796.0,False,False,False,False,False,False
2026-05-29 23:20:00,OANDA:XAUUSD,4588.855,4589.35,4581.725,4584.795,6559.0,False,True,False,False,False,True
2026-05-29 23:25:00,OANDA:XAUUSD,4584.815,4585.3,4578.17,4578.68,4395.0,False,False,False,False,False,True
2026-05-29 23:30:00,OANDA:XAUUSD,4578.695,4583.285,4577.935,4578.27,4997.0,False,False,False,False,False,False
2026-05-29 23:35:00,OANDA:XAUUSD,4578.265,4580.84,4572.3,4573.255,6406.0,False,True,False,True,False,True
2026-05-29 23:40:00,OANDA:XAUUSD,4573.3,4575.395,4561.43,4566.68,7874.0,False,True,False,True,False,True
2026-05-29 23:45:00,OANDA:XAUUSD,4566.69,4569.5,4557.56,4565.255,5103.0,False,False,False,True,False,False
2026-05-29 23:50:00,OANDA:XAUUSD,4565.25,4570.55,4563.45,4569.24,3305.0,False,False,False,False,False,False
2026-05-29 23:55:00,OANDA:XAUUSD,4569.215,4571.515,4568.43,4571.25,2687.0,False,False,False,False,True,False
2026-05-30 00:00:00,OANDA:XAUUSD,4571.3,4572.29,4567.82,4568.025,4045.0,False,False,False,False,False,True
2026-05-30 00:05:00,OANDA:XAUUSD,4568.12,4569.135,4563.98,4564.3,2782.0,False,True,False,False,False,True
2026-05-30 00:10:00,OANDA:XAUUSD,4564.28,4565.1,4560.07,4563.72,2353.0,False,False,False,False,False,True
2026-05-30 00:15:00,OANDA:XAUUSD,4563.88,4567.845,4563.075,4565.565,2356.0,False,False,False,False,True,False
2026-05-30 00:20:00,OANDA:XAUUSD,4565.575,4567.315,4563.95,4564.415,2442.0,False,False,False,False,False,False
2026-05-30 00:25:00,OANDA:XAUUSD,4564.385,4564.43,4560.445,4563.195,2233.0,False,False,False,False,False,True
2026-05-30 00:30:00,OANDA:XAUUSD,4563.19,4570.045,4562.075,4569.08,4732.0,True,False,True,False,True,False
2026-05-30 00:35:00,OANDA:XAUUSD,4569.08,4573.68,4567.81,4572.16,2897.0,False,False,True,False,True,False
2026-05-30 00:40:00,OANDA:XAUUSD,4572.145,4573.03,4568.61,4569.585,1855.0,False,False,False,False,False,False
2026-05-30 00:45:00,OANDA:XAUUSD,4569.515,4569.515,4564.565,4564.92,2023.0,False,True,False,False,False,True
2026-05-30 00:50:00,OANDA:XAUUSD,4564.83,4566.095,4561.12,4565.52,2861.0,False,False,False,False,False,False
2026-05-30 00:55:00,OANDA:XAUUSD,4565.505,4567.54,4562.775,4567.03,2248.0,False,False,False,False,True,False
2026-05-30 01:00:00,OANDA:XAUUSD,4567.05,4568.055,4564.315,4564.37,3052.0,False,False,False,False,False,False
2026-05-30 01:05:00,OANDA:XAUUSD,4564.375,4568.57,4563.425,4567.66,2011.0,False,False,False,False,False,False
2026-05-30 01:10:00,OANDA:XAUUSD,4567.67,4568.485,4564.05,4564.23,2480.0,False,False,False,False,False,False
2026-05-30 01:15:00,OANDA:XAUUSD,4564.245,4566.965,4563.84,4565.69,2109.0,False,False,False,False,False,False
2026-05-30 01:20:00,OANDA:XAUUSD,4565.695,4567.055,4560.535,4565.655,2927.0,False,False,False,True,False,False
2026-05-30 01:25:00,OANDA:XAUUSD,4565.675,4565.94,4561.535,4561.98,2674.0,False,False,False,False,False,False
2026-05-30 01:30:00,OANDA:XAUUSD,4562.09,4562.405,4557.91,4561.47,2818.0,False,False,False,True,False,True
2026-05-30 01:35:00,OANDA:XAUUSD,4561.465,4562.075,4558.625,4558.855,2083.0,False,False,False,False,False,False
2026-05-30 01:40:00,OANDA:XAUUSD,4558.92,4560.08,4553.345,4554.18,2778.0,False,True,False,True,False,True
2026-05-30 01:45:00,OANDA:XAUUSD,4554.175,4557.82,4553.215,4556.15,2228.0,False,False,False,True,False,False
2026-05-30 01:50:00,OANDA:XAUUSD,4556.155,4556.36,4552.525,4553.65,2032.0,False,False,False,True,False,False
2026-05-30 01:55:00,OANDA:XAUUSD,4553.785,4554.07,4551.715,4553.51,2663.0,False,False,False,True,False,False
2026-05-30 02:00:00,OANDA:XAUUSD,4553.545,4557.61,4552.53,4557.445,2979.0,True,False,False,False,True,False
2026-05-30 02:05:00,OANDA:XAUUSD,4557.59,4558.895,4555.805,4557.99,2047.0,False,False,False,False,True,False
2026-05-30 02:10:00,OANDA:XAUUSD,4558.045,4558.525,4556.26,4558.29,1447.0,False,False,False,False,False,False
2026-05-30 02:15:00,OANDA:XAUUSD,4558.42,4559.155,4555.715,4558.77,1953.0,False,False,True,False,True,False
2026-05-30 02:20:00,OANDA:XAUUSD,4558.805,4559.995,4557.56,4558.72,1687.0,False,False,True,False,False,False
2026-05-30 02:25:00,OANDA:XAUUSD,4558.725,4560.51,4558.255,4559.435,2405.0,False,False,True,False,False,False
2026-05-30 02:30:00,OANDA:XAUUSD,4559.455,4561.38,4559.44,4561.015,2142.0,False,False,True,False,True,False
2026-05-30 02:35:00,OANDA:XAUUSD,4561.025,4561.75,4560.0,4560.15,1228.0,False,False,True,False,False,False
2026-05-30 02:40:00,OANDA:XAUUSD,4560.155,4560.355,4557.655,4558.1,1549.0,False,True,False,False,False,True
2026-05-30 02:45:00,OANDA:XAUUSD,4558.105,4558.105,4551.015,4553.18,4764.0,False,True,False,True,False,True
2026-05-30 02:50:00,OANDA:XAUUSD,4553.145,4554.81,4552.255,4554.16,2602.0,False,False,False,False,False,False
2026-05-30 02:55:00,OANDA:XAUUSD,4554.13,4557.065,4552.89,4553.245,2470.0,False,False,False,False,False,False
2026-05-30 03:00:00,OANDA:XAUUSD,4553.24,4555.31,4552.38,4554.635,2548.0,False,False,False,False,False,False
2026-05-30 03:05:00,OANDA:XAUUSD,4554.645,4558.56,4554.55,4558.54,1416.0,True,False,False,False,True,False
2026-05-30 03:10:00,OANDA:XAUUSD,4558.58,4560.29,4558.035,4558.495,1806.0,False,False,True,False,False,False
2026-05-30 03:15:00,OANDA:XAUUSD,4558.48,4559.325,4556.795,4557.575,1372.0,False,False,False,False,False,True
2026-05-30 03:20:00,OANDA:XAUUSD,4557.555,4558.06,4555.895,4556.63,1490.0,False,False,False,False,False,True
2026-05-30 03:25:00,OANDA:XAUUSD,4556.645,4557.18,4554.85,4555.275,2044.0,False,False,False,False,False,True
2026-05-30 03:30:00,OANDA:XAUUSD,4555.26,4556.475,4553.15,4553.565,1632.0,False,True,False,True,False,True
2026-05-30 03:35:00,OANDA:XAUUSD,4553.585,4554.07,4551.93,4552.505,1317.0,False,False,False,True,False,True
2026-05-30 03:40:00,OANDA:XAUUSD,4552.455,4553.96,4551.37,4551.645,1542.0,False,True,False,True,False,True
2026-05-30 03:45:00,OANDA:XAUUSD,4551.635,4551.715,4548.67,4548.715,2120.0,False,True,False,True,False,True
2026-05-30 03:50:00,OANDA:XAUUSD,4548.705,4549.665,4545.66,4546.55,2975.0,False,True,False,True,False,True
2026-05-30 03:55:00,OANDA:XAUUSD,4546.58,4548.295,4542.9,4545.685,4210.0,False,False,False,True,False,False
2026-05-30 04:00:00,OANDA:XAUUSD,4545.515,4547.5,4542.92,4544.565,2512.0,False,False,False,False,False,False
2026-05-30 04:05:00,OANDA:XAUUSD,4544.615,4546.23,4543.435,4545.9,1165.0,False,False,False,False,False,False
2026-05-30 04:10:00,OANDA:XAUUSD,4545.91,4549.24,4545.29,4548.89,862.0,False,False,False,False,True,False
2026-05-30 04:15:00,OANDA:XAUUSD,4548.855,4548.98,4545.55,4546.11,810.0,False,False,False,False,False,False
2026-05-30 04:20:00,OANDA:XAUUSD,4546.125,4546.125,4544.53,4545.29,1014.0,False,True,False,False,False,True
2026-05-30 04:25:00,OANDA:XAUUSD,4545.315,4545.395,4542.415,4542.97,1265.0,False,True,False,True,False,True
2026-05-30 04:30:00,OANDA:XAUUSD,4542.85,4543.525,4541.96,4543.515,1101.0,False,False,False,True,False,False
2026-05-30 04:35:00,OANDA:XAUUSD,4543.4,4543.765,4542.24,4543.195,712.0,False,False,False,False,False,False
2026-05-30 04:40:00,OANDA:XAUUSD,4543.17,4544.335,4541.555,4543.775,1346.0,False,False,False,True,True,False
2026-05-30 04:45:00,OANDA:XAUUSD,4543.765,4543.99,4541.745,4542.035,1156.0,False,False,False,False,False,False
2026-05-30 04:50:00,OANDA:XAUUSD,4542.04,4543.335,4540.065,4540.465,1555.0,False,False,False,True,False,True
2026-05-30 04:55:00,OANDA:XAUUSD,4540.435,4541.77,4540.06,4540.53,845.0,False,True,False,True,False,False
2026-06-01 06:00:00,OANDA:XAUUSD,4520.795,4521.005,4520.795,4521.005,8.0,False,True,False,True,False,True
2026-06-01 06:05:00,OANDA:XAUUSD,4521.04,4527.475,4520.025,4526.155,1707.0,True,False,False,True,True,False
2026-06-01 06:10:00,OANDA:XAUUSD,4526.085,4535.46,4524.17,4534.805,1774.0,True,False,False,False,True,False
2026-06-01 06:15:00,OANDA:XAUUSD,4534.805,4536.73,4531.485,4536.48,1624.0,False,False,False,False,True,False
2026-06-01 06:20:00,OANDA:XAUUSD,4536.505,4536.56,4531.465,4533.33,1515.0,False,False,False,False,False,False
2026-06-01 06:25:00,OANDA:XAUUSD,4533.36,4534.51,4531.83,4533.4,1053.0,False,False,False,False,False,False
2026-06-01 06:30:00,OANDA:XAUUSD,4533.035,4536.76,4532.91,4535.85,1363.0,False,False,True,False,True,False
2026-06-01 06:35:00,OANDA:XAUUSD,4535.83,4536.585,4532.07,4532.09,926.0,False,False,False,False,False,True
2026-06-01 06:40:00,OANDA:XAUUSD,4532.36,4535.725,4531.1,4535.725,1084.0,False,False,False,True,False,False
2026-06-01 06:45:00,OANDA:XAUUSD,4535.72,4540.485,4535.665,4538.395,1153.0,False,False,True,False,True,False
2026-06-01 06:50:00,OANDA:XAUUSD,4538.435,4538.905,4534.88,4535.045,1038.0,False,False,False,False,False,True
2026-06-01 06:55:00,OANDA:XAUUSD,4535.04,4537.96,4535.035,4535.37,695.0,False,False,False,False,False,False
2026-06-01 07:00:00,OANDA:XAUUSD,4535.405,4540.555,4535.23,4539.895,1126.0,True,False,True,False,True,False
2026-06-01 07:05:00,OANDA:XAUUSD,4539.845,4542.19,4538.91,4541.73,766.0,False,False,True,False,True,False
2026-06-01 07:10:00,OANDA:XAUUSD,4541.715,4543.275,4540.175,4542.67,754.0,False,False,True,False,True,False
2026-06-01 07:15:00,OANDA:XAUUSD,4542.715,4543.595,4541.245,4542.165,863.0,False,False,True,False,False,False
2026-06-01 07:20:00,OANDA:XAUUSD,4542.2,4543.62,4540.105,4542.06,1038.0,False,False,True,False,False,False
2026-06-01 07:25:00,OANDA:XAUUSD,4542.11,4545.115,4541.76,4545.05,987.0,False,False,True,False,True,False
2026-06-01 07:30:00,OANDA:XAUUSD,4545.06,4545.845,4539.255,4539.365,1227.0,False,False,True,False,False,True
2026-06-01 07:35:00,OANDA:XAUUSD,4539.43,4541.945,4538.66,4540.795,1280.0,False,False,False,True,False,False
2026-06-01 07:40:00,OANDA:XAUUSD,4540.81,4542.655,4540.465,4542.03,645.0,False,False,False,False,True,False
2026-06-01 07:45:00,OANDA:XAUUSD,4541.98,4542.88,4538.655,4541.175,1560.0,False,False,False,True,False,False
2026-06-01 07:50:00,OANDA:XAUUSD,4541.16,4544.815,4540.495,4544.385,1214.0,False,False,False,False,True,False
2026-06-01 07:55:00,OANDA:XAUUSD,4544.265,4544.73,4539.665,4539.665,1232.0,False,False,False,False,False,True
2026-06-01 08:00:00,OANDA:XAUUSD,4539.68,4546.27,4537.41,4544.895,2572.0,False,False,True,True,True,False
2026-06-01 08:05:00,OANDA:XAUUSD,4544.905,4544.99,4540.71,4540.785,1520.0,False,False,False,False,False,False
2026-06-01 08:10:00,OANDA:XAUUSD,4540.74,4543.605,4539.45,4541.115,1882.0,False,False,False,False,False,False
2026-06-01 08:15:00,OANDA:XAUUSD,4541.085,4544.03,4537.915,4538.465,1722.0,False,False,False,False,False,True
2026-06-01 08:20:00,OANDA:XAUUSD,4538.515,4541.645,4538.11,4540.98,1477.0,False,False,False,False,False,False
2026-06-01 08:25:00,OANDA:XAUUSD,4540.925,4544.615,4540.02,4543.25,1436.0,False,False,False,False,True,False
2026-06-01 08:30:00,OANDA:XAUUSD,4543.43,4545.24,4536.22,4538.3,2127.0,False,True,True,True,False,True
2026-06-01 08:35:00,OANDA:XAUUSD,4538.31,4539.07,4535.49,4536.965,1346.0,False,False,False,True,False,False
2026-06-01 08:40:00,OANDA:XAUUSD,4536.915,4537.305,4535.39,4536.1,1750.0,False,False,False,True,False,False
2026-06-01 08:45:00,OANDA:XAUUSD,4536.08,4542.09,4536.035,4541.56,1743.0,True,False,False,False,True,False
2026-06-01 08:50:00,OANDA:XAUUSD,4541.655,4542.945,4538.41,4539.0,1412.0,False,False,False,False,False,False
2026-06-01 08:55:00,OANDA:XAUUSD,4539.05,4542.115,4537.295,4540.765,1866.0,False,False,False,False,False,False
2026-06-01 09:00:00,OANDA:XAUUSD,4540.83,4541.45,4531.955,4534.46,4332.0,False,True,False,True,False,True
2026-06-01 09:05:00,OANDA:XAUUSD,4534.485,4535.575,4527.44,4529.43,2482.0,False,False,False,True,False,True
2026-06-01 09:10:00,OANDA:XAUUSD,4529.2,4534.325,4526.325,4533.935,2816.0,False,False,False,True,False,False
2026-06-01 09:15:00,OANDA:XAUUSD,4533.93,4534.54,4530.195,4530.38,1826.0,False,False,False,False,False,False
2026-06-01 09:20:00,OANDA:XAUUSD,4530.395,4536.945,4530.015,4532.3,1974.0,False,False,False,False,False,False
2026-06-01 09:25:00,OANDA:XAUUSD,4532.325,4533.125,4527.965,4528.87,1739.0,False,False,False,False,False,True
2026-06-01 09:30:00,OANDA:XAUUSD,4528.86,4533.07,4527.285,4533.06,2104.0,False,False,False,False,False,False
2026-06-01 09:35:00,OANDA:XAUUSD,4532.99,4533.65,4528.02,4529.895,1674.0,False,False,False,False,False,False
2026-06-01 09:40:00,OANDA:XAUUSD,4529.965,4533.93,4528.605,4533.275,1648.0,False,False,False,False,False,False
2026-06-01 09:45:00,OANDA:XAUUSD,4533.255,4533.78,4527.54,4528.665,1716.0,False,False,False,False,False,False
2026-06-01 09:50:00,OANDA:XAUUSD,4528.65,4531.31,4527.89,4530.07,2027.0,False,False,False,False,False,False
2026-06-01 09:55:00,OANDA:XAUUSD,4530.095,4530.19,4523.715,4525.47,2351.0,False,True,False,True,False,True
2026-06-01 10:00:00,OANDA:XAUUSD,4525.46,4527.77,4524.48,4525.225,1481.0,False,False,False,False,False,False
2026-06-01 10:05:00,OANDA:XAUUSD,4525.205,4532.07,4525.08,4528.58,1617.0,True,False,False,False,True,False
2026-06-01 10:10:00,OANDA:XAUUSD,4528.57,4534.26,4528.43,4532.36,1749.0,False,False,True,False,True,False
2026-06-01 10:15:00,OANDA:XAUUSD,4532.31,4534.825,4532.005,4532.105,1107.0,False,False,True,False,False,False
2026-06-01 10:20:00,OANDA:XAUUSD,4532.11,4533.005,4530.41,4531.53,1017.0,False,True,False,False,False,True
2026-06-01 10:25:00,OANDA:XAUUSD,4531.535,4531.79,4529.475,4530.455,769.0,False,False,False,False,False,False
2026-06-01 10:30:00,OANDA:XAUUSD,4530.42,4530.42,4523.645,4527.495,2206.0,False,False,False,True,False,True
2026-06-01 10:35:00,OANDA:XAUUSD,4527.49,4531.24,4527.315,4528.65,1921.0,False,False,False,False,False,False
2026-06-01 10:40:00,OANDA:XAUUSD,4528.6,4528.6,4522.44,4523.17,2115.0,False,True,False,True,False,True
2026-06-01 10:45:00,OANDA:XAUUSD,4523.15,4525.185,4521.995,4523.54,1895.0,False,False,False,True,False,False
2026-06-01 10:50:00,OANDA:XAUUSD,4523.565,4524.125,4522.365,4522.445,1428.0,False,False,False,False,False,False
2026-06-01 10:55:00,OANDA:XAUUSD,4522.42,4523.825,4521.325,4521.595,1252.0,False,False,False,True,False,True
2026-06-01 11:00:00,OANDA:XAUUSD,4521.605,4525.64,4521.355,4524.795,1637.0,False,False,False,False,True,False
2026-06-01 11:05:00,OANDA:XAUUSD,4524.745,4524.94,4517.6,4517.75,1899.0,False,True,False,True,False,True
2026-06-01 11:10:00,OANDA:XAUUSD,4517.72,4520.615,4515.685,4519.085,1457.0,False,False,False,True,False,False
2026-06-01 11:15:00,OANDA:XAUUSD,4519.035,4520.15,4513.96,4519.515,2201.0,False,False,False,True,False,False
2026-06-01 11:20:00,OANDA:XAUUSD,4519.5,4520.35,4517.705,4518.755,1433.0,False,False,False,False,False,False
2026-06-01 11:25:00,OANDA:XAUUSD,4518.76,4521.465,4518.22,4520.705,1375.0,False,False,False,False,True,False
2026-06-01 11:30:00,OANDA:XAUUSD,4520.67,4524.24,4520.0,4522.02,1368.0,False,False,False,False,True,False
2026-06-01 11:35:00,OANDA:XAUUSD,4522.03,4522.03,4514.69,4515.81,1055.0,False,True,False,False,False,True
2026-06-01 11:40:00,OANDA:XAUUSD,4515.65,4515.87,4509.99,4510.795,1343.0,False,True,False,True,False,True
2026-06-01 11:45:00,OANDA:XAUUSD,4510.84,4513.495,4509.965,4512.695,992.0,False,False,False,True,False,False
2026-06-01 11:50:00,OANDA:XAUUSD,4512.71,4514.12,4511.895,4513.34,972.0,False,False,False,False,False,False
2026-06-01 11:55:00,OANDA:XAUUSD,4513.33,4516.62,4512.475,4516.555,952.0,True,False,False,False,True,False
2026-06-01 12:00:00,OANDA:XAUUSD,4516.615,4519.74,4515.89,4516.535,1074.0,False,False,False,False,False,False
2026-06-01 12:05:00,OANDA:XAUUSD,4516.42,4517.395,4514.07,4514.185,997.0,False,True,False,False,False,True
2026-06-01 12:10:00,OANDA:XAUUSD,4514.22,4515.225,4512.63,4514.895,789.0,False,False,False,False,False,False
2026-06-01 12:15:00,OANDA:XAUUSD,4514.88,4518.64,4514.88,4517.105,814.0,True,False,False,False,True,False
2026-06-01 12:20:00,OANDA:XAUUSD,4517.085,4517.915,4515.915,4517.68,483.0,False,False,False,False,False,False
2026-06-01 12:25:00,OANDA:XAUUSD,4517.5,4517.5,4515.39,4515.945,488.0,False,False,False,False,False,False
2026-06-01 12:30:00,OANDA:XAUUSD,4515.95,4516.66,4514.25,4514.485,657.0,False,False,False,False,False,True
2026-06-01 12:35:00,OANDA:XAUUSD,4514.52,4515.755,4513.63,4515.25,796.0,False,False,False,False,False,False
2026-06-01 12:40:00,OANDA:XAUUSD,4515.23,4517.34,4514.495,4514.64,983.0,False,False,False,False,False,False
2026-06-01 12:45:00,OANDA:XAUUSD,4514.675,4514.83,4508.64,4510.57,1027.0,False,False,False,True,False,True
2026-06-01 12:50:00,OANDA:XAUUSD,4510.56,4514.635,4509.795,4514.405,1198.0,False,False,False,False,False,False
2026-06-01 12:55:00,OANDA:XAUUSD,4514.4,4515.33,4512.86,4514.64,881.0,False,False,False,False,True,False
2026-06-01 13:00:00,OANDA:XAUUSD,4514.66,4516.34,4513.825,4516.14,1005.0,True,False,False,False,True,False
2026-06-01 13:05:00,OANDA:XAUUSD,4516.19,4517.935,4515.755,4516.665,835.0,False,False,True,False,True,False
2026-06-01 13:10:00,OANDA:XAUUSD,4516.66,4519.5,4515.53,4518.275,902.0,False,False,True,False,True,False
2026-06-01 13:15:00,OANDA:XAUUSD,4518.375,4522.0,4517.695,4521.645,959.0,True,False,True,False,True,False
2026-06-01 13:20:00,OANDA:XAUUSD,4521.605,4523.225,4519.8,4522.52,928.0,False,False,True,False,True,False
2026-06-01 13:25:00,OANDA:XAUUSD,4522.44,4523.745,4520.62,4520.66,1084.0,False,False,True,False,False,False
2026-06-01 13:30:00,OANDA:XAUUSD,4520.67,4522.29,4512.79,4513.885,2402.0,False,False,False,True,False,True
2026-06-01 13:35:00,OANDA:XAUUSD,4513.88,4522.27,4513.79,4520.34,1789.0,False,False,False,False,False,False
2026-06-01 13:40:00,OANDA:XAUUSD,4520.33,4521.08,4515.57,4519.87,1441.0,False,False,False,False,False,False
2026-06-01 13:45:00,OANDA:XAUUSD,4519.84,4525.27,4517.485,4524.275,1294.0,True,False,True,False,True,False
2026-06-01 13:50:00,OANDA:XAUUSD,4524.37,4524.615,4521.245,4523.68,1455.0,False,False,False,False,False,False
2026-06-01 13:55:00,OANDA:XAUUSD,4523.695,4523.695,4517.08,4518.32,1703.0,False,True,False,False,False,True
2026-06-01 14:00:00,OANDA:XAUUSD,4518.285,4518.855,4514.14,4516.45,3419.0,False,False,False,False,False,True
2026-06-01 14:05:00,OANDA:XAUUSD,4516.435,4518.585,4515.38,4517.14,2420.0,False,False,False,False,False,False
2026-06-01 14:10:00,OANDA:XAUUSD,4517.165,4517.51,4512.685,4514.165,2375.0,False,False,False,True,False,True
2026-06-01 14:15:00,OANDA:XAUUSD,4514.17,4516.015,4510.09,4511.0,2177.0,False,True,False,True,False,True
2026-06-01 14:20:00,OANDA:XAUUSD,4511.015,4511.025,4504.98,4506.24,2725.0,False,False,False,True,False,True
2026-06-01 14:25:00,OANDA:XAUUSD,4506.215,4514.65,4505.76,4514.65,2213.0,False,False,False,False,True,False
2026-06-01 14:30:00,OANDA:XAUUSD,4514.645,4514.99,4510.345,4510.74,1673.0,False,False,False,False,False,False
2026-06-01 14:35:00,OANDA:XAUUSD,4510.71,4510.99,4501.67,4504.745,2811.0,False,True,False,True,False,True
2026-06-01 14:40:00,OANDA:XAUUSD,4504.735,4506.275,4503.305,4504.775,2144.0,False,False,False,False,False,False
2026-06-01 14:45:00,OANDA:XAUUSD,4504.78,4504.78,4501.085,4504.73,2644.0,False,False,False,True,False,False
2026-06-01 14:50:00,OANDA:XAUUSD,4504.735,4504.735,4500.32,4503.56,2446.0,False,False,False,True,False,False
2026-06-01 14:55:00,OANDA:XAUUSD,4503.57,4505.09,4500.91,4501.61,2175.0,False,False,False,False,False,False
2026-06-01 15:00:00,OANDA:XAUUSD,4501.57,4508.675,4500.765,4507.795,2431.0,True,False,False,False,True,False
2026-06-01 15:05:00,OANDA:XAUUSD,4507.775,4510.09,4506.365,4506.385,2138.0,False,False,True,False,False,False
2026-06-01 15:10:00,OANDA:XAUUSD,4506.32,4509.79,4505.9,4507.445,1579.0,False,False,False,False,False,False
2026-06-01 15:15:00,OANDA:XAUUSD,4507.45,4508.515,4504.86,4506.92,1512.0,False,False,False,False,False,False
2026-06-01 15:20:00,OANDA:XAUUSD,4506.865,4507.33,4503.43,4505.37,1061.0,False,False,False,False,False,False
2026-06-01 15:25:00,OANDA:XAUUSD,4505.385,4506.205,4503.365,4503.95,1172.0,False,False,False,False,False,False
2026-06-01 15:30:00,OANDA:XAUUSD,4503.995,4507.845,4503.89,4504.76,1371.0,False,False,False,False,False,False
2026-06-01 15:35:00,OANDA:XAUUSD,4504.765,4506.45,4502.665,4503.545,1721.0,False,True,False,True,False,True
2026-06-01 15:40:00,OANDA:XAUUSD,4503.53,4503.755,4497.97,4498.15,1868.0,False,True,False,True,False,True
2026-06-01 15:45:00,OANDA:XAUUSD,4498.17,4500.425,4492.92,4494.59,2761.0,False,True,False,True,False,True
2026-06-01 15:50:00,OANDA:XAUUSD,4494.545,4496.795,4492.59,4495.855,2432.0,False,False,False,True,False,False
2026-06-01 15:55:00,OANDA:XAUUSD,4495.905,4503.35,4495.495,4503.345,1721.0,False,False,False,False,True,False
2026-06-01 16:00:00,OANDA:XAUUSD,4503.325,4504.69,4495.66,4495.885,2104.0,False,False,False,False,False,False
2026-06-01 16:05:00,OANDA:XAUUSD,4495.86,4499.685,4493.7,4494.235,2302.0,False,False,False,False,False,True
2026-06-01 16:10:00,OANDA:XAUUSD,4494.19,4498.86,4493.81,4495.79,1396.0,False,False,False,False,False,False
2026-06-01 16:15:00,OANDA:XAUUSD,4495.74,4496.715,4491.74,4495.055,1756.0,False,False,False,True,False,False
2026-06-01 16:20:00,OANDA:XAUUSD,4495.04,4497.095,4490.45,4492.955,1501.0,False,False,False,True,False,False
2026-06-01 16:25:00,OANDA:XAUUSD,4493.005,4496.445,4492.725,4496.135,1178.0,False,False,False,False,False,False
2026-06-01 16:30:00,OANDA:XAUUSD,4496.11,4496.705,4492.79,4495.975,1275.0,False,False,False,False,False,False
2026-06-01 16:35:00,OANDA:XAUUSD,4495.99,4496.51,4493.27,4494.815,1165.0,False,False,False,False,False,False
2026-06-01 16:40:00,OANDA:XAUUSD,4494.835,4500.57,4492.89,4500.27,1685.0,False,False,True,False,True,False
2026-06-01 16:45:00,OANDA:XAUUSD,4500.02,4502.68,4496.5,4501.35,2044.0,False,False,True,False,True,False
2026-06-01 16:50:00,OANDA:XAUUSD,4501.335,4501.75,4497.135,4497.43,1622.0,False,False,False,False,False,False
2026-06-01 16:55:00,OANDA:XAUUSD,4497.42,4499.86,4495.705,4498.275,2031.0,False,False,False,False,False,False
2026-06-01 17:00:00,OANDA:XAUUSD,4498.27,4501.0,4497.87,4500.73,1771.0,False,False,False,False,True,False
2026-06-01 17:05:00,OANDA:XAUUSD,4500.725,4500.75,4498.41,4499.685,1380.0,False,False,False,False,False,False
2026-06-01 17:10:00,OANDA:XAUUSD,4499.825,4500.365,4498.63,4499.835,1322.0,False,False,False,False,False,False
2026-06-01 17:15:00,OANDA:XAUUSD,4499.84,4505.82,4498.31,4505.72,1884.0,False,False,True,False,True,False
2026-06-01 17:20:00,OANDA:XAUUSD,4505.845,4506.455,4498.765,4499.745,1656.0,False,False,True,False,False,False
2026-06-01 17:25:00,OANDA:XAUUSD,4499.69,4499.9,4496.455,4496.455,1801.0,False,True,False,True,False,True
2026-06-01 17:30:00,OANDA:XAUUSD,4496.465,4497.43,4489.095,4490.95,3162.0,False,False,False,True,False,True
2026-06-01 17:35:00,OANDA:XAUUSD,4491.055,4498.23,4490.945,4498.09,2405.0,False,False,False,False,True,False
2026-06-01 17:40:00,OANDA:XAUUSD,4498.155,4499.505,4494.915,4498.585,1769.0,False,False,False,False,True,False
2026-06-01 17:45:00,OANDA:XAUUSD,4498.525,4498.74,4493.87,4495.57,2101.0,False,False,False,False,False,False
2026-06-01 17:50:00,OANDA:XAUUSD,4495.575,4498.69,4494.25,4498.085,1975.0,False,False,False,False,False,False
2026-06-01 17:55:00,OANDA:XAUUSD,4498.09,4498.115,4494.505,4495.945,1324.0,False,False,False,False,False,False
2026-06-01 18:00:00,OANDA:XAUUSD,4495.95,4498.865,4495.95,4498.13,1912.0,False,False,False,False,True,False
2026-06-01 18:05:00,OANDA:XAUUSD,4498.12,4501.2,4496.29,4500.23,1772.0,True,False,True,False,True,False
2026-06-01 18:10:00,OANDA:XAUUSD,4500.185,4502.22,4499.735,4501.505,1300.0,False,False,True,False,True,False
2026-06-01 18:15:00,OANDA:XAUUSD,4501.635,4502.13,4499.675,4500.42,1336.0,False,False,False,False,False,False
2026-06-01 18:20:00,OANDA:XAUUSD,4500.415,4500.8,4496.26,4500.66,1599.0,False,False,False,False,False,False
2026-06-01 18:25:00,OANDA:XAUUSD,4500.675,4503.675,4500.565,4501.1,910.0,False,False,True,False,True,False
2026-06-01 18:30:00,OANDA:XAUUSD,4501.15,4505.43,4500.75,4504.97,1391.0,False,False,True,False,True,False
2026-06-01 18:35:00,OANDA:XAUUSD,4505.0,4506.76,4503.065,4503.18,1723.0,False,False,True,False,False,False
2026-06-01 18:40:00,OANDA:XAUUSD,4503.24,4507.52,4503.24,4506.04,1616.0,False,False,True,False,False,False
2026-06-01 18:45:00,OANDA:XAUUSD,4506.08,4510.645,4505.46,4509.32,1452.0,False,False,True,False,True,False
2026-06-01 18:50:00,OANDA:XAUUSD,4509.245,4511.15,4507.09,4507.505,1629.0,False,False,True,False,False,False
2026-06-01 18:55:00,OANDA:XAUUSD,4507.52,4507.66,4502.74,4504.125,1826.0,False,True,False,False,False,True
2026-06-01 19:00:00,OANDA:XAUUSD,4504.11,4506.79,4500.32,4500.32,2249.0,False,False,False,True,False,True
2026-06-01 19:05:00,OANDA:XAUUSD,4500.355,4505.86,4499.94,4505.745,1836.0,False,False,False,True,False,False
2026-06-01 19:10:00,OANDA:XAUUSD,4505.735,4505.735,4503.32,4504.915,1434.0,False,False,False,False,False,False
2026-06-01 19:15:00,OANDA:XAUUSD,4504.925,4509.93,4504.21,4509.86,1473.0,True,False,False,False,True,False
2026-06-01 19:20:00,OANDA:XAUUSD,4509.83,4513.08,4508.725,4508.785,1818.0,False,False,True,False,False,False
2026-06-01 19:25:00,OANDA:XAUUSD,4508.795,4512.005,4507.865,4510.7,1281.0,False,False,False,False,False,False
2026-06-01 19:30:00,OANDA:XAUUSD,4510.675,4512.425,4506.65,4506.805,1344.0,False,False,False,False,False,True
2026-06-01 19:35:00,OANDA:XAUUSD,4506.81,4511.08,4506.26,4510.21,1526.0,False,False,False,False,False,False
2026-06-01 19:40:00,OANDA:XAUUSD,4510.185,4510.855,4506.57,4507.295,2060.0,False,False,False,False,False,False
2026-06-01 19:45:00,OANDA:XAUUSD,4507.26,4509.845,4506.8,4508.68,1599.0,False,False,False,False,False,False
2026-06-01 19:50:00,OANDA:XAUUSD,4508.635,4508.675,4506.45,4507.66,1713.0,False,False,False,False,False,False
2026-06-01 19:55:00,OANDA:XAUUSD,4507.6,4508.16,4505.455,4505.895,1755.0,False,False,False,True,False,True
2026-06-01 20:00:00,OANDA:XAUUSD,4505.915,4507.11,4503.46,4506.105,2118.0,False,False,False,True,False,False
2026-06-01 20:05:00,OANDA:XAUUSD,4506.095,4509.3,4506.095,4507.735,1630.0,False,False,False,False,True,False
2026-06-01 20:10:00,OANDA:XAUUSD,4507.715,4509.715,4503.115,4503.505,1606.0,False,True,False,True,False,True
2026-06-01 20:15:00,OANDA:XAUUSD,4503.395,4505.86,4501.28,4503.495,1709.0,False,False,False,True,False,False
2026-06-01 20:20:00,OANDA:XAUUSD,4503.355,4503.48,4497.62,4501.945,2300.0,False,False,False,True,False,False
2026-06-01 20:25:00,OANDA:XAUUSD,4501.995,4507.865,4501.705,4505.675,2624.0,False,False,False,False,True,False
2026-06-01 20:30:00,OANDA:XAUUSD,4505.695,4505.73,4497.885,4501.21,2580.0,False,False,False,False,False,True
2026-06-01 20:35:00,OANDA:XAUUSD,4501.195,4503.64,4499.245,4503.44,1526.0,False,False,False,False,False,False
2026-06-01 20:40:00,OANDA:XAUUSD,4503.51,4508.38,4499.18,4507.365,2112.0,True,False,True,False,True,False
2026-06-01 20:45:00,OANDA:XAUUSD,4507.32,4510.55,4505.72,4506.975,3075.0,False,False,True,False,False,False
2026-06-01 20:50:00,OANDA:XAUUSD,4506.94,4508.63,4505.25,4505.82,1620.0,False,False,False,False,False,False
2026-06-01 20:55:00,OANDA:XAUUSD,4505.9,4506.27,4498.655,4502.215,1544.0,False,True,False,False,False,True
2026-06-01 21:00:00,OANDA:XAUUSD,4502.265,4503.985,4495.735,4501.9,5215.0,False,False,False,True,False,False
2026-06-01 21:05:00,OANDA:XAUUSD,4501.905,4502.535,4496.415,4501.265,2267.0,False,False,False,False,False,False
2026-06-01 21:10:00,OANDA:XAUUSD,4501.175,4501.245,4472.465,4484.35,11886.0,False,True,False,True,False,True
2026-06-01 21:15:00,OANDA:XAUUSD,4484.45,4489.79,4479.62,4482.3,7885.0,False,False,False,False,False,False
2026-06-01 21:20:00,OANDA:XAUUSD,4482.29,4483.155,4464.06,4466.16,11385.0,False,True,False,True,False,True
2026-06-01 21:25:00,OANDA:XAUUSD,4466.21,4469.375,4462.51,4464.87,8545.0,False,False,False,True,False,False
2026-06-01 21:30:00,OANDA:XAUUSD,4464.855,4470.255,4459.17,4466.3,10805.0,False,False,False,True,False,False
2026-06-01 21:35:00,OANDA:XAUUSD,4466.27,4478.78,4462.775,4473.1,8863.0,False,False,False,False,True,False
2026-06-01 21:40:00,OANDA:XAUUSD,4473.075,4474.25,4465.435,4467.28,6035.0,False,False,False,False,False,False
2026-06-01 21:45:00,OANDA:XAUUSD,4467.31,4469.805,4463.36,4464.615,6547.0,False,False,False,False,False,True
2026-06-01 21:50:00,OANDA:XAUUSD,4464.545,4465.71,4452.61,4454.615,9187.0,False,True,False,True,False,True
2026-06-01 21:55:00,OANDA:XAUUSD,4454.645,4455.57,4448.35,4450.745,7093.0,False,False,False,True,False,True
2026-06-01 22:00:00,OANDA:XAUUSD,4449.595,4454.71,4447.86,4454.71,8346.0,False,False,False,True,False,False
2026-06-01 22:05:00,OANDA:XAUUSD,4454.585,4461.61,4449.615,4460.485,7224.0,True,False,False,False,True,False
2026-06-01 22:10:00,OANDA:XAUUSD,4460.45,4462.17,4456.275,4461.26,6201.0,False,False,False,False,False,False
2026-06-01 22:15:00,OANDA:XAUUSD,4461.25,4464.845,4454.3,4457.51,7158.0,False,False,False,False,False,False
2026-06-01 22:20:00,OANDA:XAUUSD,4457.515,4461.905,4455.135,4455.41,4804.0,False,False,False,False,False,False
2026-06-01 22:25:00,OANDA:XAUUSD,4455.475,4456.355,4449.91,4456.275,3839.0,False,False,False,False,False,False
2026-06-01 22:30:00,OANDA:XAUUSD,4456.19,4460.605,4453.94,4458.675,4428.0,False,False,False,False,True,False
2026-06-01 22:35:00,OANDA:XAUUSD,4458.48,4460.525,4454.28,4455.65,3283.0,False,False,False,False,False,False
2026-06-01 22:40:00,OANDA:XAUUSD,4455.665,4461.7,4455.345,4460.155,3686.0,False,False,False,False,False,False
2026-06-01 22:45:00,OANDA:XAUUSD,4460.16,4461.415,4453.735,4454.945,3327.0,False,False,False,False,False,True
2026-06-01 22:50:00,OANDA:XAUUSD,4454.97,4456.775,4452.4,4456.195,4050.0,False,False,False,False,False,False
2026-06-01 22:55:00,OANDA:XAUUSD,4456.2,4459.18,4455.105,4458.81,4047.0,True,False,False,False,True,False
2026-06-01 23:00:00,OANDA:XAUUSD,4458.83,4462.4,4457.69,4460.36,3047.0,False,False,True,False,True,False
2026-06-01 23:05:00,OANDA:XAUUSD,4460.34,4465.41,4455.595,4462.7,4051.0,False,False,True,False,True,False
2026-06-01 23:10:00,OANDA:XAUUSD,4462.555,4465.33,4460.77,4464.255,2819.0,False,False,False,False,False,False
2026-06-01 23:15:00,OANDA:XAUUSD,4464.335,4467.245,4463.36,4465.355,3682.0,False,False,True,False,True,False
2026-06-01 23:20:00,OANDA:XAUUSD,4465.38,4467.925,4464.08,4467.12,2264.0,False,False,True,False,False,False
2026-06-01 23:25:00,OANDA:XAUUSD,4467.23,4470.41,4465.915,4468.42,2378.0,True,False,True,False,True,False
2026-06-01 23:30:00,OANDA:XAUUSD,4468.33,4479.045,4468.13,4477.18,6626.0,True,False,True,False,True,False
2026-06-01 23:35:00,OANDA:XAUUSD,4477.165,4479.885,4474.04,4476.8,4687.0,False,False,True,False,False,False
2026-06-01 23:40:00,OANDA:XAUUSD,4476.74,4477.485,4471.265,4472.275,2113.0,False,False,False,False,False,True
2026-06-01 23:45:00,OANDA:XAUUSD,4472.3,4474.815,4468.755,4469.88,2200.0,False,False,False,False,False,True
2026-06-01 23:50:00,OANDA:XAUUSD,4470.1,4472.26,4469.075,4471.33,1693.0,False,False,False,False,False,False
2026-06-01 23:55:00,OANDA:XAUUSD,4471.28,4475.465,4471.28,4474.29,1382.0,True,False,False,False,True,False
2026-06-02 00:00:00,OANDA:XAUUSD,4474.16,4478.51,4472.74,4473.575,3166.0,False,False,False,False,False,False
2026-06-02 00:05:00,OANDA:XAUUSD,4473.51,4474.465,4468.255,4468.84,2278.0,False,True,False,True,False,True
2026-06-02 00:10:00,OANDA:XAUUSD,4468.83,4468.965,4465.27,4467.27,2778.0,False,True,False,True,False,True
2026-06-02 00:15:00,OANDA:XAUUSD,4467.25,4467.65,4463.07,4466.73,2132.0,False,False,False,True,False,False
2026-06-02 00:20:00,OANDA:XAUUSD,4466.735,4468.735,4464.67,4468.295,2487.0,False,False,False,False,True,False
2026-06-02 00:25:00,OANDA:XAUUSD,4468.28,4469.77,4466.745,4467.995,2473.0,False,False,False,False,False,False
2026-06-02 00:30:00,OANDA:XAUUSD,4468.03,4472.02,4467.975,4469.55,2718.0,False,False,False,False,False,False
2026-06-02 00:35:00,OANDA:XAUUSD,4469.545,4471.08,4467.85,4469.275,2298.0,False,False,False,False,False,False
2026-06-02 00:40:00,OANDA:XAUUSD,4469.205,4470.11,4467.855,4468.215,1360.0,False,False,False,False,False,False
2026-06-02 00:45:00,OANDA:XAUUSD,4468.135,4472.025,4467.57,4471.99,2132.0,True,False,True,False,True,False
2026-06-02 00:50:00,OANDA:XAUUSD,4471.93,4480.915,4471.85,4480.14,4322.0,True,False,True,False,True,False
2026-06-02 00:55:00,OANDA:XAUUSD,4480.15,4482.27,4478.76,4480.17,4142.0,False,False,True,False,False,False
2026-06-02 01:00:00,OANDA:XAUUSD,4480.23,4481.085,4475.6,4476.39,2846.0,False,True,False,False,False,True
2026-06-02 01:05:00,OANDA:XAUUSD,4476.405,4477.46,4471.58,4473.615,1454.0,False,False,False,False,False,True
2026-06-02 01:10:00,OANDA:XAUUSD,4473.6,4476.14,4473.365,4475.14,1427.0,False,False,False,False,False,False
2026-06-02 01:15:00,OANDA:XAUUSD,4475.13,4475.85,4473.445,4475.85,2173.0,False,False,False,False,False,False
2026-06-02 01:20:00,OANDA:XAUUSD,4475.86,4476.695,4474.125,4475.19,2380.0,False,False,False,False,False,False
2026-06-02 01:25:00,OANDA:XAUUSD,4475.18,4482.905,4472.485,4482.87,2968.0,True,False,True,False,True,False
2026-06-02 01:30:00,OANDA:XAUUSD,4482.905,4485.66,4480.55,4481.4,6249.0,False,False,True,False,False,False
2026-06-02 01:35:00,OANDA:XAUUSD,4481.39,4484.465,4480.735,4482.925,2836.0,False,False,False,False,False,False
2026-06-02 01:40:00,OANDA:XAUUSD,4482.92,4491.685,4482.92,4491.675,4977.0,True,False,True,False,True,False
2026-06-02 01:45:00,OANDA:XAUUSD,4491.685,4495.54,4491.15,4491.48,4466.0,False,False,True,False,False,False
2026-06-02 01:50:00,OANDA:XAUUSD,4491.505,4492.09,4489.17,4491.51,3356.0,False,False,False,False,False,False
2026-06-02 01:55:00,OANDA:XAUUSD,4491.56,4491.805,4487.375,4487.46,1968.0,False,True,False,False,False,True
2026-06-02 02:00:00,OANDA:XAUUSD,4487.455,4488.51,4486.395,4487.025,2023.0,False,False,False,False,False,True
2026-06-02 02:05:00,OANDA:XAUUSD,4487.015,4490.24,4486.67,4489.785,1952.0,False,False,False,False,True,False
2026-06-02 02:10:00,OANDA:XAUUSD,4489.775,4490.035,4488.115,4488.725,1396.0,False,False,False,False,False,False
2026-06-02 02:15:00,OANDA:XAUUSD,4488.69,4489.45,4486.905,4489.295,1001.0,False,False,False,False,False,False
2026-06-02 02:20:00,OANDA:XAUUSD,4489.305,4490.2,4488.605,4489.225,1168.0,False,False,False,False,False,False
2026-06-02 02:25:00,OANDA:XAUUSD,4489.215,4489.24,4486.535,4486.725,1023.0,False,True,False,False,False,True
2026-06-02 02:30:00,OANDA:XAUUSD,4486.86,4487.36,4484.915,4486.145,1170.0,False,False,False,True,False,True
2026-06-02 02:35:00,OANDA:XAUUSD,4486.13,4487.305,4485.815,4486.085,1264.0,False,False,False,False,False,False
2026-06-02 02:40:00,OANDA:XAUUSD,4486.08,4488.16,4485.755,4487.92,1344.0,True,False,False,False,True,False
2026-06-02 02:45:00,OANDA:XAUUSD,4487.915,4488.64,4487.515,4488.615,1031.0,False,False,False,False,True,False
2026-06-02 02:50:00,OANDA:XAUUSD,4488.62,4488.62,4487.12,4487.17,1239.0,False,False,False,False,False,True
2026-06-02 02:55:00,OANDA:XAUUSD,4487.19,4488.615,4486.59,4486.73,1197.0,False,False,False,False,False,True
2026-06-02 03:00:00,OANDA:XAUUSD,4486.605,4488.245,4485.225,4487.865,1368.0,False,False,False,True,False,False
2026-06-02 03:05:00,OANDA:XAUUSD,4487.855,4488.11,4484.835,4485.29,1125.0,False,False,False,True,False,False
2026-06-02 03:10:00,OANDA:XAUUSD,4485.285,4487.335,4485.285,4485.485,1392.0,False,False,False,False,False,False
2026-06-02 03:15:00,OANDA:XAUUSD,4485.5,4486.73,4484.75,4486.04,1439.0,False,False,False,True,False,False
2026-06-02 03:20:00,OANDA:XAUUSD,4486.045,4486.685,4485.09,4485.8,1309.0,False,False,False,False,False,False
2026-06-02 03:25:00,OANDA:XAUUSD,4485.785,4486.19,4484.325,4484.695,960.0,False,False,False,True,False,True
2026-06-02 03:30:00,OANDA:XAUUSD,4484.69,4485.68,4483.68,4483.945,975.0,False,False,False,True,False,True
2026-06-02 03:35:00,OANDA:XAUUSD,4483.995,4485.585,4483.165,4484.46,1029.0,False,False,False,True,False,False
2026-06-02 03:40:00,OANDA:XAUUSD,4484.455,4485.525,4483.28,4483.435,1319.0,False,False,False,False,False,False
2026-06-02 03:45:00,OANDA:XAUUSD,4483.485,4484.345,4482.92,4483.615,1761.0,False,False,False,True,False,False
2026-06-02 03:50:00,OANDA:XAUUSD,4483.775,4483.985,4479.925,4480.25,2291.0,False,True,False,True,False,True
2026-06-02 03:55:00,OANDA:XAUUSD,4480.235,4481.29,4479.16,4481.265,2564.0,False,False,False,True,False,False
2026-06-02 04:00:00,OANDA:XAUUSD,4481.29,4483.96,4480.26,4482.925,1214.0,True,False,False,False,True,False
2026-06-02 04:05:00,OANDA:XAUUSD,4482.93,4484.415,4482.68,4483.52,833.0,False,False,False,False,False,False
2026-06-02 04:10:00,OANDA:XAUUSD,4483.525,4484.08,4482.545,4483.59,642.0,False,False,False,False,False,False
2026-06-02 04:15:00,OANDA:XAUUSD,4483.605,4484.415,4482.96,4482.96,569.0,False,False,False,False,False,False
2026-06-02 04:20:00,OANDA:XAUUSD,4482.975,4483.265,4482.2,4482.655,525.0,False,False,False,False,False,True
2026-06-02 04:25:00,OANDA:XAUUSD,4482.675,4483.75,4482.475,4483.25,433.0,False,False,False,False,False,False
2026-06-02 04:30:00,OANDA:XAUUSD,4483.285,4484.765,4482.2,4484.675,391.0,False,False,True,False,True,False
2026-06-02 04:35:00,OANDA:XAUUSD,4484.695,4484.795,4483.215,4484.07,307.0,False,False,True,False,False,False
2026-06-02 04:40:00,OANDA:XAUUSD,4483.88,4484.77,4482.515,4482.645,431.0,False,False,False,False,False,True
2026-06-02 04:45:00,OANDA:XAUUSD,4482.615,4484.08,4481.335,4484.03,513.0,False,False,False,True,False,False
2026-06-02 04:50:00,OANDA:XAUUSD,4484.07,4484.375,4482.495,4483.265,291.0,False,False,False,False,False,False
2026-06-02 04:55:00,OANDA:XAUUSD,4483.28,4485.89,4482.71,4484.725,506.0,False,False,True,False,True,False
2026-06-02 06:00:00,OANDA:XAUUSD,4483.385,4483.52,4483.005,4483.135,24.0,False,False,False,False,False,False
2026-06-02 06:05:00,OANDA:XAUUSD,4483.19,4483.64,4481.705,4482.415,789.0,False,False,False,False,False,True
2026-06-02 06:10:00,OANDA:XAUUSD,4482.38,4484.675,4482.07,4484.51,646.0,True,False,False,False,True,False
2026-06-02 06:15:00,OANDA:XAUUSD,4484.505,4485.24,4483.87,4484.265,705.0,False,False,False,False,False,False
2026-06-02 06:20:00,OANDA:XAUUSD,4484.28,4485.005,4481.74,4482.74,813.0,False,False,False,False,False,True
2026-06-02 06:25:00,OANDA:XAUUSD,4482.76,4484.005,4481.4,4481.485,809.0,False,False,False,True,False,True
2026-06-02 06:30:00,OANDA:XAUUSD,4481.48,4483.4,4481.345,4481.37,422.0,False,False,False,True,False,True
2026-06-02 06:35:00,OANDA:XAUUSD,4481.375,4482.87,4479.755,4482.76,700.0,False,False,False,True,False,False
2026-06-02 06:40:00,OANDA:XAUUSD,4482.775,4483.695,4481.075,4481.545,736.0,False,False,False,False,False,False
2026-06-02 06:45:00,OANDA:XAUUSD,4481.555,4485.725,4481.515,4484.08,569.0,False,False,True,False,True,False
2026-06-02 06:50:00,OANDA:XAUUSD,4484.1,4484.705,4483.405,4483.845,591.0,False,False,False,False,False,False
2026-06-02 06:55:00,OANDA:XAUUSD,4483.835,4486.67,4483.785,4485.765,1052.0,False,False,True,False,True,False
2026-06-02 07:00:00,OANDA:XAUUSD,4485.755,4487.95,4481.74,4486.205,1307.0,False,False,True,False,False,False
2026-06-02 07:05:00,OANDA:XAUUSD,4486.22,4486.28,4484.75,4485.22,615.0,False,False,False,False,False,False
2026-06-02 07:10:00,OANDA:XAUUSD,4485.235,4486.415,4485.115,4486.085,719.0,False,False,False,False,False,False
2026-06-02 07:15:00,OANDA:XAUUSD,4486.065,4488.02,4485.985,4486.57,704.0,False,False,True,False,True,False
2026-06-02 07:20:00,OANDA:XAUUSD,4486.64,4487.685,4485.45,4487.685,554.0,False,False,False,False,False,False
2026-06-02 07:25:00,OANDA:XAUUSD,4487.675,4488.345,4487.07,4487.205,560.0,False,False,True,False,False,False
2026-06-02 07:30:00,OANDA:XAUUSD,4487.24,4487.5,4484.65,4484.685,1018.0,False,True,False,True,False,True
2026-06-02 07:35:00,OANDA:XAUUSD,4484.65,4485.535,4480.545,4484.515,1267.0,False,False,False,True,False,True
2026-06-02 07:40:00,OANDA:XAUUSD,4484.51,4486.74,4483.375,4483.42,851.0,False,False,False,False,False,False
2026-06-02 07:45:00,OANDA:XAUUSD,4483.37,4483.385,4479.21,4481.0,1359.0,False,False,False,True,False,True
2026-06-02 07:50:00,OANDA:XAUUSD,4480.975,4484.965,4480.935,4484.815,1207.0,True,False,False,False,True,False
2026-06-02 07:55:00,OANDA:XAUUSD,4484.795,4485.94,4483.975,4484.475,797.0,False,False,False,False,False,False
2026-06-02 08:00:00,OANDA:XAUUSD,4484.545,4485.235,4481.5,4484.495,2331.0,False,False,False,False,False,False
2026-06-02 08:05:00,OANDA:XAUUSD,4484.515,4485.265,4476.91,4478.59,2973.0,False,False,False,True,False,True
2026-06-02 08:10:00,OANDA:XAUUSD,4478.595,4481.79,4478.355,4481.33,2061.0,False,False,False,False,False,False
2026-06-02 08:15:00,OANDA:XAUUSD,4481.325,4485.865,4481.135,4485.38,2468.0,True,False,False,False,True,False
2026-06-02 08:20:00,OANDA:XAUUSD,4485.42,4489.87,4484.325,4489.8,2105.0,True,False,True,False,True,False
2026-06-02 08:25:00,OANDA:XAUUSD,4489.69,4493.92,4488.645,4493.835,2243.0,False,False,True,False,True,False
2026-06-02 08:30:00,OANDA:XAUUSD,4493.79,4497.135,4488.94,4489.33,1818.0,False,False,True,False,False,False
2026-06-02 08:35:00,OANDA:XAUUSD,4489.39,4491.55,4488.635,4489.205,1212.0,False,False,False,False,False,False
2026-06-02 08:40:00,OANDA:XAUUSD,4489.25,4489.48,4485.065,4487.125,1861.0,False,True,False,False,False,True
2026-06-02 08:45:00,OANDA:XAUUSD,4487.12,4487.775,4480.83,4481.47,2170.0,False,True,False,True,False,True
2026-06-02 08:50:00,OANDA:XAUUSD,4481.435,4484.205,4481.155,4481.98,1645.0,False,False,False,False,False,False
2026-06-02 08:55:00,OANDA:XAUUSD,4481.835,4484.345,4480.915,4481.545,1828.0,False,False,False,False,False,False
2026-06-02 09:00:00,OANDA:XAUUSD,4481.45,4487.03,4473.8,4481.97,5425.0,False,False,False,True,False,False
2026-06-02 09:05:00,OANDA:XAUUSD,4481.985,4486.26,4479.325,4479.51,3363.0,False,False,False,False,False,False
2026-06-02 09:10:00,OANDA:XAUUSD,4479.56,4491.885,4478.9,4489.93,3801.0,False,False,True,False,True,False
2026-06-02 09:15:00,OANDA:XAUUSD,4489.875,4490.11,4481.82,4486.515,4414.0,False,False,False,False,False,False
2026-06-02 09:20:00,OANDA:XAUUSD,4486.505,4488.455,4481.15,4483.355,3550.0,False,False,False,False,False,False
2026-06-02 09:25:00,OANDA:XAUUSD,4483.38,4492.49,4483.33,4486.595,3496.0,False,False,True,False,False,False
2026-06-02 09:30:00,OANDA:XAUUSD,4486.585,4489.395,4486.0,4487.105,3198.0,False,False,False,False,False,False
2026-06-02 09:35:00,OANDA:XAUUSD,4487.11,4489.285,4481.1,4481.985,3007.0,False,True,False,False,False,True
2026-06-02 09:40:00,OANDA:XAUUSD,4481.91,4485.575,4479.595,4480.05,2381.0,False,False,False,True,False,True
2026-06-02 09:45:00,OANDA:XAUUSD,4479.96,4482.485,4471.855,4475.31,3146.0,False,True,False,True,False,True
2026-06-02 09:50:00,OANDA:XAUUSD,4475.36,4476.115,4463.01,4473.545,3655.0,False,False,False,True,False,False
2026-06-02 09:55:00,OANDA:XAUUSD,4473.53,4477.305,4471.475,4474.03,3853.0,False,False,False,False,False,False
2026-06-02 10:00:00,OANDA:XAUUSD,4474.0,4481.355,4472.615,4473.73,3892.0,False,False,False,False,False,False
2026-06-02 10:05:00,OANDA:XAUUSD,4473.745,4475.17,4472.265,4474.875,2445.0,False,False,False,False,False,False
2026-06-02 10:10:00,OANDA:XAUUSD,4474.825,4481.045,4473.99,4480.835,2087.0,True,False,False,False,True,False
2026-06-02 10:15:00,OANDA:XAUUSD,4480.84,4482.105,4478.82,4481.305,1590.0,True,False,True,False,True,False
2026-06-02 10:20:00,OANDA:XAUUSD,4481.185,4484.875,4481.185,4484.065,1450.0,False,False,True,False,True,False
2026-06-02 10:25:00,OANDA:XAUUSD,4484.025,4484.69,4481.49,4481.785,1588.0,False,False,False,False,False,False
2026-06-02 10:30:00,OANDA:XAUUSD,4481.77,4485.655,4479.875,4481.315,2435.0,False,False,True,False,False,True
2026-06-02 10:35:00,OANDA:XAUUSD,4481.32,4484.16,4478.865,4478.985,1979.0,False,True,False,False,False,True
2026-06-02 10:40:00,OANDA:XAUUSD,4479.005,4479.305,4474.51,4476.57,2168.0,False,True,False,True,False,True
2026-06-02 10:45:00,OANDA:XAUUSD,4476.58,4478.08,4473.535,4474.705,1877.0,False,False,False,True,False,False
2026-06-02 10:50:00,OANDA:XAUUSD,4474.655,4480.09,4474.325,4478.965,1483.0,True,False,False,False,True,False
2026-06-02 10:55:00,OANDA:XAUUSD,4478.935,4486.78,4478.92,4486.065,1275.0,True,False,True,False,True,False
2026-06-02 11:00:00,OANDA:XAUUSD,4486.05,4492.81,4485.835,4488.05,1814.0,False,False,True,False,True,False
2026-06-02 11:05:00,OANDA:XAUUSD,4488.02,4489.485,4485.785,4486.53,1395.0,False,False,False,False,False,False
2026-06-02 11:10:00,OANDA:XAUUSD,4486.535,4489.385,4486.21,4488.28,1297.0,False,False,False,False,False,False
2026-06-02 11:15:00,OANDA:XAUUSD,4488.255,4491.35,4488.175,4489.92,1006.0,False,False,False,False,True,False
2026-06-02 11:20:00,OANDA:XAUUSD,4490.015,4490.13,4485.815,4490.13,1395.0,False,False,False,False,False,False
2026-06-02 11:25:00,OANDA:XAUUSD,4490.095,4497.76,4489.67,4495.27,2027.0,True,False,True,False,True,False
2026-06-02 11:30:00,OANDA:XAUUSD,4495.265,4499.43,4493.0,4493.96,2435.0,False,False,True,False,False,False
2026-06-02 11:35:00,OANDA:XAUUSD,4493.95,4498.845,4493.805,4494.77,1633.0,False,False,False,False,False,False
2026-06-02 11:40:00,OANDA:XAUUSD,4494.79,4497.535,4494.425,4497.315,1084.0,False,False,False,False,False,False
2026-06-02 11:45:00,OANDA:XAUUSD,4497.12,4499.41,4495.56,4498.07,1388.0,False,False,False,False,True,False
2026-06-02 11:50:00,OANDA:XAUUSD,4497.915,4498.625,4497.035,4497.37,1203.0,False,False,False,False,False,False
2026-06-02 11:55:00,OANDA:XAUUSD,4497.375,4499.445,4497.375,4499.425,614.0,False,False,True,False,True,False
2026-06-02 12:00:00,OANDA:XAUUSD,4499.43,4501.68,4497.915,4500.28,1375.0,True,False,True,False,True,False
2026-06-02 12:05:00,OANDA:XAUUSD,4500.3,4503.215,4500.26,4502.315,1044.0,True,False,True,False,True,False
2026-06-02 12:10:00,OANDA:XAUUSD,4502.32,4505.565,4502.305,4504.8,1033.0,True,False,True,False,True,False
2026-06-02 12:15:00,OANDA:XAUUSD,4504.75,4510.145,4504.155,4507.88,1741.0,False,False,True,False,True,False
2026-06-02 12:20:00,OANDA:XAUUSD,4507.875,4508.205,4505.34,4505.645,1444.0,False,False,False,False,False,False
2026-06-02 12:25:00,OANDA:XAUUSD,4505.72,4506.07,4504.21,4504.67,1408.0,False,False,False,False,False,True
2026-06-02 12:30:00,OANDA:XAUUSD,4504.62,4508.055,4503.52,4507.77,1664.0,True,False,False,False,True,False
2026-06-02 12:35:00,OANDA:XAUUSD,4507.795,4509.2,4507.365,4509.005,1558.0,True,False,False,False,True,False
2026-06-02 12:40:00,OANDA:XAUUSD,4509.0,4511.17,4508.53,4510.375,1348.0,True,False,True,False,True,False
2026-06-02 12:45:00,OANDA:XAUUSD,4510.325,4516.09,4510.0,4512.6,1468.0,True,False,True,False,True,False
2026-06-02 12:50:00,OANDA:XAUUSD,4512.72,4514.53,4511.88,4513.0,1121.0,False,False,False,False,False,False
2026-06-02 12:55:00,OANDA:XAUUSD,4512.985,4518.4,4512.9,4517.45,1323.0,True,False,True,False,True,False
2026-06-02 13:00:00,OANDA:XAUUSD,4517.44,4518.29,4515.79,4515.87,1243.0,False,False,False,False,False,False
2026-06-02 13:05:00,OANDA:XAUUSD,4515.865,4517.69,4515.545,4515.875,1203.0,False,False,False,False,False,False
2026-06-02 13:10:00,OANDA:XAUUSD,4515.895,4518.92,4515.1,4518.735,1081.0,False,False,True,False,True,False
2026-06-02 13:15:00,OANDA:XAUUSD,4518.785,4519.81,4517.3,4518.725,1575.0,False,False,True,False,False,False
2026-06-02 13:20:00,OANDA:XAUUSD,4518.855,4520.8,4517.9,4518.9,1448.0,False,False,True,False,False,False
2026-06-02 13:25:00,OANDA:XAUUSD,4518.905,4521.915,4516.81,4519.89,1687.0,False,False,True,False,False,False
2026-06-02 13:30:00,OANDA:XAUUSD,4519.955,4526.89,4519.78,4526.46,3979.0,True,False,True,False,True,False
2026-06-02 13:35:00,OANDA:XAUUSD,4526.165,4528.26,4523.225,4523.56,2346.0,False,False,True,False,False,False
2026-06-02 13:40:00,OANDA:XAUUSD,4523.585,4526.89,4522.835,4524.655,1682.0,False,False,False,False,False,False
2026-06-02 13:45:00,OANDA:XAUUSD,4524.65,4526.38,4522.03,4523.65,1325.0,False,False,False,False,False,False
2026-06-02 13:50:00,OANDA:XAUUSD,4523.635,4523.955,4518.455,4519.715,1644.0,False,True,False,False,False,True
2026-06-02 13:55:00,OANDA:XAUUSD,4519.725,4519.83,4516.3,4517.195,1575.0,False,False,False,True,False,True
2026-06-02 14:00:00,OANDA:XAUUSD,4517.145,4520.895,4517.07,4520.76,2362.0,True,False,False,False,True,False
2026-06-02 14:05:00,OANDA:XAUUSD,4520.79,4525.0,4520.44,4521.065,2182.0,False,False,False,False,True,False
2026-06-02 14:10:00,OANDA:XAUUSD,4521.105,4522.96,4518.915,4519.11,2209.0,False,False,False,False,False,True
2026-06-02 14:15:00,OANDA:XAUUSD,4519.025,4524.355,4518.05,4520.42,2284.0,False,False,False,False,False,False
2026-06-02 14:20:00,OANDA:XAUUSD,4520.46,4530.85,4520.46,4529.345,2595.0,True,False,True,False,True,False
2026-06-02 14:25:00,OANDA:XAUUSD,4529.36,4534.035,4525.975,4533.12,2833.0,True,False,True,False,True,False
2026-06-02 14:30:00,OANDA:XAUUSD,4533.13,4537.17,4533.13,4535.485,2702.0,False,False,True,False,True,False
2026-06-02 14:35:00,OANDA:XAUUSD,4535.43,4538.455,4533.82,4534.075,2885.0,False,False,True,False,False,False
2026-06-02 14:40:00,OANDA:XAUUSD,4534.06,4534.6,4531.87,4532.91,2072.0,False,False,False,False,False,True
2026-06-02 14:45:00,OANDA:XAUUSD,4532.875,4535.835,4532.555,4533.78,1675.0,False,False,False,False,False,False
2026-06-02 14:50:00,OANDA:XAUUSD,4533.775,4534.33,4532.08,4533.035,1123.0,False,False,False,False,False,False
2026-06-02 14:55:00,OANDA:XAUUSD,4533.01,4536.91,4532.785,4535.945,1767.0,False,False,False,False,True,False
2026-06-02 15:00:00,OANDA:XAUUSD,4535.765,4537.92,4533.24,4536.23,2426.0,False,False,False,False,False,False
2026-06-02 15:05:00,OANDA:XAUUSD,4536.225,4538.28,4534.11,4538.075,2064.0,True,False,True,False,True,False
2026-06-02 15:10:00,OANDA:XAUUSD,4538.075,4541.63,4537.95,4540.05,1934.0,False,False,True,False,True,False
2026-06-02 15:15:00,OANDA:XAUUSD,4540.035,4540.67,4537.63,4539.38,2030.0,False,False,False,False,False,False
2026-06-02 15:20:00,OANDA:XAUUSD,4539.375,4539.375,4536.615,4536.81,1700.0,False,True,False,False,False,True
2026-06-02 15:25:00,OANDA:XAUUSD,4536.83,4537.25,4533.43,4534.11,1667.0,False,True,False,False,False,True
2026-06-02 15:30:00,OANDA:XAUUSD,4534.175,4535.425,4531.985,4533.815,1367.0,False,False,False,True,False,False
2026-06-02 15:35:00,OANDA:XAUUSD,4533.865,4534.23,4531.91,4532.965,998.0,False,False,False,True,False,False
2026-06-02 15:40:00,OANDA:XAUUSD,4533.0,4534.885,4531.17,4531.945,1474.0,False,False,False,True,False,False
2026-06-02 15:45:00,OANDA:XAUUSD,4531.93,4532.455,4530.135,4531.735,1595.0,False,False,False,True,False,False
2026-06-02 15:50:00,OANDA:XAUUSD,4531.625,4532.135,4528.085,4530.715,1443.0,False,False,False,True,False,False
2026-06-02 15:55:00,OANDA:XAUUSD,4530.705,4535.505,4530.705,4535.14,1898.0,True,False,True,False,True,False
2026-06-02 16:00:00,OANDA:XAUUSD,4535.16,4537.28,4533.195,4534.49,2311.0,False,False,True,False,False,False
2026-06-02 16:05:00,OANDA:XAUUSD,4534.53,4539.255,4533.62,4535.555,2237.0,False,False,True,False,False,False
2026-06-02 16:10:00,OANDA:XAUUSD,4535.545,4537.625,4534.315,4534.93,1628.0,False,False,False,False,False,False
2026-06-02 16:15:00,OANDA:XAUUSD,4534.99,4535.49,4531.69,4532.73,2004.0,False,False,False,False,False,True
2026-06-02 16:20:00,OANDA:XAUUSD,4532.71,4534.76,4529.845,4534.225,1786.0,False,False,False,True,False,False
2026-06-02 16:25:00,OANDA:XAUUSD,4534.24,4534.305,4529.835,4531.215,1810.0,False,False,False,True,False,False
2026-06-02 16:30:00,OANDA:XAUUSD,4531.115,4533.535,4530.67,4532.105,2048.0,False,False,False,False,False,False
2026-06-02 16:35:00,OANDA:XAUUSD,4532.165,4532.495,4529.595,4530.405,1865.0,False,False,False,True,False,True
2026-06-02 16:40:00,OANDA:XAUUSD,4530.385,4530.815,4528.345,4528.91,1603.0,False,False,False,True,False,True
2026-06-02 16:45:00,OANDA:XAUUSD,4528.88,4530.275,4527.785,4529.66,1664.0,False,False,False,True,False,False
2026-06-02 16:50:00,OANDA:XAUUSD,4529.655,4529.655,4527.765,4527.91,1564.0,False,False,False,True,False,False
2026-06-02 16:55:00,OANDA:XAUUSD,4527.975,4528.475,4526.095,4526.845,1480.0,False,False,False,True,False,True
2026-06-02 17:00:00,OANDA:XAUUSD,4526.855,4527.88,4525.43,4527.375,1683.0,False,False,False,True,False,False
2026-06-02 17:05:00,OANDA:XAUUSD,4527.435,4530.92,4527.415,4529.1,1545.0,True,False,True,False,True,False
2026-06-02 17:10:00,OANDA:XAUUSD,4529.13,4534.345,4529.13,4534.005,1702.0,True,False,True,False,True,False
2026-06-02 17:15:00,OANDA:XAUUSD,4534.055,4535.76,4532.82,4534.76,2003.0,False,False,True,False,True,False
2026-06-02 17:20:00,OANDA:XAUUSD,4534.77,4534.8,4528.8,4529.305,1416.0,False,True,False,False,False,True
2026-06-02 17:25:00,OANDA:XAUUSD,4529.3,4530.16,4525.34,4526.82,1471.0,False,True,False,True,False,True
2026-06-02 17:30:00,OANDA:XAUUSD,4526.985,4527.43,4522.235,4525.79,3113.0,False,False,False,True,False,False
2026-06-02 17:35:00,OANDA:XAUUSD,4525.78,4526.915,4523.705,4524.71,1711.0,False,False,False,False,False,False
2026-06-02 17:40:00,OANDA:XAUUSD,4524.695,4526.315,4521.715,4525.595,2296.0,False,False,False,True,False,False
2026-06-02 17:45:00,OANDA:XAUUSD,4525.48,4527.39,4525.105,4526.44,1517.0,False,False,False,False,True,False
2026-06-02 17:50:00,OANDA:XAUUSD,4526.465,4526.645,4526.225,4526.635,112.0,False,False,False,False,False,False
